Ordem;MES_COMPETENCIA;MES_REFERENCIA;NOME;CPF;CNPJ;MUNICIPIO;LOCALIDADE;ENDERECO;NUMERO;COMPLEMENTO;CEP;BAIRRO;CALENDARIO_FABRICA;LONGITUDE;LATITUDE;CLASSE_PRINCIPAL;SUBCLASSE;CATEGORIA_TARIFA;DATA_LIGACAO_CC;STATUS_COMERCIAL;CONTA_CONTRATO;INSTALACAO;ETAPA;GRUPO;CLIENTE_LIVRE;FASE;PERIMETRO;MICRO_GERADOR;IRRIGANTE;MOTIVO_BLOQUEIO_CONTRATO;CONTRATO_ATIVO;MEIO_PAGAMENTO;DOCUMENTO_IMPRESSAO;FATURA;CNR;RECEITA_BANDEIRAS;CONSUMO_FATURADO;CONSUMO_MEDIDO;DATA_VENCIMENTO_ORIGINAL;DATA_PAGAMENTO;INICIO_CALCULO;FIM_CALCULO;QUANTIDADE_DIAS;CANCELAMENTO;REFATURAMENTO;DATA_REFATURAMENTO;TARIFA;PRECO;PIS;COFINS;ICMS;RECEITA_CONSUMO_FATURADO;VALOR_FATURA;VLR_ARRECADADO;SITUACAO;VALOR_FATURA_SUB;CIP;CIP_SUB
1;202306;202306;NOME DA PESSOA FISICA;15211215310;;TERESINA;TERESINA;RUA FICTICIA 001;S/N;COMPLEMENTO 001;64000-000;BAIRRO 001;A1;-42,740000000000;-5,050000000000;Residencial;Residencial Pleno;B1_RESID;21/01/2023;LG;000000000001;0000000001;14;B;;MO;U;;0;;1;D;300000000001;0202306000000001;;0,00;170,00000000000000;170,00000000000000;05/08/2023;20230808;23/05/2023;20/06/2023;29;;NAO;;0,74310000;1,00011765;1,43;6,56;35,71;170,02;246,90;246,90;PAGO;;15,16;
2;202306;202306;NOME DA PESSOA FISICA;15211215310;;ALTOS;ALTOS;RUA FICTICIA 002;S/N;COMPLEMENTO 002;64290-000;BAIRRO 002;A1;-42,450000000000;-5,040000000000;Residencial;Residencial Pleno;B1_RESID;22/01/2022;LG;000000000002;0000000002;14;B;;MO;U;;0;;1;B;300000000002;0202306000000002;;0,00;199,00000000000000;199,00000000000000;27/06/2023;20230622;23/05/2023;20/06/2023;29;;NAO;;0,74310000;1,00010050;1,67;7,69;41,79;199,02;228,02;228,02;PAGO;;29,00;
3;202306;202306;NOME DA PESSOA FISICA;15211215310;;TERESINA;TERESINA;RUA FICTICIA 003;4787; ;64000-000;BAIRRO 001;A1;-42,760000000000;-5,060000000000;Residencial;Residencial Pleno;B1_RESID;24/01/2023;LG;000000000003;0000000003;15;B;;MO;U;;0;;1;B;300000000003;0202306000000003;;0,00;72,00000000000000;72,00000000000000;28/06/2023;20230719;24/05/2023;21/06/2023;29;;NAO;;0,74310000;0,99986111;0,60;2,78;15,12;71,99;94,14;94,14;PAGO;;6,42;
4;202306;202306;NOME DA PESSOA FISICA;15211215310;;CAMPO LARGO DO PIAUI;CAMPO LARGO DO PIAUI;RUA FICTICIA 004;S/N; ;64148-000;BAIRRO 003;A1;-42,540000000000;-3,910000000000;Residencial;Resid. Baixa Renda;B1_RESID;27/08/2022;LG;000000000004;0000000004;19;B;;MO;R;;0;;1;B;300000000004;0202306000000004;;0,00;127,00000000000000;127,00000000000000;05/07/2023;20230715;30/05/2023;27/06/2023;29;;NAO;;0,00000000;0,53409449;0,94;4,33;23,56;67,83;87,03;87,03;PAGO;;5,04;
5;202306;202306;NOME DA PESSOA FISICA;15211215310;;PARNAIBA;PARNAIBA;RUA FICTICIA 005;941;COMPLEMENTO 003;64208-000;BAIRRO 003;A1;-41,830000000000;-3,030000000000;Rural;Rural Agropecuária;B2_RUR;23/07/2021;LG;000000000005;0000000005;14;B;;TR;R;;0;;1;B;300000000005;0202306000000005;;0,00;100,00000000000000;78,00000000000000;27/06/2023;20230729;23/05/2023;20/06/2023;29;;NAO;;0,69852000;0,93960000;0,83;3,86;19,73;93,96;110,39;110,39;PAGO;;12,57;
6;202306;202306;NOME DA PESSOA FISICA;15211215310;;JAICOS;JAICOS;RUA FICTICIA 006;S/N; ;64575-000;BAIRRO 004;A1;-41,180000000000;-7,410000000000;Residencial;Resid. Baixa Renda;B1_RESID;13/07/2021;LG;000000000006;0000000006;06;B;;MO;R;;0;;1;B;300000000006;0202306000000006;;0,00;106,00000000000000;106,00000000000000;16/06/2023;20230630;11/05/2023;09/06/2023;30;;NAO;;0,00000000;0,48245283;0,79;3,62;19,67;51,14;68,65;68,65;PAGO;;4,77;
7;202306;202306;NOME DA PESSOA FISICA;15211215310;;TERESINA;TERESINA;RUA FICTICIA 007;9755;COMPLEMENTO 004;64000-000;BAIRRO 005;A1;-42,750000000000;-5,110000000000;Residencial;Residencial Pleno;B1_RESID;12/01/2023;LG;000000000007;0000000007;08;B;;MO;U;;0;;1;B;300000000007;0202306000000007;;0,00;284,00000000000000;284,00000000000000;19/06/2023;20230707;13/05/2023;12/06/2023;31;;NAO;;0,74310000;1,08228873;2,38;10,97;82,99;307,37;339,35;339,35;PAGO;;25,32;
8;202306;202306;;15211215310;;TERESINA;TERESINA;RUA FICTICIA 007;3151;COMPLEMENTO 005;64000-000;BAIRRO 005;A1;-42,760000000000;-5,110000000000;Residencial;Residencial Pleno;B1_RESID;12/01/2023;LG;000000000008;0000000008;08;B;;TR;U;;0;;1;B;300000000008;0202306000000008;;0,00;1018,00000000000000;1018,00000000000000;19/06/2023;20230621;13/05/2023;12/06/2023;31;;NAO;;0,74310000;1,08230845;8,53;39,31;297,48;1101,79;1219,08;1219,08;PAGO;;90,78;
9;202306;202306;NOME DA PESSOA FISICA;15211215310;;TERESINA;TERESINA;RUA FICTICIA 001;S/N;COMPLEMENTO 006;64000-000;BAIRRO 001;A1;-42,740000000000;-5,050000000000;Residencial;Residencial Pleno;B1_RESID;21/01/2023;LG;000000000009;0000000009;14;B;;MO;U;;0;;1;B;300000000009;0202306000000009;;0,00;229,00000000000000;229,00000000000000;27/06/2023;20230629;23/05/2023;20/06/2023;29;;NAO;;0,74310000;1,08222707;1,91;8,84;66,92;247,83;318,92;318,92;PAGO;;20,42;
10;202306;202306;EMPRESA LTDA;;70502257000108;TERESINA;TERESINA;RUA FICTICIA 008;4214;COMPLEMENTO 007;64000-000;BAIRRO 001;A1;-42,800000000000;-5,100000000000;Comercial, Servicos e Outras A;Comerc. Outros Serviços e Atividades;B3_OUTROS;20/04/2023;LG;000000000010;0000000010;13;B;;TR;U;;0;;1;B;300000000010;0202306000000010;;0,00;257,00000000000000;257,00000000000000;26/06/2023;20230620;20/05/2023;19/06/2023;31;;NAO;;0,74310000;1,08221790;2,15;9,93;75,09;278,13;301,05;301,05;PAGO;;22,92;
11;202306;202306;NOME DA PESSOA FISICA;15211215310;;FRANCINOPOLIS;FRANCINOPOLIS;RUA FICTICIA 009;5054;COMPLEMENTO 008;64520-000;BAIRRO 006;A1;-42,250000000000;-6,390000000000;Residencial;Resid. Baixa Renda;B1_RESID;08/07/2021;LG;000000000011;0000000011;03;B;;MO;U;;0;;1;B;300000000011;0202306000000011;;0,00;135,00000000000000;135,00000000000000;13/06/2023;20230726;06/05/2023;05/06/2023;31;;NAO;;0,00000000;0,54962963;1,01;4,61;25,05;74,20;96,45;96,45;PAGO;;6,61;
12;202306;202306;NOME DA PESSOA FISICA;15211215310;;TERESINA;TERESINA;RUA FICTICIA 010;9053;COMPLEMENTO 009;64000-000;BAIRRO 007;A1;-42,760000000000;-5,190000000000;Residencial;Resid. Baixa Renda;B1_RESID;05/01/2023;LG;000000000012;0000000012;02;B;;MO;U;;0;;1;B;300000000012;0202306000000012;;0,00;256,00000000000000;256,00000000000000;20/06/2023;20230628;05/05/2023;03/06/2023;30;;NAO;;0,00000000;0,73382813;1,89;8,73;66,10;187,86;238,15;238,15;PAGO;;15,48;
13;202306;202306;NOME DA PESSOA FISICA;15211215310;;PICOS;PICOS;RUA FICTICIA 011;3699;COMPLEMENTO 010;64600-000;BAIRRO 008;A1;-41,470000000000;-7,090000000000;Residencial;Resid. Baixa Renda;B1_RESID;12/11/2021;LG;000000000013;0000000013;08;B;;MO;U;;0;;1;B;300000000013;0202306000000013;;0,00;55,00000000000000;55,00000000000000;19/06/2023;20230615;13/05/2023;12/06/2023;31;;NAO;;0,00000000;0,40909091;0,41;1,88;10,20;22,50;29,89;29,89;PAGO;;0,00;
14;202306;202306;NOME DA PESSOA FISICA;15211215310;;PICOS;PICOS;RUA FICTICIA 012;1992;COMPLEMENTO 011;64600-000;BAIRRO 009;A1;-41,480000000000;-7,080000000000;Residencial;Residencial Pleno;B1_RESID;09/07/2021;LG;000000000014;0000000014;04;B;;MO;U;;0;;1;B;300000000014;0202306000000014;;0,00;109,00000000000000;109,00000000000000;14/06/2023;20230607;09/05/2023;06/06/2023;29;;NAO;;0,74310000;1,00009174;0,92;4,21;22,89;109,01;124,77;124,77;PAGO;;15,76;
15;202306;202306;NOME DA PESSOA FISICA;15211215310;;TERESINA;TERESINA;RUA FICTICIA 013;S/N;COMPLEMENTO 012;64000-000;BAIRRO 010;A1;-42,810000000000;-5,140000000000;Residencial;Residencial Pleno;B1_RESID;10/01/2023;LG;000000000015;0000000015;05;B;;MO;U;;0;;1;B;300000000015;0202306000000015;;0,00;388,00000000000000;388,00000000000000;20/07/2023;20230710;10/05/2023;07/06/2023;29;;NAO;;0,74310000;1,08229381;3,25;14,98;113,38;419,93;467,03;467,03;PAGO;;34,60;
16;202306;202306;NOME DA PESSOA FISICA;15211215310;;TERESINA;TERESINA;RUA FICTICIA 013;S/N;COMPLEMENTO 013;64000-000;BAIRRO 010;A1;-42,800000000000;-5,140000000000;Residencial;Residencial Pleno;B1_RESID;10/01/2023;LG;000000000016;0000000016;05;B;;MO;U;1;0;;1;B;300000000016;0202306000000016;;0,00;108,00000000000000;247,00000000000000;01/07/2023;20230623;10/05/2023;07/06/2023;29;;NAO;;0,74310000;1,08222222;0,90;4,17;31,56;116,88;138,90;138,90;PAGO;;22,02;
17;202306;202306;NOME DA PESSOA FISICA;15211215310;;TERESINA;TERESINA;RUA FICTICIA 013;6233;COMPLEMENTO 014;64000-000;BAIRRO 010;A1;-42,810000000000;-5,140000000000;Residencial;Residencial Pleno;B1_RESID;10/01/2023;LG;000000000017;0000000017;05;B;;MO;U;;0;;1;B;300000000017;0202306000000017;;0,00;222,00000000000000;222,00000000000000;15/06/2023;20230607;10/05/2023;07/06/2023;29;;NAO;;0,74310000;1,08225225;1,86;8,57;64,87;240,26;260,06;260,06;PAGO;;19,80;
18;202306;202306;NOME DA PESSOA FISICA;15211215310;;TERESINA;TERESINA;RUA FICTICIA 013;837;COMPLEMENTO 015;64000-000;BAIRRO 010;A1;-42,800000000000;-5,140000000000;Residencial;Residencial Pleno;B1_RESID;10/01/2023;LG;000000000018;0000000018;05;B;;MO;U;;0;;1;B;300000000018;0202306000000018;;0,00;142,00000000000000;142,00000000000000;15/06/2023;20230614;10/05/2023;07/06/2023;29;;NAO;;0,74310000;1,00000000;1,19;5,48;29,82;142,00;168,56;168,56;PAGO;;12,66;
19;202306;202306;NOME DA PESSOA FISICA;15211215310;;TERESINA;TERESINA;RUA FICTICIA 013;S/N;COMPLEMENTO 016;64000-000;BAIRRO 010;A1;-42,800000000000;-5,140000000000;Residencial;Residencial Pleno;B1_RESID;11/04/2023;LG;000000000019;0000000019;05;B;;MO;U;;0;;1;B;300000000019;0202306000000019;;0,00;176,00000000000000;176,00000000000000;15/06/2023;20230610;10/05/2023;07/06/2023;29;;NAO;;0,74310000;1,00005682;1,47;6,80;36,96;176,01;191,70;191,70;PAGO;;15,69;
20;202306;202306;NOME DA PESSOA FISICA;15211215310;;TERESINA;TERESINA;RUA FICTICIA 014;2174; ;64000-000;BAIRRO 011;A1;-42,790000000000;-5,140000000000;Residencial;Residencial Pleno;B1_RESID;07/01/2023;LG;000000000020;0000000020;04;B;;MO;U;;0;;1;B;300000000020;0202306000000020;;0,00;389,00000000000000;389,00000000000000;14/06/2023;20230612;09/05/2023;06/06/2023;29;;NAO;;0,74310000;1,08223650;3,25;15,02;113,67;420,99;461,77;461,77;PAGO;;34,69;
21;202306;202306;NOME DA PESSOA FISICA;15211215310;;TERESINA;TERESINA;RUA FICTICIA 015;5692;COMPLEMENTO 017;64000-000;BAIRRO 011;A1;-42,780000000000;-5,140000000000;Residencial;Resid. Baixa Renda;B1_RESID;07/01/2023;LG;000000000021;0000000021;04;B;;MO;U;;0;;1;B;300000000021;0202306000000021;;0,00;374,00000000000000;374,00000000000000;14/06/2023;20230711;09/05/2023;06/06/2023;29;;NAO;;0,00000000;0,80409091;2,76;12,76;96,58;300,73;402,45;402,45;PAGO;;24,78;
22;202306;202306;NOME DA PESSOA FISICA;15211215310;;TERESINA;TERESINA;RUA FICTICIA 016;S/N;COMPLEMENTO 018;64000-000;BAIRRO 012;A1;-42,780000000000;-5,130000000000;Residencial;Residencial Pleno;B1_RESID;07/01/2023;LG;003000000001;0000000022;04;B;;MO;U;;0;;1;C;300000000022;0202306000000022;;0,00;258,00000000000000;258,00000000000000;14/06/2023;20230607;09/05/2023;06/06/2023;29;;NAO;;0,74310000;1,08224806;2,16;9,96;75,39;279,22;302,23;302,23;PAGO;;23,01;
23;202306;202306;EMPRESA LTDA;;70502257000108;TERESINA;TERESINA;RUA FICTICIA 016;S/N;COMPLEMENTO 019;64000-000;BAIRRO 012;A1;-42,780000000000;-5,140000000000;Comercial, Servicos e Outras A;Comerc. Outros Serviços e Atividades;B3_OUTROS;08/03/2023;LG;000000000023;0000000023;04;B;;MO;U;1;0;;1;D;300000000023;0202306000000023;;0,00;486,50859000000000;588,00000000000000;15/07/2023;20230718;09/05/2023;06/06/2023;29;;NAO;;0,74310000;1,08230360;4,08;18,79;142,17;526,55;578,98;578,98;PAGO;;52,43;
24;202306;202306;NOME DA PESSOA FISICA;15211215310;;TERESINA;TERESINA;RUA FICTICIA 016;S/N;COMPLEMENTO 020;64000-000;BAIRRO 012;A1;-42,770000000000;-5,140000000000;Residencial;Residencial Pleno;B1_RESID;07/01/2023;LG;000000000024;0000000024;04;B;;MO;U;;0;;1;B;300000000024;0202306000000024;;0,00;37,00000000000000;37,00000000000000;14/06/2023;20230613;09/05/2023;06/06/2023;29;;NAO;;0,74310000;0,78972973;0,31;1,43;0,00;29,22;32,52;32,52;PAGO;;3,30;
25;202306;202306;NOME DA PESSOA FISICA;15211215310;;TERESINA;TERESINA;RUA FICTICIA 017;9200; ;64000-000;BAIRRO 013;A1;-42,760000000000;-5,200000000000;Residencial;Resid. Baixa Renda;B1_RESID;05/01/2023;LG;000000000025;0000000025;02;B;;MO;U;;0;;1;B;300000000025;0202306000000025;;0,00;88,00000000000000;88,00000000000000;12/06/2023;20230810;05/05/2023;03/06/2023;30;;NAO;;0,00000000;0,45465909;0,66;3,01;16,33;40,01;55,48;55,48;PAGO;;3,57;
26;202306;202306;NOME DA PESSOA FISICA;15211215310;;PIRIPIRI;PIRIPIRI;RUA FICTICIA 018;9123; ;64260-000;BAIRRO 008;A1;-41,770000000000;-4,280000000000;Residencial;Residencial Pleno;B1_RESID;07/07/2021;LG;000000000026;0000000026;02;B;;MO;U;;0;;1;B;300000000026;0202306000000026;;0,00;223,00000000000000;223,00000000000000;20/06/2023;20230613;05/05/2023;03/06/2023;30;;NAO;;0,74310000;1,08224215;1,87;8,61;65,16;241,34;267,85;267,85;PAGO;;26,51;
27;202306;202306;NOME DA PESSOA FISICA;15211215310;;VALENCA DO PIAUI;VALENCA DO PIAUI;RUA FICTICIA 019;738;COMPLEMENTO 021;64300-000;BAIRRO 014;A1;-41,740000000000;-6,400000000000;Comercial, Servicos e Outras A;Comercial;B3_OUTROS;07/07/2021;LG;000000000027;0000000027;02;B;;MO;U;;0;;1;B;300000000027;0202306000000027;;0,00;86,00000000000000;86,00000000000000;12/06/2023;20230725;05/05/2023;03/06/2023;30;;NAO;;0,74310000;1,00000000;0,72;3,32;18,06;86,00;95,41;95,41;PAGO;;7,20;
28;202306;202306;NOME DA PESSOA FISICA;15211215310;;TERESINA;TERESINA;RUA FICTICIA 020;381;COMPLEMENTO 022;64000-000;BAIRRO 011;A1;-42,780000000000;-5,130000000000;Residencial;Residencial Pleno;B1_RESID;07/01/2023;LG;000000000028;0000000028;04;B;;MO;U;1;0;;1;B;300000000028;0202306000000028;;0,00;131,25000000000000;206,00000000000000;21/06/2023;20230620;09/05/2023;06/06/2023;29;;NAO;;0,74310000;1,08213333;1,10;5,07;38,34;142,03;162,24;162,24;PAGO;;18,37;
29;202306;202306;NOME DA PESSOA FISICA;15211215310;;TERESINA;TERESINA;RUA FICTICIA 021;S/N;COMPLEMENTO 023;64000-000;BAIRRO 015;A1;-42,760000000000;-5,090000000000;Residencial;Residencial Pleno;B1_RESID;19/01/2023;LG;000000000029;0000000029;12;B;;MO;U;;0;;1;B;300000000029;0202306000000029;;0,00;330,00000000000000;330,00000000000000;23/06/2023;20230710;19/05/2023;16/06/2023;29;;NAO;;0,74310000;1,08230303;2,77;12,74;96,43;357,16;386,59;386,59;PAGO;;29,43;
30;202306;202306;NOME DA PESSOA FISICA;15211215310;;TERESINA;TERESINA;RUA FICTICIA 021;S/N;COMPLEMENTO 024;64000-000;BAIRRO 015;A1;-42,760000000000;-5,100000000000;Residencial;Residencial Pleno;B1_RESID;19/01/2023;LG;000000000030;0000000030;12;B;;MO;U;;0;;1;B;300000000030;0202306000000030;;0,00;121,00000000000000;121,00000000000000;23/06/2023;20230617;19/05/2023;16/06/2023;29;;NAO;;0,74310000;1,00008264;1,01;4,68;25,41;121,01;131,80;131,80;PAGO;;10,79;
31;202306;202306;NOME DA PESSOA FISICA;15211215310;;TERESINA;TERESINA;RUA FICTICIA 022;5249; ;64000-000;BAIRRO 016;A1;-42,760000000000;-5,060000000000;Residencial;Residencial Pleno;B1_RESID;24/01/2023;LG;000000000031;0000000031;15;B;;MO;U;1;0;;1;B;300000000031;0202306000000031;;0,00;30,00000000000000;153,00000000000000;07/07/2023;20230714;24/05/2023;21/06/2023;29;;NAO;;0,74310000;1,00000000;0,25;1,16;6,30;30,00;43,64;43,64;PAGO;;13,64;
32;202306;202306;NOME DA PESSOA FISICA;15211215310;;PEDRO II;PEDRO II;RUA FICTICIA 023;4235;COMPLEMENTO 025;64255-000;BAIRRO 017;A1;-41,450000000000;-4,420000000000;Residencial;Residencial Pleno;B1_RESID;13/07/2021;LG;000000000032;0000000032;06;B;;MO;U;;0;;1;B;300000000032;0202306000000032;;0,00;134,00000000000000;134,00000000000000;16/06/2023;20230630;11/05/2023;09/06/2023;30;;NAO;;0,74310000;1,00000000;1,13;5,17;28,14;134,00;155,98;155,98;PAGO;;17,92;
33;202306;202306;NOME DA PESSOA FISICA;15211215310;;TERESINA;TERESINA;RUA FICTICIA 024;9030; ;64000-000;BAIRRO 018;A1;-42,810000000000;-5,120000000000;Residencial;Resid. Baixa Renda;B1_RESID;26/01/2023;LG;000000000033;0000000033;17;B;;MO;U;;0;;1;B;300000000033;0202306000000033;;0,00;577,00000000000000;577,00000000000000;30/06/2023;20230803;26/05/2023;23/06/2023;29;;NAO;;0,00000000;0,85767764;4,27;19,69;149,00;494,88;589,19;589,19;PAGO;;40,77;
34;202306;202306;NOME DA PESSOA FISICA;15211215310;;PIO IX;PIO IX;RUA FICTICIA 025;S/N;COMPLEMENTO 026;64660-000;BAIRRO 006;A1;-40,620000000000;-6,840000000000;Residencial;Residencial Pleno;B1_RESID;22/07/2021;LG;000000000034;0000000034;13;B;;TR;U;1;0;;1;B;300000000034;0202306000000034;;0,00;100,00000000000000;586,00000000000000;03/07/2023;20230627;20/05/2023;19/06/2023;31;;NAO;;0,74310000;1,08200000;0,84;3,86;29,21;108,20;195,29;195,29;PAGO;;87,09;
35;202306;202306;NOME DA PESSOA FISICA;15211215310;;CAMPO MAIOR;CAMPO MAIOR;RUA FICTICIA 026;6659;COMPLEMENTO 027;64280-000;BAIRRO 019;A1;-42,180000000000;-4,830000000000;Residencial;Resid. Baixa Renda;B1_RESID;24/12/2021;LG;000000000035;0000000035;15;B;;MO;U;;0;;1;B;300000000035;0202306000000035;;0,00;92,00000000000000;92,00000000000000;10/07/2023;20230724;24/05/2023;21/06/2023;29;;NAO;;0,00000000;0,45793478;0,68;3,14;17,07;42,13;77,33;77,33;PAGO;;23,43;
36;202306;202306;NOME DA PESSOA FISICA;15211215310;;MORRO DO CHAPEU DO PIAUI;MORRO DO CHAPEU DO PIAUI;RUA FICTICIA 027;S/N; ;64178-000;BAIRRO 003;A1;-42,310000000000;-3,700000000000;Residencial;Residencial Pleno;B1_RESID;25/08/2022;LG;000000000036;0000000036;16;B;;MO;R;;0;;1;B;300000000036;0202306000000036;;0,00;173,00000000000000;173,00000000000000;29/06/2023;20230804;25/05/2023;22/06/2023;29;;NAO;;0,74310000;1,00005780;1,45;6,68;36,33;173,01;203,64;203,64;PAGO;;25,71;
37;202306;202306;NOME DA PESSOA FISICA;15211215310;;CALDEIRAO GRANDE DO PIAUI;CALDEIRAO GRANDE DO PIAUI;RUA FICTICIA 028;S/N; ;64695-000;BAIRRO 006;A1;-40,640000000000;-7,330000000000;Residencial;Resid. Baixa Renda;B1_RESID;07/07/2021;LG;000000000037;0000000037;02;B;;MO;U;;0;;1;B;300000000037;0202306000000037;;0,00;81,00000000000000;81,00000000000000;12/06/2023;20230718;05/05/2023;03/06/2023;30;;NAO;;0,00000000;0,44814815;0,61;2,76;15,03;36,30;51,11;51,11;PAGO;;4,05;
38;202306;202306;NOME DA PESSOA FISICA;15211215310;;MASSAPE DO PIAUI;MASSAPE DO PIAUI;RUA FICTICIA 029;S/N; ;64573-000;BAIRRO 004;A1;-41,100000000000;-7,480000000000;Residencial;Residencial Pleno;B1_RESID;02/08/2023;LG;000000000038;0000000038;16;B;;MO;R;;0;;1;B;300000000038;0202306000000038;;0,00;121,00000000000000;121,00000000000000;29/06/2023;20230624;25/05/2023;22/06/2023;29;;NAO;;0,00000000;0,52107438;0,90;4,12;22,45;63,05;81,35;81,35;PAGO;;7,03;
39;202306;202306;NOME DA PESSOA FISICA;15211215310;;TERESINA;TERESINA;RUA FICTICIA 030;5928;COMPLEMENTO 028;64000-000;BAIRRO 020;A1;-42,750000000000;-5,110000000000;Residencial;Residencial Pleno;B1_RESID;13/01/2023;LG;000000000039;0000000039;08;B;;MO;U;;0;;1;B;300000000039;0202306000000039;;0,00;183,00000000000000;183,00000000000000;19/06/2023;20230707;13/05/2023;12/06/2023;31;;NAO;;0,74310000;1,00005464;1,53;7,07;38,43;183,01;205,06;205,06;PAGO;;16,32;
40;202306;202306;NOME DA PESSOA FISICA;15211215310;;LUZILANDIA;LUZILANDIA;RUA FICTICIA 031;S/N; ;64160-000;BAIRRO 021;A1;-42,290000000000;-3,550000000000;Residencial;Resid. Baixa Renda;B1_RESID;26/08/2022;LG;000000000040;0000000040;18;B;;MO;R;;0;;1;B;300000000040;0202306000000040;;0,00;86,00000000000000;86,00000000000000;03/07/2023;20230705;27/05/2023;26/06/2023;31;;NAO;;0,00000000;0,45267442;0,63;2,93;15,96;38,93;53,82;53,82;PAGO;;4,34;
41;202306;202306;NOME DA PESSOA FISICA;15211215310;;TERESINA;TERESINA;RUA FICTICIA 032;8975; ;64000-000;BAIRRO 001;A1;-42,780000000000;-5,160000000000;Residencial;Residencial Pleno;B1_RESID;11/01/2023;LG;000000000041;0000000041;03;B;;MO;U;;0;;1;B;300000000041;0202306000000041;;0,00;160,00000000000000;160,00000000000000;13/06/2023;20230628;06/05/2023;05/06/2023;31;;NAO;;0,74310000;1,00006250;1,34;6,18;33,60;160,01;187,18;187,18;PAGO;;14,27;
42;202306;202306;NOME DA PESSOA FISICA;15211215310;;CURIMATA;CURIMATA;RUA FICTICIA 033;S/N; ;64960-000;BAIRRO 006;A1;-44,300000000000;-10,030000000000;Residencial;Resid. Baixa Renda;B1_RESID;17/07/2021;LG;000000000042;0000000042;10;B;;MO;U;;0;;1;B;300000000042;0202306000000042;;0,00;95,00000000000000;95,00000000000000;21/06/2023;20230702;17/05/2023;14/06/2023;29;;NAO;;0,00000000;0,46021053;0,71;3,24;17,63;43,72;60,43;60,43;PAGO;;4,87;
43;202306;202306;EMPRESA LTDA;;70502257000108;TERESINA;TERESINA;RUA FICTICIA 034;431;COMPLEMENTO 029;64000-000;BAIRRO 022;A1;-42,840000000000;-4,990000000000;Comercial, Servicos e Outras A;Comercial;B3_OUTROS;06/01/2023;LG;000000000043;0000000043;06;B;;TR;U;;0;;1;B;300000000043;0202306000000043;;0,00;364,00000000000000;364,00000000000000;16/06/2023;20230623;11/05/2023;09/06/2023;30;;NAO;;0,74310000;1,08228022;3,05;14,05;106,37;393,95;426,41;426,41;PAGO;;32,46;
44;202306;202306;NOME DA PESSOA FISICA;15211215310;;ELESBAO VELOSO;ELESBAO VELOSO;RUA FICTICIA 035;S/N; ;64325-000;BAIRRO 021;A1;-42,090000000000;-6,210000000000;Residencial;Resid. Baixa Renda BPC;B1_RESID;23/11/2021;LG;000000000044;0000000044;14;B;;MO;R;;0;;1;B;300000000044;0202306000000044;;0,00;106,00000000000000;106,00000000000000;27/06/2023;20230627;23/05/2023;20/06/2023;29;;NAO;;0,00000000;0,48235849;0,79;3,62;19,68;51,13;68,11;68,11;PAGO;;4,56;
45;202306;202306;NOME DA PESSOA FISICA;15211215310;;PARNAIBA;PARNAIBA;RUA FICTICIA 036;6698;COMPLEMENTO 030;64208-000;BAIRRO 023;A1;-41,770000000000;-2,940000000000;Residencial;Resid. Baixa Renda;B1_RESID;24/06/2022;LG;000000000045;0000000045;15;B;;MO;U;;0;;1;B;300000000045;0202306000000045;;0,00;85,00000000000000;85,00000000000000;28/06/2023;20230809;24/05/2023;21/06/2023;29;;NAO;;0,00000000;0,45188235;0,63;2,90;15,78;38,41;55,43;55,43;PAGO;;5,14;
46;202306;202306;NOME DA PESSOA FISICA;15211215310;;CAMPO MAIOR;CAMPO MAIOR;RUA FICTICIA 037;664;COMPLEMENTO 031;64280-000;BAIRRO 006;A1;-42,180000000000;-4,840000000000;Residencial;Residencial Pleno;B1_RESID;13/07/2021;LG;000000000046;0000000046;06;B;;MO;U;;0;;1;B;300000000046;0202306000000046;;0,00;153,00000000000000;153,00000000000000;16/06/2023;20230811;11/05/2023;09/06/2023;30;;NAO;;0,74310000;1,00006536;1,28;5,91;32,13;153,01;187,32;187,32;PAGO;;28,12;
47;202306;202306;NOME DA PESSOA FISICA;15211215310;;BOM JESUS;BOM JESUS;RUA FICTICIA 038;8875;COMPLEMENTO 032;64900-000;BAIRRO 024;A1;-44,360000000000;-9,080000000000;Residencial;Residencial Pleno;B1_RESID;14/07/2021;LG;000000000047;0000000047;07;B;;MO;U;;0;;1;B;300000000047;0202306000000047;;0,00;120,00000000000000;120,00000000000000;16/06/2023;20230717;12/05/2023;10/06/2023;30;;NAO;;0,74310000;1,00008333;1,01;4,63;25,20;120,01;140,27;140,27;PAGO;;16,94;
48;202306;202306;NOME DA PESSOA FISICA;15211215310;;SIMOES;SIMOES;RUA FICTICIA 039;S/N; ;64585-000;BAIRRO 003;A1;-40,730000000000;-7,630000000000;Residencial;Residencial Pleno;B1_RESID;07/07/2021;LG;000000000048;0000000048;02;B;;MO;R;;0;;1;B;300000000048;0202306000000048;;0,00;83,00000000000000;83,00000000000000;12/06/2023;20230706;05/05/2023;03/06/2023;30;;NAO;;0,74310000;0,99987952;0,69;3,20;17,43;82,99;94,53;94,53;PAGO;;6,17;
49;202306;202306;NOME DA PESSOA FISICA;15211215310;;BONFIM DO PIAUI;BONFIM DO PIAUI;RUA FICTICIA 040;S/N;COMPLEMENTO 033;64775-000;BAIRRO 003;A1;-42,960000000000;-9,150000000000;Rural;Rural Residencial Rural;B2_RUR;20/07/2021;LG;000000000049;0000000049;11;B;;MO;R;;0;;1;B;300000000049;0202306000000049;;0,00;57,00000000000000;57,00000000000000;22/06/2023;20230722;18/05/2023;15/06/2023;29;;NAO;;0,69852000;0,93947368;0,48;2,19;11,25;53,55;53,71;53,71;PAGO;;0,00;
50;202306;202306;NOME DA PESSOA FISICA;15211215310;;SAO BRAZ DO PIAUI;SAO BRAZ DO PIAUI;RUA FICTICIA 041;S/N; ;64783-000;BAIRRO 003;A1;-42,970000000000;-9,120000000000;Residencial;Resid. Baixa Renda;B1_RESID;14/07/2021;LG;000000000050;0000000050;07;B;;MO;R;;0;;1;B;300000000050;0202306000000050;;0,00;62,00000000000000;62,00000000000000;16/06/2023;20230722;12/05/2023;10/06/2023;30;;NAO;;0,00000000;0,42290323;0,46;2,11;11,51;26,22;35,51;35,51;PAGO;;1,95;
51;202306;202306;NOME DA PESSOA FISICA;15211215310;;PARNAIBA;PARNAIBA;RUA FICTICIA 042;6233;COMPLEMENTO 034;64208-000;BAIRRO 025;A1;-41,700000000000;-2,890000000000;Residencial;Residencial Pleno;B1_RESID;25/08/2022;LG;003000000002;0000000051;17;B;;MO;U;;0;;1;B;300000000051;0202306000000051;;0,00;271,00000000000000;271,00000000000000;30/06/2023;20230706;26/05/2023;23/06/2023;29;;NAO;;0,74310000;1,08225092;2,27;10,47;79,18;293,29;329,54;329,54;PAGO;;36,25;
52;202306;202306;NOME DA PESSOA FISICA;15211215310;;FLORIANO;FLORIANO;RUA FICTICIA 043;9366;COMPLEMENTO 035;64800-000;BAIRRO 008;A1;-43,030000000000;-6,770000000000;Residencial;Residencial Pleno;B1_RESID;07/07/2021;LG;003000000003;0000000052;02;B;;MO;U;;0;;1;B;300000000052;0202306000000052;;0,00;195,00000000000000;195,00000000000000;12/06/2023;20230603;05/05/2023;03/06/2023;30;;NAO;;0,74310000;1,00015385;1,64;7,53;40,96;195,03;7,28;205,14;ANALISAR;;17,39;
53;202306;202306;NOME DA PESSOA FISICA;15211215310;;TERESINA;TERESINA;RUA FICTICIA 044;2988;COMPLEMENTO 036;64000-000;BAIRRO 001;A1;-42,790000000000;-5,130000000000;Residencial;Residencial Pleno;B1_RESID;07/01/2023;LG;000000000053;0000000053;04;B;;MO;U;;0;;1;B;300000000053;0202306000000053;;0,00;323,00000000000000;323,00000000000000;14/06/2023;20230606;09/05/2023;06/06/2023;29;;NAO;;0,74310000;1,08229102;2,71;12,47;94,39;349,58;378,38;378,38;PAGO;;28,80;
54;202306;202306;NOME DA PESSOA FISICA;15211215310;;TERESINA;TERESINA;RUA FICTICIA 045;8131; ;64000-000;BAIRRO 011;A1;-42,790000000000;-5,130000000000;Residencial;Residencial Pleno;B1_RESID;07/01/2023;LG;000000000054;0000000054;04;B;;MO;U;;0;;1;B;300000000054;0202306000000054;;0,00;294,00000000000000;294,00000000000000;14/06/2023;20230606;09/05/2023;06/06/2023;29;;NAO;;0,74310000;1,08227891;2,46;11,36;85,91;318,19;344,41;344,41;PAGO;;26,22;
55;202306;202306;NOME DA PESSOA FISICA;15211215310;;TERESINA;TERESINA;RUA FICTICIA 044;S/N;COMPLEMENTO 037;64000-000;BAIRRO 026;A1;-42,790000000000;-5,130000000000;Residencial;Residencial Pleno;B1_RESID;07/01/2023;LG;000000000055;0000000055;04;B;;MO;U;;0;;1;B;300000000055;0202306000000055;;0,00;97,00000000000000;97,00000000000000;14/06/2023;20230606;09/05/2023;06/06/2023;29;;NAO;;0,74310000;1,00000000;0,81;3,75;20,37;97,00;105,65;105,65;PAGO;;8,65;
56;202306;202306;EMPRESA LTDA;;70502257000108;TERESINA;TERESINA;RUA FICTICIA 046;7045;COMPLEMENTO 038;64000-000;BAIRRO 001;A1;-42,740000000000;-5,030000000000;Comercial, Servicos e Outras A;Comercial;B3_OUTROS;21/01/2023;LG;000000000056;0000000056;14;B;;TR;U;;0;;1;B;300000000056;0202306000000056;;0,00;100,00000000000000;71,00000000000000;27/06/2023;20230627;23/05/2023;20/06/2023;29;;NAO;;0,74310000;1,00010000;0,84;3,86;21,00;100,01;108,93;108,93;PAGO;;8,92;
57;202306;202306;NOME DA PESSOA FISICA;15211215310;;COCAL;COCAL;RUA FICTICIA 047;7086;COMPLEMENTO 039;64235-000;BAIRRO 027;A1;-41,540000000000;-3,470000000000;Residencial;Residencial Pleno;B1_RESID;13/01/2022;LG;000000000057;0000000057;07;B;;MO;U;;0;;1;B;300000000057;0202306000000057;;0,00;30,00000000000000;10,00000000000000;16/06/2023;20230620;12/05/2023;10/06/2023;30;;NAO;;0,74310000;0,79000000;0,25;1,16;0,00;23,70;28,60;28,60;PAGO;;4,90;
58;202306;202306;NOME DA PESSOA FISICA;15211215310;;PIRIPIRI;PIRIPIRI;RUA FICTICIA 048;4167;COMPLEMENTO 040;64260-000;BAIRRO 008;A1;-41,770000000000;-4,250000000000;Residencial;Residencial Pleno;B1_RESID;21/07/2021;LG;000000000058;0000000058;12;B;;MO;U;;0;;1;B;300000000058;0202306000000058;;0,00;258,00000000000000;258,00000000000000;23/06/2023;20230711;19/05/2023;16/06/2023;29;;NAO;;0,74310000;1,08224806;2,16;9,96;75,39;279,22;314,48;314,48;PAGO;;30,67;
59;202306;202306;NOME DA PESSOA FISICA;15211215310;;TERESINA;TERESINA;RUA FICTICIA 049;S/N;COMPLEMENTO 041;64000-000;BAIRRO 001;A1;-42,830000000000;-4,990000000000;Residencial;Resid. Baixa Renda;B1_RESID;12/04/2023;LG;000000000059;0000000059;06;B;;MO;U;;0;;1;B;300000000059;0202306000000059;;0,00;268,00000000000000;268,00000000000000;04/07/2023;20230721;11/05/2023;09/06/2023;30;;NAO;;0,00000000;0,74384328;1,98;9,14;69,21;199,35;345,31;345,31;PAGO;;16,42;
60;202306;202306;NOME DA PESSOA FISICA;15211215310;;SAO FRANCISCO DE ASSIS;SAO FRANCISCO DE ASSIS;RUA FICTICIA 050;S/N; ;64745-000;BAIRRO 003;A1;-41,440000000000;-8,240000000000;Residencial;Resid. Baixa Renda;B1_RESID;15/04/2022;LG;000000000060;0000000060;10;B;;MO;R;;0;;1;B;300000000060;0202306000000060;;0,00;133,00000000000000;133,00000000000000;21/06/2023;20230629;17/05/2023;14/06/2023;29;;NAO;;0,00000000;0,54578947;0,99;4,53;24,68;72,59;93,19;93,19;PAGO;;6,47;
61;202306;202306;NOME DA PESSOA FISICA;15211215310;;FLORIANO;FLORIANO;RUA FICTICIA 051;6323;COMPLEMENTO 008;64800-000;BAIRRO 008;A1;-43,020000000000;-6,770000000000;Comercial, Servicos e Outras A;Comerc. Outros Serviços e Atividades;B3_OUTROS;17/07/2021;LG;000000000061;0000000061;10;B;;TR;U;;0;;1;C;300000000061;0202306000000061;;0,00;1586,00000000000000;1586,00000000000000;29/06/2023;20230628;17/05/2023;14/06/2023;29;;NAO;;0,74310000;1,08230139;13,28;61,24;463,46;1716,53;1857,96;1857,96;PAGO;;141,43;
62;202306;202306;NOME DA PESSOA FISICA;15211215310;;FLORIANO;FLORIANO;RUA FICTICIA 052;2922;COMPLEMENTO 008;64800-000;BAIRRO 008;A1;-43,040000000000;-6,770000000000;Residencial;Residencial Pleno;B1_RESID;14/07/2021;LG;003000000004;0000000062;07;B;;MO;U;1;0;;1;B;300000000062;0202306000000062;;0,00;30,00000000000000;273,00000000000000;26/06/2023;20230627;12/05/2023;10/06/2023;30;;NAO;;0,74310000;1,08100000;0,25;1,16;8,75;32,43;56,77;56,77;PAGO;;24,34;
63;202306;202306;NOME DA PESSOA FISICA;15211215310;;FLORIANO;FLORIANO;RUA FICTICIA 053;2891;COMPLEMENTO 025;64800-000;BAIRRO 028;A1;-43,020000000000;-6,780000000000;Residencial;Resid. Baixa Renda;B1_RESID;15/07/2021;LG;000000000063;0000000063;08;B;;MO;U;;0;;1;B;300000000063;0202306000000063;;0,00;205,00000000000000;205,00000000000000;19/06/2023;20230615;13/05/2023;12/06/2023;31;;NAO;;0,00000000;0,68546341;1,51;6,99;52,93;140,52;169,50;169,50;PAGO;;11,58;
64;202306;202306;NOME DA PESSOA FISICA;15211215310;;FLORIANO;FLORIANO;RUA FICTICIA 054;6874;COMPLEMENTO 010;64800-000;BAIRRO 008;A1;-43,020000000000;-6,770000000000;Residencial;Residencial Pleno;B1_RESID;15/07/2021;LG;000000000064;0000000064;08;B;;MO;U;;0;;1;B;300000000064;0202306000000064;;0,00;166,00000000000000;166,00000000000000;19/06/2023;20230706;13/05/2023;12/06/2023;31;;NAO;;0,74310000;1,00012048;1,39;6,41;34,87;166,02;185,65;185,65;PAGO;;14,80;
65;202306;202306;NOME DA PESSOA FISICA;15211215310;;TERESINA;TERESINA;RUA FICTICIA 055;573;COMPLEMENTO 042;64000-000;BAIRRO 001;A1;-42,760000000000;-5,050000000000;Residencial;Residencial Pleno;B1_RESID;24/01/2023;LG;000000000065;0000000065;15;B;;MO;U;;0;;1;B;300000000065;0202306000000065;;0,00;117,00000000000000;117,00000000000000;28/06/2023;20230629;24/05/2023;21/06/2023;29;;NAO;;0,74310000;0,99991453;0,98;4,51;24,57;116,99;146,28;146,28;PAGO;;10,43;
66;202306;202306;NOME DA PESSOA FISICA;15211215310;;TERESINA;TERESINA;RUA FICTICIA 056;8296;COMPLEMENTO 043;64000-000;BAIRRO 029;A1;-42,770000000000;-5,060000000000;Residencial;Residencial Pleno;B1_RESID;28/01/2023;LG;000000000066;0000000066;19;B;;TR;U;1;0;;1;B;300000000066;0202306000000066;;0,00;100,00000000000000;725,00000000000000;05/07/2023;20230705;30/05/2023;27/06/2023;29;;NAO;;0,74310000;1,08240000;0,84;3,86;29,23;108,24;172,89;172,89;PAGO;;64,65;
67;202306;202306;NOME DA PESSOA FISICA;15211215310;;TERESINA;TERESINA;RUA FICTICIA 057;9411;COMPLEMENTO 044;64000-000;BAIRRO 030;A1;-42,760000000000;-5,050000000000;Residencial;Resid. Baixa Renda BPC;B1_RESID;28/01/2023;LG;000000000067;0000000067;15;B;;MO;U;;0;;1;B;300000000067;0202306000000067;;0,00;104,00000000000000;104,00000000000000;10/07/2023;20230707;24/05/2023;21/06/2023;29;;NAO;;0,00000000;0,47644231;0,77;3,56;19,31;49,55;64,86;64,86;PAGO;;4,42;
68;202306;202306;NOME DA PESSOA FISICA;15211215310;;AGUA BRANCA;AGUA BRANCA;RUA FICTICIA 051;261;COMPLEMENTO 025;64460-000;BAIRRO 031;A1;-42,640000000000;-5,900000000000;Residencial;Resid. Baixa Renda;B1_RESID;22/07/2021;LG;000000000068;0000000068;13;B;;MO;U;;0;;1;B;300000000068;0202306000000068;;0,00;104,00000000000000;104,00000000000000;26/06/2023;20230721;20/05/2023;19/06/2023;31;;NAO;;0,00000000;0,47644231;0,77;3,56;19,31;49,55;72,22;72,22;PAGO;;9,99;
69;202306;202306;NOME DA PESSOA FISICA;15211215310;;MIGUEL ALVES;MIGUEL ALVES;RUA FICTICIA 058;9637; ;64130-000;BAIRRO 032;A1;-42,890000000000;-4,160000000000;Residencial;Resid. Baixa Renda;B1_RESID;17/03/2023;LG;000000000069;0000000069;11;B;;MO;U;;0;;1;B;300000000069;0202306000000069;;0,00;219,00000000000000;219,00000000000000;22/06/2023;20230703;18/05/2023;15/06/2023;29;;NAO;;0,00000000;0,69671233;1,62;7,47;56,55;152,58;193,68;193,68;PAGO;;18,86;
70;202306;202306;NOME DA PESSOA FISICA;15211215310;;TERESINA;TERESINA;RUA FICTICIA 059;6309;COMPLEMENTO 045;64000-000;BAIRRO 001;A1;-42,790000000000;-5,020000000000;Residencial;Resid. Baixa Renda;B1_RESID;17/01/2023;LG;000000000070;0000000070;10;B;;MO;U;;0;;1;B;300000000070;0202306000000070;;0,00;213,00000000000000;213,00000000000000;21/06/2023;20230807;17/05/2023;14/06/2023;29;;NAO;;0,00000000;0,69215962;1,58;7,27;55,00;147,43;182,93;182,93;PAGO;;12,15;
71;202306;202306;NOME DA PESSOA FISICA;15211215310;;BARRO DURO;BARRO DURO;RUA FICTICIA 060;5438; ;64455-000;BAIRRO 008;A1;-42,510000000000;-5,820000000000;Residencial;Residencial Pleno;B1_RESID;02/08/2023;LG;000000000071;0000000071;08;B;;MO;U;;0;;1;B;300000000071;0202306000000071;;0,00;75,00000000000000;75,00000000000000;19/06/2023;20230707;13/05/2023;12/06/2023;31;;NAO;;0,00000000;0,44146667;0,56;2,55;13,92;33,11;46,66;46,66;PAGO;;3,69;
72;202306;202306;NOME DA PESSOA FISICA;15211215310;;PARNAIBA;PARNAIBA;RUA FICTICIA 061;9780;COMPLEMENTO 046;64208-000;BAIRRO 033;A1;-41,750000000000;-2,920000000000;Residencial;Resid. Baixa Renda;B1_RESID;17/07/2021;LG;000000000072;0000000072;10;B;;MO;U;;0;;1;B;300000000072;0202306000000072;;0,00;159,00000000000000;159,00000000000000;21/06/2023;20230802;17/05/2023;14/06/2023;29;;NAO;;0,00000000;0,58672956;1,18;5,43;29,51;93,29;121,53;121,53;PAGO;;12,48;
73;202306;202306;NOME DA PESSOA FISICA;15211215310;;URUCUI;URUCUI;RUA FICTICIA 062;8139;COMPLEMENTO 025;64860-000;BAIRRO 008;A1;-44,560000000000;-7,240000000000;Residencial;Resid. Baixa Renda;B1_RESID;09/07/2021;LG;000000000073;0000000073;04;B;;MO;U;;0;;1;B;300000000073;0202306000000073;;0,00;64,00000000000000;64,00000000000000;15/06/2023;20230612;09/05/2023;06/06/2023;29;;NAO;;0,00000000;0,42625000;0,48;2,18;11,88;27,28;51,74;51,74;PAGO;;3,03;
74;202306;202306;NOME DA PESSOA FISICA;15211215310;;LAGOA DE SAO FRANCISCO;LAGOA DE SAO FRANCISCO;RUA FICTICIA 063;2192; ;64258-000;BAIRRO 006;A1;-41,600000000000;-4,390000000000;Residencial;Resid. Baixa Renda;B1_RESID;13/07/2021;LG;000000000074;0000000074;06;B;;MO;U;;0;;1;B;300000000074;0202306000000074;;0,00;47,00000000000000;47,00000000000000;16/06/2023;20230624;11/05/2023;09/06/2023;30;;NAO;;0,00000000;0,30702128;0,34;1,61;0,00;14,43;29,48;29,48;PAGO;;2,71;
75;202306;202306;EMPRESA LTDA;;70502257000108;LUIS CORREIA;LUIS CORREIA;RUA FICTICIA 064;5801;COMPLEMENTO 047;64220-000;BAIRRO 034;A1;-41,670000000000;-2,880000000000;Industrial;Industrial;B3_OUTROS;07/07/2021;LG;000000000075;0000000075;02;B;;TR;U;;0;;1;B;300000000075;0202306000000075;;0,00;467,00000000000000;467,00000000000000;12/06/2023;20230731;05/05/2023;03/06/2023;30;;NAO;;0,74310000;1,08224839;3,91;18,03;136,46;505,41;615,01;615,01;PAGO;;86,75;
76;202306;202306;NOME DA PESSOA FISICA;15211215310;;REGENERACAO;REGENERACAO;RUA FICTICIA 065;8645;COMPLEMENTO 048;64490-000;BAIRRO 012;A1;-42,680000000000;-6,240000000000;Residencial;Resid. Baixa Renda;B1_RESID;28/06/2023;LG;000000000076;0000000076;03;B;;MO;U;;0;;1;B;300000000076;0202306000000076;;0,00;45,00000000000000;45,00000000000000;13/06/2023;20230607;06/05/2023;05/06/2023;31;;NAO;;0,74310000;0,79000000;0,38;1,74;0,00;35,55;38,89;38,89;PAGO;;3,34;
77;202306;202306;NOME DA PESSOA FISICA;15211215310;;BURITI DOS LOPES;BURITI DOS LOPES;RUA FICTICIA 066;2657;COMPLEMENTO 049;64230-000;BAIRRO 006;A1;-41,870000000000;-3,180000000000;Residencial;Resid. Baixa Renda;B1_RESID;21/07/2021;LG;000000000077;0000000077;12;B;;MO;U;;0;;1;B;300000000077;0202306000000077;;0,00;30,00000000000000;0,00000000000000;23/06/2023;20230729;19/05/2023;16/06/2023;29;;NAO;;0,00000000;0,24400000;0,22;1,03;0,00;7,32;18,04;18,04;PAGO;;0,00;
78;202306;202306;NOME DA PESSOA FISICA;15211215310;;PAQUETA;PAQUETA;RUA FICTICIA 067;2216; ;64618-000;BAIRRO 008;A1;-41,700000000000;-7,100000000000;Residencial;Residencial Pleno;B1_RESID;21/04/2022;LG;000000000078;0000000078;14;B;;MO;U;;0;;1;B;300000000078;0202306000000078;;0,00;82,00000000000000;82,00000000000000;27/06/2023;20230705;23/05/2023;20/06/2023;29;;NAO;;0,74310000;0,99987805;0,69;3,16;17,22;81,99;94,99;94,99;PAGO;;13,00;
79;202306;202306;NOME DA PESSOA FISICA;15211215310;;PARNAIBA;PARNAIBA;RUA FICTICIA 068;713;COMPLEMENTO 050;64208-000;BAIRRO 035;A1;-41,790000000000;-2,890000000000;Residencial;Resid. Baixa Renda;B1_RESID;05/04/2022;LG;000000000079;0000000079;01;B;;MO;U;;0;;1;B;300000000079;0202306000000079;;0,00;49,00000000000000;49,00000000000000;12/06/2023;20230718;04/05/2023;02/06/2023;30;;NAO;;0,00000000;0,31122449;0,36;1,67;0,00;15,25;19,57;19,57;PAGO;;2,58;
80;202306;202306;NOME DA PESSOA FISICA;15211215310;;SAO GONCALO DO GURGUEIA;SAO GONCALO DO GURGUEIA;RUA FICTICIA 069;S/N; ;64993-000;BAIRRO 006;A1;-45,300000000000;-10,030000000000;Residencial;Residencial Pleno;B1_RESID;20/07/2021;LG;000000000080;0000000080;11;B;;MO;U;;0;;1;B;300000000080;0202306000000080;;0,00;92,00000000000000;92,00000000000000;22/06/2023;20230615;18/05/2023;15/06/2023;29;;NAO;;0,74310000;0,99978261;0,77;3,55;19,31;91,98;112,01;112,01;PAGO;;6,52;
81;202306;202306;NOME DA PESSOA FISICA;15211215310;;COLONIA DO GURGUEIA;COLONIA DO GURGUEIA;RUA FICTICIA 070;S/N; ;64885-000;BAIRRO 021;A1;-43,780000000000;-8,090000000000;Residencial;Residencial Pleno;B1_RESID;20/07/2021;LG;000000000081;0000000081;11;B;;MO;R;;0;;1;B;300000000081;0202306000000081;;0,00;151,00000000000000;151,00000000000000;22/06/2023;20230628;18/05/2023;15/06/2023;29;;NAO;;0,74310000;1,00000000;1,26;5,83;31,71;151,00;170,84;170,84;PAGO;;16,83;
82;202306;202306;NOME DA PESSOA FISICA;15211215310;;TERESINA;TERESINA;RUA FICTICIA 071;6189;COMPLEMENTO 051;64000-000;BAIRRO 035;A1;-42,750000000000;-5,080000000000;Residencial;Residencial Pleno;B1_RESID;24/01/2023;LG;000000000082;0000000082;12;B;;TR;U;;0;;1;B;300000000082;0202306000000082;;0,00;307,00000000000000;307,00000000000000;23/06/2023;20230626;19/05/2023;16/06/2023;29;;NAO;;0,74310000;1,08221498;2,57;11,85;89,70;332,24;385,41;385,41;PAGO;;27,37;
83;202306;202306;NOME DA PESSOA FISICA;15211215310;;TERESINA;TERESINA;RUA FICTICIA 072;9146;COMPLEMENTO 052;64000-000;BAIRRO 036;A1;-42,780000000000;-5,070000000000;Residencial;Residencial Pleno;B1_RESID;27/01/2023;LG;000000000083;0000000083;18;B;;TR;U;;0;;1;B;300000000083;0202306000000083;;0,00;100,00000000000000;0,00000000000000;12/07/2023;20230728;27/05/2023;26/06/2023;31;;NAO;;0,74310000;1,00010000;0,84;3,86;21,00;100,01;112,66;112,66;PAGO;;8,92;
84;202306;202306;NOME DA PESSOA FISICA;15211215310;;TERESINA;TERESINA;RUA FICTICIA 073;S/N;COMPLEMENTO 053;64000-000;BAIRRO 037;A1;-42,750000000000;-5,190000000000;Residencial;Resid. Baixa Renda;B1_RESID;04/01/2023;LG;000000000084;0000000084;01;B;;MO;U;;0;;1;B;300000000084;0202306000000084;;0,00;152,00000000000000;152,00000000000000;12/06/2023;20230606;04/05/2023;02/06/2023;30;;NAO;;0,00000000;0,57703947;1,13;5,18;28,21;87,71;118,41;118,41;PAGO;;7,82;
85;202306;202306;NOME DA PESSOA FISICA;15211215310;;CAPITAO DE CAMPOS;CAPITAO DE CAMPOS;RUA FICTICIA 074;S/N; ;64270-000;BAIRRO 008;A1;-41,940000000000;-4,460000000000;Comercial, Servicos e Outras A;Comercial;B3_OUTROS;14/07/2021;LG;000000000085;0000000085;07;B;;MO;U;;0;;1;C;300000000085;0202306000000085;;0,00;34,00000000000000;34,00000000000000;16/06/2023;20230613;12/05/2023;10/06/2023;30;;NAO;;0,74310000;0,99970588;0,29;1,31;7,14;33,99;40,30;40,30;PAGO;;6,31;
86;202306;202306;NOME DA PESSOA FISICA;15211215310;;TERESINA;TERESINA;RUA FICTICIA 075;1019;COMPLEMENTO 054;64000-000;BAIRRO 001;A1;-42,740000000000;-5,110000000000;Residencial;Resid. Baixa Renda;B1_RESID;13/01/2023;LG;000000000086;0000000086;07;B;;MO;U;;0;;1;B;300000000086;0202306000000086;;0,00;232,00000000000000;232,00000000000000;16/06/2023;20230726;12/05/2023;10/06/2023;30;;NAO;;0,00000000;0,71081897;1,71;7,91;59,91;164,91;211,07;211,07;PAGO;;13,59;
87;202306;202306;NOME DA PESSOA FISICA;15211215310;;TERESINA;TERESINA;RUA FICTICIA 076;4152; ;64000-000;BAIRRO 038;A1;-42,810000000000;-5,080000000000;Residencial;Residencial Pleno;B1_RESID;25/01/2023;LG;000000000087;0000000087;16;B;;MO;U;;0;;1;B;300000000087;0202306000000087;;0,00;154,00000000000000;154,00000000000000;29/06/2023;20230720;25/05/2023;22/06/2023;29;;NAO;;0,74310000;1,00000000;1,29;5,94;32,34;154,00;167,73;167,73;PAGO;;13,73;
88;202306;202306;NOME DA PESSOA FISICA;15211215310;;TERESINA;TERESINA;RUA FICTICIA 077;7752; ;64000-000;BAIRRO 001;A1;-42,810000000000;-5,070000000000;Residencial;Residencial Pleno;B1_RESID;25/01/2023;LG;000000000088;0000000088;16;B;;TR;U;;0;;1;B;300000000088;0202306000000088;;0,00;265,00000000000000;265,00000000000000;29/06/2023;20230629;25/05/2023;22/06/2023;29;;NAO;;0,74310000;1,08226415;2,21;10,23;77,44;286,80;317,04;317,04;PAGO;;23,63;
89;202306;202306;NOME DA PESSOA FISICA;15211215310;;TERESINA;TERESINA;RUA FICTICIA 078;S/N;COMPLEMENTO 055;64000-000;BAIRRO 039;A1;-42,810000000000;-5,070000000000;Residencial;Residencial Pleno;B1_RESID;25/01/2023;LG;000000000089;0000000089;16;B;;MO;U;;0;;1;B;300000000089;0202306000000089;;0,00;38,00000000000000;38,00000000000000;25/07/2023;20230712;25/05/2023;22/06/2023;29;;NAO;;0,74310000;0,79000000;0,32;1,47;0,00;30,02;33,41;33,41;PAGO;;3,39;
90;202306;202306;NOME DA PESSOA FISICA;15211215310;;TERESINA;TERESINA;RUA FICTICIA 077;3144; ;64000-000;BAIRRO 001;A1;-42,810000000000;-5,080000000000;Residencial;Residencial Pleno;B1_RESID;25/01/2023;LG;000000000090;0000000090;16;B;;TR;U;;0;;1;D;300000000090;0202306000000090;;0,00;1003,00000000000000;1003,00000000000000;29/06/2023;20230630;25/05/2023;22/06/2023;29;;NAO;;0,74310000;1,08229312;8,39;38,73;293,10;1085,54;1174,98;1174,98;PAGO;;89,44;
91;202306;202306;NOME DA PESSOA FISICA;15211215310;;TERESINA;TERESINA;RUA FICTICIA 079;3069;COMPLEMENTO 056;64000-000;BAIRRO 040;A1;-42,800000000000;-5,090000000000;Residencial;Residencial Pleno;B1_RESID;26/01/2023;LG;000000000091;0000000091;16;B;;TR;U;;0;;1;B;300000000091;0202306000000091;;0,00;714,00000000000000;714,00000000000000;05/07/2023;20230629;25/05/2023;22/06/2023;29;;NAO;;0,74310000;1,08226891;5,97;27,57;208,64;772,74;836,41;836,41;PAGO;;63,67;
92;202306;202306;EMPRESA LTDA;;70502257000108;LANDRI SALES;LANDRI SALES;RUA FICTICIA 080;S/N;COMPLEMENTO 057;64850-000;BAIRRO 003;A1;-43,960000000000;-7,290000000000;Comercial, Servicos e Outras A;Comercial;B3_OUTROS;26/08/2022;LG;000000000092;0000000092;18;B;;TR;R;;0;;1;B;300000000092;0202306000000092;;0,00;691,00000000000000;691,00000000000000;03/07/2023;20230802;27/05/2023;26/06/2023;31;;NAO;;0,74310000;1,08230101;5,79;26,68;201,93;747,87;834,00;834,00;PAGO;;66,88;
93;202306;202306;NOME DA PESSOA FISICA;15211215310;;COCAL;COCAL;RUA FICTICIA 081;S/N; ;64235-000;BAIRRO 003;A1;-41,630000000000;-3,450000000000;Residencial;Residencial Pleno;B1_RESID;27/07/2021;LG;003000000005;0000000093;16;B;;MO;R;;0;;1;B;300000000093;0202306000000093;;0,00;57,00000000000000;57,00000000000000;05/07/2023;20230627;25/05/2023;22/06/2023;29;;NAO;;0,74310000;0,99982456;0,48;2,20;11,97;56,99;66,30;66,30;PAGO;;9,31;
94;202306;202306;NOME DA PESSOA FISICA;15211215310;;SOCORRO DO PIAUI;SOCORRO DO PIAUI;RUA FICTICIA 082;S/N; ;64720-000;BAIRRO 003;A1;-42,440000000000;-7,830000000000;Rural;Rural Residencial Rural;B2_RUR;09/07/2021;LG;000000000094;0000000094;04;B;;MO;R;;0;;1;B;300000000094;0202306000000094;;0,00;65,00000000000000;65,00000000000000;14/06/2023;20230703;09/05/2023;06/06/2023;29;;NAO;;0,69852000;0,93984615;0,54;2,51;12,83;61,09;66,51;66,51;PAGO;;3,63;
95;202306;202306;NOME DA PESSOA FISICA;15211215310;;TERESINA;TERESINA;RUA FICTICIA 083;8386;COMPLEMENTO 058;64000-000;BAIRRO 041;A1;-42,820000000000;-5,000000000000;Residencial;Residencial Pleno;B1_RESID;05/01/2023;LG;000000000095;0000000095;06;B;;MO;U;1;0;;1;B;300000000095;0202306000000095;;0,00;73,00000000000000;845,00000000000000;27/06/2023;20230730;11/05/2023;09/06/2023;30;;NAO;;0,74310000;1,08205479;0,61;2,81;21,33;78,99;157,15;157,15;PAGO;;75,35;
96;202306;202306;NOME DA PESSOA FISICA;15211215310;;TERESINA;TERESINA;RUA FICTICIA 084;S/N;COMPLEMENTO 059;64000-000;BAIRRO 042;A1;-42,740000000000;-5,100000000000;Residencial;Residencial Pleno;B1_RESID;13/01/2023;LG;000000000096;0000000096;07;B;;MO;U;1;0;;1;B;300000000096;0202306000000096;;0,00;421,00000000000000;688,00000000000000;26/06/2023;20230627;12/05/2023;10/06/2023;30;;NAO;;0,74310000;1,08223278;3,52;16,26;123,02;455,62;516,97;516,97;PAGO;;61,35;
97;202306;202306;NOME DA PESSOA FISICA;15211215310;;TERESINA;TERESINA;RUA FICTICIA 084;S/N;COMPLEMENTO 060;64000-000;BAIRRO 042;A1;-42,740000000000;-5,110000000000;Residencial;Resid. Baixa Renda BPC;B1_RESID;13/01/2023;LG;000000000097;0000000097;07;B;;MO;U;;0;;1;B;300000000097;0202306000000097;;0,00;221,00000000000000;221,00000000000000;25/07/2023;20230804;12/05/2023;10/06/2023;30;;NAO;;0,00000000;0,69855204;1,63;7,54;57,06;154,38;188,83;188,83;PAGO;;12,72;
98;202306;202306;NOME DA PESSOA FISICA;15211215310;;TERESINA;TERESINA;RUA FICTICIA 084;9755;COMPLEMENTO 061;64000-000;BAIRRO 042;A1;-42,740000000000;-5,110000000000;Residencial;Resid. Baixa Renda;B1_RESID;13/01/2023;LG;000000000098;0000000098;07;B;;MO;U;;0;;1;B;300000000098;0202306000000098;;0,00;251,00000000000000;251,00000000000000;16/06/2023;20230718;12/05/2023;10/06/2023;30;;NAO;;0,00000000;0,72944223;1,86;8,56;64,81;183,09;228,00;228,00;PAGO;;15,09;
99;202306;202306;NOME DA PESSOA FISICA;15211215310;;TERESINA;TERESINA;RUA FICTICIA 085;S/N;COMPLEMENTO 062;64000-000;BAIRRO 020;A1;-42,750000000000;-5,110000000000;Residencial;Residencial Pleno;B1_RESID;31/05/2023;LG;000000000099;0000000099;08;B;;MO;U;;0;;1;B;300000000099;0202306000000099;;0,00;165,00000000000000;165,00000000000000;19/06/2023;20230629;13/05/2023;12/06/2023;31;;NAO;;0,74310000;1,00018182;1,38;6,38;34,66;165,03;181,94;181,94;PAGO;;14,71;
100;202306;202306;NOME DA PESSOA FISICA;15211215310;;TERESINA;TERESINA;RUA FICTICIA 007;8265;COMPLEMENTO 063;64000-000;BAIRRO 005;A1;-42,760000000000;-5,110000000000;Residencial;Resid. Baixa Renda BPC;B1_RESID;14/04/2023;LG;000000000100;0000000100;08;B;;MO;U;;0;;1;B;300000000100;0202306000000100;;0,00;111,00000000000000;111,00000000000000;19/06/2023;20230628;13/05/2023;12/06/2023;31;;NAO;;0,00000000;0,49639640;0,82;3,79;20,60;55,10;72,46;72,46;PAGO;;4,91;
101;202306;202306;NOME DA PESSOA FISICA;15211215310;;PICOS;PICOS;RUA FICTICIA 086;2568;COMPLEMENTO 008;64600-000;BAIRRO 008;A1;-41,470000000000;-7,080000000000;Residencial;Residencial Pleno;B1_RESID;02/08/2023;LG;000000000101;0000000101;07;B;;MO;U;;0;;1;B;300000000101;0202306000000101;;0,00;80,00000000000000;80,00000000000000;16/06/2023;20230706;12/05/2023;10/06/2023;30;;NAO;;0,00000000;0,44700000;0,59;2,73;14,84;35,76;45,96;45,96;PAGO;;0,00;
102;202306;202306;NOME DA PESSOA FISICA;15211215310;;PICOS;PICOS;RUA FICTICIA 087;9294;COMPLEMENTO 025;64600-000;BAIRRO 043;A1;-41,480000000000;-7,090000000000;Residencial;Resid. Baixa Renda;B1_RESID;15/07/2021;LG;000000000102;0000000102;08;B;;MO;U;;0;;1;B;300000000102;0202306000000102;;0,00;459,00000000000000;459,00000000000000;19/06/2023;20230620;13/05/2023;12/06/2023;31;;NAO;;0,00000000;0,83228758;3,39;15,66;118,53;382,02;470,70;470,70;PAGO;;63,00;
103;202306;202306;NOME DA PESSOA FISICA;15211215310;;SANTO ANTONIO DOS MILAGRES;SANTO ANTONIO DOS MILAGRES;RUA FICTICIA 088;6160;COMPLEMENTO 064;64438-000;BAIRRO 006;A1;-42,710000000000;-6,050000000000;Residencial;Resid. Baixa Renda;B1_RESID;08/07/2021;LG;000000000103;0000000103;03;B;;MO;U;;0;;1;B;300000000103;0202306000000103;;0,00;67,00000000000000;67,00000000000000;13/06/2023;20230719;06/05/2023;05/06/2023;31;;NAO;;0,00000000;0,43074627;0,49;2,28;12,43;28,86;79,66;79,66;PAGO;;4,93;
104;202306;202306;NOME DA PESSOA FISICA;15211215310;;TERESINA;TERESINA;RUA FICTICIA 013;S/N;COMPLEMENTO 065;64000-000;BAIRRO 010;A1;-42,800000000000;-5,140000000000;Residencial;Residencial Pleno;B1_RESID;11/04/2023;LG;000000000104;0000000104;05;B;;MO;U;;0;;1;B;300000000104;0202306000000104;;0,00;168,00000000000000;168,00000000000000;15/06/2023;20230710;10/05/2023;07/06/2023;29;;NAO;;0,74310000;0,99994048;1,40;6,48;35,28;167,99;190,30;190,30;PAGO;;14,98;
105;202306;202306;NOME DA PESSOA FISICA;15211215310;;TERESINA;TERESINA;RUA FICTICIA 013;S/N;COMPLEMENTO 066;64000-000;BAIRRO 010;A1;-42,810000000000;-5,140000000000;Residencial;Residencial Pleno;B1_RESID;10/01/2023;LG;000000000105;0000000105;05;B;;MO;U;;0;;1;B;300000000105;0202306000000105;;0,00;221,00000000000000;221,00000000000000;15/06/2023;20230705;10/05/2023;07/06/2023;29;;NAO;;0,74310000;1,08226244;1,85;8,53;64,58;239,18;258,89;258,89;PAGO;;19,71;
106;202306;202306;NOME DA PESSOA FISICA;15211215310;;TERESINA;TERESINA;RUA FICTICIA 013;S/N;COMPLEMENTO 067;64000-000;BAIRRO 010;A1;-42,800000000000;-5,140000000000;Residencial;Residencial Pleno;B1_RESID;10/01/2023;LG;000000000106;0000000106;05;B;;MO;U;;0;;1;B;300000000106;0202306000000106;;0,00;195,00000000000000;195,00000000000000;15/06/2023;20230713;10/05/2023;07/06/2023;29;;NAO;;0,74310000;1,00015385;1,64;7,53;40,96;195,03;218,16;218,16;PAGO;;17,39;
107;202306;202306;NOME DA PESSOA FISICA;15211215310;;BREJO DO PIAUI;BREJO DO PIAUI;RUA FICTICIA 089;S/N; ;64895-000;BAIRRO 003;A1;-42,880000000000;-8,200000000000;Residencial;Residencial Pleno;B1_RESID;10/07/2021;LG;000000000107;0000000107;05;B;;MO;R;;0;;1;B;300000000107;0202306000000107;;0,00;72,00000000000000;72,00000000000000;15/06/2023;20230612;10/05/2023;07/06/2023;29;;NAO;;0,74310000;0,99986111;0,60;2,78;15,12;71,99;75,60;75,60;PAGO;;3,61;
108;202306;202306;NOME DA PESSOA FISICA;15211215310;;BARRAS;BARRAS;RUA FICTICIA 090;S/N; ;64100-000;BAIRRO 003;A1;-42,430000000000;-4,240000000000;Residencial;Resid. Baixa Renda;B1_RESID;21/04/2022;LG;000000000108;0000000108;14;B;;MO;R;;0;;1;B;300000000108;0202306000000108;;0,00;30,00000000000000;14,00000000000000;27/06/2023;20230630;23/05/2023;20/06/2023;29;;NAO;;0,00000000;0,24400000;0,22;1,03;0,00;7,32;8,13;8,13;PAGO;;0,00;
109;202306;202306;NOME DA PESSOA FISICA;15211215310;;PICOS;PICOS;RUA FICTICIA 091;S/N; ;64600-000;BAIRRO 006;A1;-41,470000000000;-7,070000000000;Residencial;Resid. Baixa Renda;B1_RESID;07/06/2022;LG;000000000109;0000000109;03;B;;MO;U;;0;;1;B;300000000109;0202306000000109;;0,00;152,00000000000000;152,00000000000000;13/06/2023;20230630;06/05/2023;05/06/2023;31;;NAO;;0,00000000;0,57703947;1,13;5,18;28,21;87,71;143,34;143,34;PAGO;;26,00;
110;202306;202306;NOME DA PESSOA FISICA;15211215310;;CORRENTE;CORRENTE;RUA FICTICIA 092;S/N; ;64980-000;BAIRRO 004;A1;-45,210000000000;-10,160000000000;Residencial;Resid. Baixa Renda;B1_RESID;24/07/2021;LG;000000000110;0000000110;15;B;;MO;R;;0;;1;B;300000000110;0202306000000110;;0,00;30,00000000000000;29,00000000000000;29/06/2023;20230627;24/05/2023;21/06/2023;29;;NAO;;0,00000000;0,24400000;0,22;1,03;0,00;7,32;8,13;8,13;PAGO;;0,00;
111;202306;202306;NOME DA PESSOA FISICA;15211215310;;TERESINA;TERESINA;RUA FICTICIA 021;1778;COMPLEMENTO 068;64000-000;BAIRRO 015;A1;-42,750000000000;-5,100000000000;Comercial, Servicos e Outras A;Comercial;B3_OUTROS;19/01/2023;LG;000000000111;0000000111;12;B;;TR;U;;0;;1;B;300000000111;0202306000000111;;0,00;793,00000000000000;793,00000000000000;29/06/2023;20230706;19/05/2023;16/06/2023;29;;NAO;;0,74310000;1,08229508;6,64;30,62;231,73;858,26;952,81;952,81;PAGO;;70,71;
112;202306;202306;NOME DA PESSOA FISICA;15211215310;;TERESINA;TERESINA;RUA FICTICIA 021;307;COMPLEMENTO 069;64000-000;BAIRRO 015;A1;-42,760000000000;-5,100000000000;Residencial;Residencial Pleno;B1_RESID;14/04/2023;LG;000000000112;0000000112;08;B;;MO;U;;0;;1;B;300000000112;0202306000000112;;0,00;118,00000000000000;118,00000000000000;19/06/2023;20230703;13/05/2023;12/06/2023;31;;NAO;;0,74310000;1,00008475;0,99;4,56;24,78;118,01;131,39;131,39;PAGO;;10,52;
113;202306;202306;NOME DA PESSOA FISICA;15211215310;;TERESINA;TERESINA;RUA FICTICIA 093;S/N;COMPLEMENTO 070;64000-000;BAIRRO 044;A1;-42,740000000000;-5,100000000000;Residencial;Residencial Pleno;B1_RESID;19/01/2023;LG;000000000113;0000000113;12;B;;MO;U;;0;;1;B;300000000113;0202306000000113;;0,00;208,00000000000000;208,00000000000000;23/06/2023;20230701;19/05/2023;16/06/2023;29;;NAO;;0,74310000;1,08225962;1,74;8,03;60,78;225,11;249,25;249,25;PAGO;;18,55;
114;202306;202306;NOME DA PESSOA FISICA;15211215310;;TERESINA;TERESINA;RUA FICTICIA 093;S/N;COMPLEMENTO 071;64000-000;BAIRRO 044;A1;-42,750000000000;-5,100000000000;Residencial;Residencial Pleno;B1_RESID;19/01/2023;LG;000000000114;0000000114;12;B;;MO;U;;0;;1;B;300000000114;0202306000000114;;0,00;30,00000000000000;0,00000000000000;23/06/2023;20230704;19/05/2023;16/06/2023;29;;NAO;;0,74310000;0,79000000;0,25;1,16;0,00;23,70;26,47;26,47;PAGO;;0,00;
115;202306;202306;NOME DA PESSOA FISICA;15211215310;;TERESINA;TERESINA;RUA FICTICIA 021;S/N;COMPLEMENTO 072;64000-000;BAIRRO 015;A1;-42,760000000000;-5,100000000000;Residencial;Residencial Pleno;B1_RESID;19/01/2023;LG;000000000115;0000000115;08;B;;MO;U;;0;;1;B;300000000115;0202306000000115;;0,00;291,00000000000000;291,00000000000000;19/06/2023;20230705;13/05/2023;12/06/2023;31;;NAO;;0,74310000;1,08226804;2,44;11,24;85,03;314,94;348,69;348,69;PAGO;;25,95;
116;202306;202306;NOME DA PESSOA FISICA;15211215310;;NOSSA SENHORA DE NAZARE;NOSSA SENHORA DE NAZARE;RUA FICTICIA 094;6160;COMPLEMENTO 064;64288-000;BAIRRO 045;A1;-42,170000000000;-4,630000000000;Residencial;Resid. Baixa Renda;B1_RESID;23/07/2021;LG;000000000116;0000000116;14;B;;MO;U;;0;;1;B;300000000116;0202306000000116;;0,00;80,00000000000000;80,00000000000000;27/06/2023;20230621;23/05/2023;20/06/2023;29;;NAO;;0,00000000;0,44700000;0,59;2,73;14,84;35,76;50,04;50,04;PAGO;;5,31;
117;202306;202306;EMPRESA LTDA;;70502257000108;TERESINA;TERESINA;RUA FICTICIA 095;S/N;COMPLEMENTO 073;64000-000;BAIRRO 046;A1;-42,780000000000;-5,150000000000;Poder Publico;Poder Público Municipal B-Optante;B3_OUTROS;10/01/2023;LG;000000000117;0000000117;05;B;;TR;U;;0;;1;C;300000000117;0202306000000117;;0,00;7408,70000000000000;7228,00000000000000;25/07/2023;20230721;10/05/2023;07/06/2023;29;;NAO;;0,74310000;1,08230459;62,02;286,08;2164,99;8018,47;8018,47;8018,47;PAGO;;0,00;
118;202306;202306;NOME DA PESSOA FISICA;15211215310;;SAO JOAO DO PIAUI;SAO JOAO DO PIAUI;RUA FICTICIA 096;4315;COMPLEMENTO 008;64760-000;BAIRRO 006;A1;-42,250000000000;-8,370000000000;Residencial;Residencial Pleno;B1_RESID;28/03/2023;LG;000000000118;0000000118;17;B;;MO;U;;0;;1;B;300000000118;0202306000000118;;0,00;30,00000000000000;0,00000000000000;30/06/2023;20230706;26/05/2023;23/06/2023;29;;NAO;;0,74310000;0,79000000;0,25;1,16;0,00;23,70;24,87;24,87;PAGO;;0,00;
119;202306;202306;NOME DA PESSOA FISICA;15211215310;;COCAL;COCAL;RUA FICTICIA 097;7114;COMPLEMENTO 074;64235-000;BAIRRO 047;A1;-41,550000000000;-3,470000000000;Residencial;Residencial Pleno;B1_RESID;15/07/2021;LG;000000000119;0000000119;08;B;;MO;U;;0;;1;B;300000000119;0202306000000119;;0,00;30,00000000000000;0,00000000000000;19/06/2023;20230627;13/05/2023;12/06/2023;31;;NAO;;0,74310000;0,79000000;0,25;1,16;0,00;23,70;29,16;29,16;PAGO;;4,90;
120;202306;202306;NOME DA PESSOA FISICA;15211215310;;PEDRO II;PEDRO II;RUA FICTICIA 098;7794;COMPLEMENTO 025;64255-000;BAIRRO 048;A1;-41,450000000000;-4,430000000000;Residencial;Residencial Pleno;B1_RESID;21/07/2021;LG;000000000120;0000000120;12;B;;MO;U;;0;;1;B;300000000120;0202306000000120;;0,00;197,00000000000000;197,00000000000000;23/06/2023;20230630;19/05/2023;16/06/2023;29;;NAO;;0,74310000;1,00005076;1,65;7,61;41,37;197,01;228,43;228,43;PAGO;;26,35;
121;202306;202306;NOME DA PESSOA FISICA;15211215310;;PICOS;PICOS;RUA FICTICIA 099;9653;COMPLEMENTO 008;64600-000;BAIRRO 049;A1;-41,460000000000;-7,090000000000;Residencial;Residencial Pleno;B1_RESID;13/07/2021;LG;000000000121;0000000121;06;B;;MO;U;;0;;1;B;300000000121;0202306000000121;;0,00;148,00000000000000;148,00000000000000;16/06/2023;20230620;11/05/2023;09/06/2023;30;;NAO;;0,74310000;1,00006757;1,24;5,72;31,08;148,01;163,77;163,77;PAGO;;15,76;
122;202306;202306;NOME DA PESSOA FISICA;15211215310;;CAMPINAS DO PIAUI;CAMPINAS DO PIAUI;RUA FICTICIA 100;S/N; ;64730-000;BAIRRO 006;A1;-41,880000000000;-7,660000000000;Residencial;Residencial Pleno;B1_RESID;09/07/2021;LG;000000000122;0000000122;04;B;;MO;U;;0;;1;B;300000000122;0202306000000122;;0,00;169,00000000000000;169,00000000000000;15/06/2023;20230703;09/05/2023;06/06/2023;29;;NAO;;0,74310000;1,00000000;1,41;6,53;35,49;169,00;174,82;174,82;PAGO;;0,00;
123;202306;202306;NOME DA PESSOA FISICA;15211215310;;MONSENHOR GIL;MONSENHOR GIL;RUA FICTICIA 101;3247; ;64450-000;BAIRRO 050;A1;-42,620000000000;-5,550000000000;Residencial;Residencial Pleno;B1_RESID;23/04/2022;LG;000000000123;0000000123;15;B;;MO;U;;0;;1;B;300000000123;0202306000000123;;0,00;112,00000000000000;112,00000000000000;28/06/2023;20230628;24/05/2023;21/06/2023;29;;NAO;;0,74310000;0,99973214;0,93;4,32;23,51;111,97;120,19;120,19;PAGO;;8,22;
124;202306;202306;EMPRESA LTDA;;70502257000108;TERESINA;TERESINA;RUA FICTICIA 102;1544;COMPLEMENTO 075;64000-000;BAIRRO 051;A1;-42,780000000000;-5,060000000000;Residencial;Residencial Pleno;B1_RESID;28/01/2023;LG;000000000124;0000000124;19;B;;TR;U;1;0;;1;B;300000000124;0202306000000124;;0,00;100,00000000000000;1275,00000000000000;05/07/2023;20230705;30/05/2023;27/06/2023;29;;NAO;;0,74310000;1,08240000;0,84;3,86;29,23;108,24;221,93;221,93;PAGO;;113,69;
125;202306;202306;NOME DA PESSOA FISICA;15211215310;;TERESINA;TERESINA;RUA FICTICIA 103;S/N;COMPLEMENTO 076;64000-000;BAIRRO 052;A1;-42,800000000000;-5,270000000000;Residencial;Residencial Pleno;B1_RESID;25/01/2023;LG;000000000125;0000000125;17;B;;MO;R;;0;;1;B;300000000125;0202306000000125;;0,00;30,00000000000000;13,00000000000000;30/06/2023;20230707;26/05/2023;23/06/2023;29;;NAO;;0,74310000;0,79000000;0,25;1,16;0,00;23,70;24,23;24,23;PAGO;;0,00;
126;202306;202306;NOME DA PESSOA FISICA;15211215310;;UNIAO;UNIAO;RUA FICTICIA 104;S/N;COMPLEMENTO 077;64120-000;BAIRRO 006;A1;-42,840000000000;-4,590000000000;Residencial;Resid. Baixa Renda;B1_RESID;17/07/2021;LG;000000000126;0000000126;10;B;;MO;U;;0;;1;B;300000000126;0202306000000126;;0,00;150,00000000000000;150,00000000000000;21/06/2023;20230720;17/05/2023;14/06/2023;29;;NAO;;0,00000000;0,57400000;1,11;5,11;27,83;86,10;116,02;116,02;PAGO;;11,52;
127;202306;202306;NOME DA PESSOA FISICA;15211215310;;OEIRAS;OEIRAS;RUA FICTICIA 105;S/N; ;64500-000;BAIRRO 053;A1;-42,150000000000;-7,020000000000;Residencial;Resid. Baixa Renda;B1_RESID;01/12/2022;LG;000000000127;0000000127;16;B;;MO;U;;0;;1;B;300000000127;0202306000000127;;0,00;140,00000000000000;140,00000000000000;29/06/2023;20230707;25/05/2023;22/06/2023;29;;NAO;;0,00000000;0,55835714;1,04;4,77;25,98;78,17;98,58;98,58;PAGO;;6,97;
128;202306;202306;NOME DA PESSOA FISICA;15211215310;;TERESINA;TERESINA;RUA FICTICIA 049;S/N;COMPLEMENTO 078;64000-000;BAIRRO 001;A1;-42,830000000000;-4,990000000000;Residencial;Resid. Baixa Renda;B1_RESID;06/01/2023;LG;000000000128;0000000128;06;B;;MO;U;;0;;1;B;300000000128;0202306000000128;;0,00;63,00000000000000;63,00000000000000;01/07/2023;20230629;11/05/2023;09/06/2023;30;;NAO;;0,00000000;0,42428571;0,46;2,15;11,68;26,73;36,54;36,54;PAGO;;2,38;
129;202306;202306;NOME DA PESSOA FISICA;15211215310;;UNIAO;UNIAO;RUA FICTICIA 106;S/N; ;64120-000;BAIRRO 021;A1;-42,830000000000;-4,550000000000;Residencial;Resid. Baixa Renda;B1_RESID;08/07/2021;LG;000000000129;0000000129;03;B;;MO;R;;0;;1;B;300000000129;0202306000000129;;0,00;30,00000000000000;29,00000000000000;13/06/2023;20230628;06/05/2023;05/06/2023;31;;NAO;;0,00000000;0,24400000;0,22;1,03;0,00;7,32;8,38;8,38;PAGO;;0,00;
130;202306;202306;NOME DA PESSOA FISICA;15211215310;;SAO MIGUEL DA BAIXA GRANDE;SAO MIGUEL DA BAIXA GRANDE;RUA FICTICIA 107;3049; ;64378-000;BAIRRO 006;A1;-42,190000000000;-5,860000000000;Residencial;Resid. Baixa Renda;B1_RESID;18/06/2022;LG;000000000130;0000000130;11;B;;MO;U;;0;;1;B;300000000130;0202306000000130;;0,00;189,00000000000000;189,00000000000000;22/06/2023;20230719;18/05/2023;15/06/2023;29;;NAO;;0,00000000;0,61984127;1,40;6,46;35,07;117,15;156,15;156,15;PAGO;;21,76;
131;202306;202306;NOME DA PESSOA FISICA;15211215310;;QUEIMADA NOVA;QUEIMADA NOVA;RUA FICTICIA 108;S/N;COMPLEMENTO 079;64758-000;BAIRRO 006;A1;-41,420000000000;-8,580000000000;Residencial;Resid. Baixa Renda;B1_RESID;27/08/2022;LG;000000000131;0000000131;19;B;;MO;U;;0;;1;B;300000000131;0202306000000131;;0,00;30,00000000000000;4,00000000000000;05/07/2023;20230731;30/05/2023;27/06/2023;29;;NAO;;0,00000000;0,24400000;0,22;1,03;0,00;7,32;22,22;22,22;PAGO;;0,00;
132;202306;202306;NOME DA PESSOA FISICA;15211215310;;TERESINA;TERESINA;RUA FICTICIA 109;8274; ;64000-000;BAIRRO 054;A1;-42,780000000000;-5,120000000000;Residencial;Resid. Baixa Renda;B1_RESID;07/01/2023;LG;000000000132;0000000132;04;B;;MO;U;;0;;1;B;300000000132;0202306000000132;;0,00;197,00000000000000;197,00000000000000;14/06/2023;20230612;09/05/2023;06/06/2023;29;;NAO;;0,00000000;0,62690355;1,45;6,72;36,56;123,50;147,50;147,50;PAGO;;11,01;
133;202306;202306;NOME DA PESSOA FISICA;15211215310;;TERESINA;TERESINA;RUA FICTICIA 044;S/N;COMPLEMENTO 080;64000-000;BAIRRO 026;A1;-42,790000000000;-5,130000000000;Residencial;Residencial Pleno;B1_RESID;07/01/2023;LG;003000000006;0000000133;04;B;;MO;U;;0;;1;B;300000000133;0202306000000133;;0,00;146,00000000000000;146,00000000000000;14/06/2023;20230627;09/05/2023;06/06/2023;29;;NAO;;0,74310000;1,00000000;1,22;5,64;30,66;146,00;174,75;174,75;PAGO;;13,02;
134;202306;202306;NOME DA PESSOA FISICA;15211215310;;TERESINA;TERESINA;RUA FICTICIA 045;8604; ;64000-000;BAIRRO 011;A1;-42,790000000000;-5,140000000000;Residencial;Resid. Baixa Renda BPC;B1_RESID;07/01/2023;LG;000000000134;0000000134;04;B;;MO;U;;0;;1;B;300000000134;0202306000000134;;0,00;127,00000000000000;127,00000000000000;14/06/2023;20230609;09/05/2023;06/06/2023;29;;NAO;;0,00000000;0,53409449;0,94;4,33;23,56;67,83;85,28;85,28;PAGO;;6,05;
135;202306;202306;NOME DA PESSOA FISICA;15211215310;;TERESINA;TERESINA;RUA FICTICIA 044;S/N;COMPLEMENTO 081;64000-000;BAIRRO 026;A1;-42,790000000000;-5,130000000000;Residencial;Residencial Pleno;B1_RESID;07/01/2023;LG;003000000007;0000000135;04;B;;MO;U;;0;;1;B;300000000135;0202306000000135;;0,00;63,00000000000000;63,00000000000000;22/06/2023;20230612;09/05/2023;06/06/2023;29;;NAO;;0,74310000;1,00015873;0,53;2,44;13,23;63,01;69,11;69,11;PAGO;;5,62;
136;202306;202306;NOME DA PESSOA FISICA;15211215310;;BARRAS;BARRAS;RUA FICTICIA 110;S/N; ;64100-000;BAIRRO 003;A1;-42,240000000000;-4,280000000000;Residencial;Residencial Pleno;B1_RESID;08/07/2021;LG;000000000136;0000000136;03;B;;MO;R;;0;;1;B;300000000136;0202306000000136;;0,00;115,00000000000000;115,00000000000000;13/06/2023;20230706;06/05/2023;05/06/2023;31;;NAO;;0,74310000;1,00008696;0,96;4,44;24,16;115,01;128,35;128,35;PAGO;;12,82;
137;202306;202306;NOME DA PESSOA FISICA;15211215310;;CASTELO DO PIAUI;CASTELO DO PIAUI;RUA FICTICIA 111;5915; ;64340-000;BAIRRO 055;A1;-41,550000000000;-5,330000000000;Residencial;Residencial Pleno;B1_RESID;14/04/2022;LG;000000000137;0000000137;09;B;;MO;U;;0;;1;B;300000000137;0202306000000137;;0,00;93,00000000000000;93,00000000000000;20/06/2023;20230630;16/05/2023;13/06/2023;29;;NAO;;0,74310000;1,00000000;0,78;3,59;19,53;93,00;106,82;106,82;PAGO;;8,52;
138;202306;202306;NOME DA PESSOA FISICA;15211215310;;LUIS CORREIA;LUIS CORREIA;RUA FICTICIA 112;3076;COMPLEMENTO 082;64220-000;BAIRRO 056;A1;-41,590000000000;-2,910000000000;Residencial;Residencial Pleno;B1_RESID;24/07/2021;LG;000000000138;0000000138;15;B;;MO;U;;0;;1;B;300000000138;0202306000000138;;0,00;30,00000000000000;13,00000000000000;28/06/2023;20230703;24/05/2023;21/06/2023;29;;NAO;;0,74310000;0,79000000;0,25;1,16;0,00;23,70;29,27;29,27;PAGO;;5,57;
139;202306;202306;NOME DA PESSOA FISICA;15211215310;;PIO IX;PIO IX;RUA FICTICIA 113;S/N;COMPLEMENTO 010;64660-000;BAIRRO 006;A1;-40,620000000000;-6,830000000000;Residencial;Resid. Baixa Renda;B1_RESID;27/08/2022;LG;000000000139;0000000139;19;B;;MO;U;;0;;1;B;300000000139;0202306000000139;;0,00;94,00000000000000;94,00000000000000;04/07/2023;20230801;30/05/2023;27/06/2023;29;;NAO;;0,00000000;0,45925532;0,69;3,20;17,44;43,17;61,54;61,54;PAGO;;6,42;
140;202306;202306;NOME DA PESSOA FISICA;15211215310;;TERESINA;TERESINA;RUA FICTICIA 114;8041;COMPLEMENTO 008;64000-000;BAIRRO 057;A1;-42,730000000000;-5,090000000000;Residencial;Residencial Pleno;B1_RESID;12/01/2023;LG;000000000140;0000000140;07;B;;MO;U;;0;;1;B;300000000140;0202306000000140;;0,00;351,00000000000000;351,00000000000000;16/06/2023;20230630;12/05/2023;10/06/2023;30;;NAO;;0,74310000;1,08225071;2,93;13,55;102,57;379,87;421,66;421,66;PAGO;;31,30;
141;202306;202306;NOME DA PESSOA FISICA;15211215310;;PEDRO II;PEDRO II;RUA FICTICIA 115;3290; ;64255-000;BAIRRO 017;A1;-41,450000000000;-4,410000000000;Residencial;Residencial Pleno;B1_RESID;13/07/2021;LG;000000000141;0000000141;06;B;;MO;U;;0;;1;B;300000000141;0202306000000141;;0,00;30,00000000000000;24,00000000000000;16/06/2023;20230620;11/05/2023;09/06/2023;30;;NAO;;0,74310000;0,79000000;0,25;1,16;0,00;23,70;27,71;27,71;PAGO;;4,01;
142;202306;202306;NOME DA PESSOA FISICA;15211215310;;JERUMENHA;JERUMENHA;RUA FICTICIA 116;S/N;COMPLEMENTO 083;64830-000;BAIRRO 058;A1;-43,500000000000;-7,090000000000;Residencial;Residencial Pleno;B1_RESID;13/07/2021;LG;000000000142;0000000142;06;B;;MO;U;;0;;1;B;300000000142;0202306000000142;;0,00;119,00000000000000;119,00000000000000;16/06/2023;20230626;11/05/2023;09/06/2023;30;;NAO;;0,74310000;0,99991597;0,99;4,59;24,99;118,99;125,99;125,99;PAGO;;7,00;
143;202306;202306;NOME DA PESSOA FISICA;15211215310;;ANGICAL DO PIAUI;ANGICAL DO PIAUI;RUA FICTICIA 117;3931;COMPLEMENTO 008;64410-000;BAIRRO 059;A1;-42,750000000000;-6,070000000000;Residencial;Resid. Baixa Renda;B1_RESID;21/04/2022;LG;000000000143;0000000143;14;B;;MO;R;;0;;1;B;300000000143;0202306000000143;;0,00;129,00000000000000;129,00000000000000;27/06/2023;20230710;23/05/2023;20/06/2023;29;;NAO;;0,00000000;0,53813953;0,95;4,40;23,94;69,42;93,77;93,77;PAGO;;12,90;
144;202306;202306;NOME DA PESSOA FISICA;15211215310;;TERESINA;TERESINA;RUA FICTICIA 118;5252;COMPLEMENTO 084;64000-000;BAIRRO 051;A1;-42,790000000000;-5,050000000000;Residencial;Residencial Pleno;B1_RESID;28/01/2023;LG;000000000144;0000000144;19;B;;MO;U;;0;;1;B;300000000144;0202306000000144;;0,00;492,00000000000000;492,00000000000000;25/07/2023;20230808;30/05/2023;27/06/2023;29;;NAO;;0,74310000;1,08225610;4,12;19,00;143,76;532,47;592,23;592,23;PAGO;;43,87;
145;202306;202306;NOME DA PESSOA FISICA;15211215310;;TERESINA;TERESINA;RUA FICTICIA 118;5252;COMPLEMENTO 085;64000-000;BAIRRO 051;A1;-42,790000000000;-5,050000000000;Residencial;Residencial Pleno;B1_RESID;28/01/2023;LG;000000000145;0000000145;19;B;;MO;U;;0;;1;B;300000000145;0202306000000145;;0,00;524,00000000000000;524,00000000000000;04/07/2023;20230705;30/05/2023;27/06/2023;29;;NAO;;0,74310000;1,08227099;4,39;20,23;153,12;567,11;613,83;613,83;PAGO;;46,72;
146;202306;202306;NOME DA PESSOA FISICA;15211215310;;ITAUEIRA;ITAUEIRA;RUA FICTICIA 119;S/N; ;64820-000;BAIRRO 006;A1;-43,020000000000;-7,600000000000;Residencial;Residencial Pleno;B1_RESID;09/07/2021;LG;000000000146;0000000146;04;B;;MO;U;;0;;1;B;300000000146;0202306000000146;;0,00;114,00000000000000;114,00000000000000;14/06/2023;20230622;09/05/2023;06/06/2023;29;;NAO;;0,74310000;1,00000000;0,95;4,41;23,94;114,00;136,28;136,28;PAGO;;6,78;
147;202306;202306;NOME DA PESSOA FISICA;15211215310;;ANGICAL DO PIAUI;ANGICAL DO PIAUI;RUA FICTICIA 120;S/N; ;64410-000;BAIRRO 060;A1;-42,730000000000;-6,060000000000;Residencial;Resid. Baixa Renda;B1_RESID;24/07/2021;LG;000000000147;0000000147;15;B;;MO;U;;0;;1;B;300000000147;0202306000000147;;0,00;178,00000000000000;178,00000000000000;05/07/2023;20230808;24/05/2023;21/06/2023;29;;NAO;;0,00000000;0,60898876;1,31;6,08;33,04;108,40;159,77;159,77;PAGO;;20,14;
148;202306;202306;EMPRESA LTDA;;70502257000108;FLORIANO;FLORIANO;RUA FICTICIA 121;8583;COMPLEMENTO 086;64800-000;BAIRRO 061;A1;-43,010000000000;-6,770000000000;Comercial, Servicos e Outras A;Comerc. Outros Serviços e Atividades;B3_OUTROS;22/07/2021;LG;000000000148;0000000148;13;B;;TR;U;;0;;1;B;300000000148;0202306000000148;;0,00;435,00000000000000;435,00000000000000;26/06/2023;20230710;20/05/2023;19/06/2023;31;;NAO;;0,74310000;1,08227586;3,64;16,80;127,11;470,79;534,58;534,58;PAGO;;38,79;
149;202306;202306;NOME DA PESSOA FISICA;15211215310;;FLORIANO;FLORIANO;RUA FICTICIA 122;2408;COMPLEMENTO 087;64800-000;BAIRRO 062;A1;-43,020000000000;-6,780000000000;Residencial;Resid. Baixa Renda BPC;B1_RESID;19/11/2021;LG;000000000149;0000000149;12;B;;MO;U;;0;;1;B;300000000149;0202306000000149;;0,00;204,00000000000000;204,00000000000000;23/06/2023;20230623;19/05/2023;16/06/2023;29;;NAO;;0,00000000;0,68470588;1,51;6,96;52,68;139,68;186,14;186,14;PAGO;;11,51;
150;202306;202306;NOME DA PESSOA FISICA;15211215310;;AMARANTE;AMARANTE;RUA FICTICIA 123;S/N; ;64400-000;BAIRRO 003;A1;-42,870000000000;-6,530000000000;Residencial;Resid. Baixa Renda;B1_RESID;20/05/2022;LG;000000000150;0000000150;13;B;;MO;R;;0;;1;B;300000000150;0202306000000150;;0,00;127,00000000000000;127,00000000000000;26/06/2023;20230704;20/05/2023;19/06/2023;31;;NAO;;0,00000000;0,53409449;0,94;4,33;23,56;67,83;89,80;89,80;PAGO;;8,22;
151;202306;202306;NOME DA PESSOA FISICA;15211215310;;PICOS;PICOS;RUA FICTICIA 124;1563;COMPLEMENTO 088;64600-000;BAIRRO 063;A1;-41,430000000000;-7,050000000000;Residencial;Residencial Pleno;B1_RESID;25/08/2022;LG;000000000151;0000000151;16;B;;MO;U;;0;;1;B;300000000151;0202306000000151;;0,00;152,00000000000000;152,00000000000000;05/07/2023;20230704;25/05/2023;22/06/2023;29;;NAO;;0,74310000;1,00006579;1,28;5,87;31,92;152,01;152,01;152,01;PAGO;;0,00;
152;202306;202306;NOME DA PESSOA FISICA;15211215310;;TERESINA;TERESINA;RUA FICTICIA 125;5373;COMPLEMENTO 089;64000-000;BAIRRO 064;A1;-42,810000000000;-5,030000000000;Comercial, Servicos e Outras A;Comerc. Outros Serviços e Atividades;B3_OUTROS;18/01/2023;LG;000000000152;0000000152;10;B;;MO;U;1;0;;1;B;300000000152;0202306000000152;;0,00;2040,00000000000000;2040,00000000000000;10/07/2023;20230710;17/05/2023;14/06/2023;29;;NAO;;0,74310000;1,08230392;17,07;78,78;596,13;2207,90;2503,86;2503,86;PAGO;;181,91;
153;202306;202306;NOME DA PESSOA FISICA;15211215310;;MARCOS PARENTE;MARCOS PARENTE;RUA FICTICIA 126;1060;COMPLEMENTO 025;64845-000;BAIRRO 006;A1;-43,890000000000;-7,120000000000;Residencial;Residencial Pleno;B1_RESID;23/07/2021;LG;000000000153;0000000153;14;B;;MO;U;;0;;1;B;300000000153;0202306000000153;;0,00;87,00000000000000;87,00000000000000;27/06/2023;20230706;23/05/2023;20/06/2023;29;;NAO;;0,74310000;0,99977011;0,72;3,36;18,26;86,98;91,47;91,47;PAGO;;2,24;
154;202306;202306;NOME DA PESSOA FISICA;15211215310;;GEMINIANO;GEMINIANO;RUA FICTICIA 127;2996; ;64613-000;BAIRRO 003;A1;-41,320000000000;-7,190000000000;Rural;Rural Residencial Rural;B2_RUR;15/07/2021;LG;000000000154;0000000154;08;B;;MO;R;;0;;1;B;300000000154;0202306000000154;;0,00;52,00000000000000;52,00000000000000;19/06/2023;20230630;13/05/2023;12/06/2023;31;;NAO;;0,69852000;0,93942308;0,44;2,00;10,26;48,85;50,24;50,24;PAGO;;0,00;
155;202306;202306;NOME DA PESSOA FISICA;15211215310;;AMARANTE;AMARANTE;RUA FICTICIA 128;2151;COMPLEMENTO 008;64400-000;BAIRRO 065;A1;-42,850000000000;-6,250000000000;Residencial;Resid. Baixa Renda;B1_RESID;07/04/2022;LG;000000000155;0000000155;03;B;;MO;U;;0;;1;B;300000000155;0202306000000155;;0,00;90,00000000000000;90,00000000000000;13/06/2023;20230802;06/05/2023;05/06/2023;31;;NAO;;0,00000000;0,45611111;0,66;3,06;16,69;41,05;67,27;67,27;PAGO;;3,91;
156;202306;202306;NOME DA PESSOA FISICA;15211215310;;TERESINA;TERESINA;RUA FICTICIA 129;408;COMPLEMENTO 090;64000-000;BAIRRO 066;A1;-42,750000000000;-5,100000000000;Residencial;Residencial Pleno;B1_RESID;19/01/2023;LG;000000000156;0000000156;12;B;;MO;U;;0;;1;B;300000000156;0202306000000156;;0,00;146,00000000000000;146,00000000000000;23/06/2023;20230711;19/05/2023;16/06/2023;29;;NAO;;0,74310000;1,00000000;1,22;5,64;30,66;146,00;163,11;163,11;PAGO;;13,02;
157;202306;202306;NOME DA PESSOA FISICA;15211215310;;PICOS;PICOS;RUA FICTICIA 130;6046;COMPLEMENTO 091;64600-000;BAIRRO 006;A1;-41,420000000000;-7,080000000000;Residencial;Residencial Pleno;B1_RESID;25/08/2022;LG;000000000157;0000000157;17;B;;TR;U;;0;;1;B;300000000157;0202306000000157;;0,00;100,00000000000000;3,00000000000000;30/06/2023;20230704;26/05/2023;23/06/2023;29;;NAO;;0,74310000;1,00010000;0,84;3,86;21,00;100,01;102,44;102,44;PAGO;;0,00;
158;202306;202306;NOME DA PESSOA FISICA;15211215310;;JACOBINA DO PIAUI;JACOBINA DO PIAUI;RUA FICTICIA 131;4240;COMPLEMENTO 025;64755-000;BAIRRO 006;A1;-41,200000000000;-7,930000000000;Rural;Rural Residencial Rural;B2_RUR;08/07/2021;LG;000000000158;0000000158;03;B;;MO;R;;0;;1;B;300000000158;0202306000000158;;0,00;57,00000000000000;57,00000000000000;13/06/2023;20230606;06/05/2023;05/06/2023;31;;NAO;;0,69852000;0,93964912;0,48;2,19;11,25;53,56;53,72;53,72;PAGO;;0,00;
159;202306;202306;NOME DA PESSOA FISICA;15211215310;;LUIS CORREIA;LUIS CORREIA;RUA FICTICIA 132;S/N; ;64220-000;BAIRRO 003;A1;-41,380000000000;-3,130000000000;Rural;Rural Agropecuária;B2_RUR;15/07/2021;LG;000000000159;0000000159;08;B;;TR;R;;0;;1;B;300000000159;0202306000000159;;0,00;149,00000000000000;149,00000000000000;19/06/2023;20230710;13/05/2023;12/06/2023;31;;NAO;;0,69852000;0,93986577;1,24;5,75;29,41;140,04;144,09;144,09;PAGO;;0,00;
160;202306;202306;NOME DA PESSOA FISICA;15211215310;;SAO MIGUEL DO FIDALGO;SAO MIGUEL DO FIDALGO;RUA FICTICIA 133;S/N; ;64558-000;BAIRRO 006;A1;-42,370000000000;-7,580000000000;Residencial;Residencial Pleno;B1_RESID;09/07/2021;LG;000000000160;0000000160;04;B;;MO;U;;0;;1;B;300000000160;0202306000000160;;0,00;30,00000000000000;0,00000000000000;14/06/2023;20230618;09/05/2023;06/06/2023;29;;NAO;;0,74310000;0,79000000;0,25;1,16;0,00;23,70;24,20;24,20;PAGO;;0,00;
161;202306;202306;NOME DA PESSOA FISICA;15211215310;;PEDRO II;PEDRO II;RUA FICTICIA 134;2033;COMPLEMENTO 025;64255-000;BAIRRO 067;A1;-41,450000000000;-4,440000000000;Residencial;Residencial Pleno;B1_RESID;26/08/2022;LG;000000000161;0000000161;18;B;;MO;U;;0;;1;B;300000000161;0202306000000161;;0,00;43,00000000000000;43,00000000000000;03/07/2023;20230627;27/05/2023;26/06/2023;31;;NAO;;0,74310000;0,79000000;0,36;1,66;0,00;33,97;50,62;50,62;PAGO;;5,75;
162;202306;202306;NOME DA PESSOA FISICA;15211215310;;TERESINA;TERESINA;RUA FICTICIA 073;S/N;COMPLEMENTO 092;64000-000;BAIRRO 001;A1;-42,750000000000;-5,190000000000;Residencial;Resid. Baixa Renda;B1_RESID;04/01/2023;LG;000000000162;0000000162;01;B;;MO;U;;0;;1;B;300000000162;0202306000000162;;0,00;140,00000000000000;140,00000000000000;20/06/2023;20230714;04/05/2023;02/06/2023;30;;NAO;;0,00000000;0,55835714;1,04;4,77;25,98;78,17;110,74;110,74;PAGO;;6,97;
163;202306;202306;NOME DA PESSOA FISICA;15211215310;;LUIS CORREIA;LUIS CORREIA;RUA FICTICIA 135;S/N; ;64220-000;BAIRRO 003;A1;-41,380000000000;-3,140000000000;Rural;Rural Residencial Rural;B2_RUR;15/07/2021;LG;000000000163;0000000163;08;B;;MO;R;;0;;1;B;300000000163;0202306000000163;;0,00;90,00000000000000;90,00000000000000;19/06/2023;20230612;13/05/2023;12/06/2023;31;;NAO;;0,69852000;0,93966667;0,76;3,47;17,76;84,57;84,83;84,83;PAGO;;0,00;
164;202306;202306;NOME DA PESSOA FISICA;15211215310;;SAO JOAO DA FRONTEIRA;SAO JOAO DA FRONTEIRA;RUA FICTICIA 136;1317;COMPLEMENTO 025;64243-000;BAIRRO 006;A1;-41,260000000000;-3,940000000000;Residencial;Residencial Pleno;B1_RESID;24/07/2021;LG;000000000164;0000000164;15;B;;MO;U;;0;;1;B;300000000164;0202306000000164;;0,00;169,00000000000000;169,00000000000000;28/06/2023;20230802;24/05/2023;21/06/2023;29;;NAO;;0,74310000;1,00000000;1,41;6,53;35,49;169,00;199,60;199,60;PAGO;;11,70;
165;202306;202306;NOME DA PESSOA FISICA;15211215310;;TERESINA;TERESINA;RUA FICTICIA 073;S/N;COMPLEMENTO 093;64000-000;BAIRRO 037;A1;-42,750000000000;-5,190000000000;Residencial;Resid. Baixa Renda;B1_RESID;04/01/2023;LG;000000000165;0000000165;01;B;;MO;U;;0;;1;B;300000000165;0202306000000165;;0,00;209,00000000000000;209,00000000000000;12/06/2023;20230711;04/05/2023;02/06/2023;30;;NAO;;0,00000000;0,68894737;1,54;7,13;53,97;143,99;182,10;182,10;PAGO;;11,86;
166;202306;202306;NOME DA PESSOA FISICA;15211215310;;MARCOS PARENTE;MARCOS PARENTE;RUA FICTICIA 137;7725;COMPLEMENTO 010;64845-000;BAIRRO 006;A1;-43,890000000000;-7,120000000000;Residencial;Residencial Pleno;B1_RESID;31/05/2023;LG;000000000166;0000000166;10;B;;MO;U;;0;;1;B;300000000166;0202306000000166;;0,00;50,00000000000000;50,00000000000000;21/06/2023;20230705;17/05/2023;14/06/2023;29;;NAO;;0,74310000;0,79000000;0,42;1,93;0,00;39,50;41,17;41,17;PAGO;;1,67;
167;202306;202306;NOME DA PESSOA FISICA;15211215310;;LUIS CORREIA;LUIS CORREIA;RUA FICTICIA 138;S/N; ;64220-000;BAIRRO 003;A1;-41,460000000000;-3,150000000000;Residencial;Residencial Pleno;B1_RESID;13/07/2021;LG;000000000167;0000000167;06;B;;MO;R;;0;;1;B;300000000167;0202306000000167;;0,00;192,00000000000000;192,00000000000000;16/06/2023;20230704;11/05/2023;09/06/2023;30;;NAO;;0,74310000;1,00000000;1,61;7,41;40,32;192,00;239,47;239,47;PAGO;;35,67;
168;202306;202306;NOME DA PESSOA FISICA;15211215310;;ALTOS;ALTOS;RUA FICTICIA 139;9197;COMPLEMENTO 008;64290-000;BAIRRO 008;A1;-42,460000000000;-5,040000000000;Comercial, Servicos e Outras A;Comercial;B3_OUTROS;07/01/2022;LG;000000000168;0000000168;04;B;;MO;U;;0;;1;B;300000000168;0202306000000168;;0,00;293,00000000000000;293,00000000000000;14/06/2023;20230621;09/05/2023;06/06/2023;29;;NAO;;0,74310000;1,08225256;2,45;11,31;85,62;317,10;381,35;381,35;PAGO;;46,38;
169;202306;202306;EMPRESA LTDA;;70502257000108;ALTOS;ALTOS;RUA FICTICIA 139;2686;COMPLEMENTO 094;64290-000;BAIRRO 008;A1;-42,460000000000;-5,040000000000;Poder Publico;Poder Público Estadual;B3_OUTROS;07/01/2022;LG;000000000169;0000000169;04;B;;TR;U;;0;;1;C;300000000169;0202306000000169;;0,00;493,00000000000000;493,00000000000000;25/07/2023;20230815;09/05/2023;06/06/2023;29;;NAO;;0,74310000;0,79004057;4,12;19,03;0,00;389,49;461,55;461,55;PAGO;;72,06;
170;202306;202306;NOME DA PESSOA FISICA;15211215310;;ALTOS;ALTOS;RUA FICTICIA 139;7541;COMPLEMENTO 008;64290-000;BAIRRO 008;A1;-42,460000000000;-5,040000000000;Residencial;Residencial Pleno;B1_RESID;14/01/2022;LG;000000000170;0000000170;08;B;;MO;U;;0;;1;B;300000000170;0202306000000170;;0,00;314,00000000000000;314,00000000000000;20/06/2023;20230628;13/05/2023;12/06/2023;31;;NAO;;0,74310000;1,08226115;2,63;12,12;91,76;339,83;386,21;386,21;PAGO;;46,38;
171;202306;202306;NOME DA PESSOA FISICA;15211215310;;GILBUES;GILBUES;RUA FICTICIA 140;9262;COMPLEMENTO 095;64930-000;BAIRRO 068;A1;-45,340000000000;-9,840000000000;Residencial;Residencial Pleno;B1_RESID;23/07/2021;LG;000000000171;0000000171;14;B;;MO;U;;0;;1;B;300000000171;0202306000000171;;0,00;70,00000000000000;70,00000000000000;27/06/2023;20230805;23/05/2023;20/06/2023;29;;NAO;;0,74310000;1,00014286;0,59;2,71;14,70;70,01;78,60;78,60;PAGO;;2,74;
172;202306;202306;NOME DA PESSOA FISICA;15211215310;;MIGUEL ALVES;MIGUEL ALVES;RUA FICTICIA 141;8213;COMPLEMENTO 096;64130-000;BAIRRO 006;A1;-42,890000000000;-4,170000000000;Residencial;Resid. Baixa Renda;B1_RESID;28/02/2023;LG;000000000172;0000000172;19;B;;MO;U;;0;;1;B;300000000172;0202306000000172;;0,00;173,00000000000000;173,00000000000000;04/07/2023;20230729;30/05/2023;27/06/2023;29;;NAO;;0,00000000;0,60352601;1,28;5,90;32,11;104,41;135,63;135,63;PAGO;;14,74;
173;202306;202306;NOME DA PESSOA FISICA;15211215310;;COCAL;COCAL;RUA FICTICIA 142;S/N; ;64235-000;BAIRRO 003;A1;-41,630000000000;-3,530000000000;Residencial;Residencial Pleno;B1_RESID;02/08/2023;LG;000000000173;0000000173;17;B;;MO;R;;0;;1;B;300000000173;0202306000000173;;0,00;52,00000000000000;52,00000000000000;30/06/2023;20230628;26/05/2023;23/06/2023;29;;NAO;;0,00000000;0,40211538;0,39;1,78;9,65;20,91;30,77;30,77;PAGO;;3,42;
174;202306;202306;NOME DA PESSOA FISICA;15211215310;;BRASILEIRA;BRASILEIRA;RUA FICTICIA 143;S/N; ;64265-000;BAIRRO 003;A1;-41,810000000000;-4,110000000000;Rural;Rural Residencial Rural;B2_RUR;17/07/2021;LG;000000000174;0000000174;10;B;;MO;R;;0;;1;B;300000000174;0202306000000174;;0,00;30,00000000000000;8,00000000000000;21/06/2023;20230621;17/05/2023;14/06/2023;29;;NAO;;0,69852000;0,93866667;0,26;1,15;5,91;28,16;28,25;28,25;PAGO;;0,00;
175;202306;202306;NOME DA PESSOA FISICA;15211215310;;TERESINA;TERESINA;RUA FICTICIA 144;5161;COMPLEMENTO 097;64000-000;BAIRRO 069;A1;-42,750000000000;-5,070000000000;Residencial;Resid. Baixa Renda;B1_RESID;02/06/2023;LG;000000000175;0000000175;12;B;;MO;U;;0;;1;B;300000000175;0202306000000175;;0,00;181,00000000000000;181,00000000000000;23/06/2023;20230704;19/05/2023;16/06/2023;29;;NAO;;0,00000000;0,61198895;1,34;6,17;33,58;110,77;138,30;138,30;PAGO;;9,88;
176;202306;202306;NOME DA PESSOA FISICA;15211215310;;REGENERACAO;REGENERACAO;RUA FICTICIA 145;2988;COMPLEMENTO 008;64490-000;BAIRRO 003;A1;-42,510000000000;-6,490000000000;Residencial;Resid. Baixa Renda;B1_RESID;29/12/2022;LG;000000000176;0000000176;17;B;;MO;R;;0;;1;B;300000000176;0202306000000176;;0,00;170,00000000000000;170,00000000000000;30/06/2023;20230811;26/05/2023;23/06/2023;29;;NAO;;0,00000000;0,60011765;1,25;5,79;31,55;102,02;126,83;126,83;PAGO;;9,10;
177;202306;202306;NOME DA PESSOA FISICA;15211215310;;FRONTEIRAS;FRONTEIRAS;RUA FICTICIA 146;5655;COMPLEMENTO 008;64690-000;BAIRRO 070;A1;-40,600000000000;-7,090000000000;Residencial;Residencial Pleno;B1_RESID;07/07/2021;LG;000000000177;0000000177;02;B;;MO;U;;0;;1;B;300000000177;0202306000000177;;0,00;90,00000000000000;90,00000000000000;13/06/2023;20230711;05/05/2023;03/06/2023;30;;NAO;;0,74310000;0,99988889;0,75;3,47;18,90;89,99;102,21;102,21;PAGO;;8,48;
178;202306;202306;NOME DA PESSOA FISICA;15211215310;;PICOS;PICOS;RUA FICTICIA 011;7609; ;64600-000;BAIRRO 071;A1;-41,470000000000;-7,090000000000;Residencial;Residencial Pleno;B1_RESID;15/07/2021;LG;000000000178;0000000178;08;B;;MO;U;;0;;1;B;300000000178;0202306000000178;;0,00;30,00000000000000;0,00000000000000;19/06/2023;20230623;13/05/2023;12/06/2023;31;;NAO;;0,74310000;0,79000000;0,25;1,16;0,00;23,70;23,70;23,70;PAGO;;0,00;
179;202306;202306;NOME DA PESSOA FISICA;15211215310;;PICOS;PICOS;RUA FICTICIA 147;3418;COMPLEMENTO 008;64600-000;BAIRRO 008;A1;-41,470000000000;-7,080000000000;Residencial;Residencial Pleno;B1_RESID;10/07/2021;LG;000000000179;0000000179;05;B;;MO;U;1;0;;1;B;300000000179;0202306000000179;;0,00;30,00000000000000;437,00000000000000;22/06/2023;20230621;10/05/2023;07/06/2023;29;;NAO;;0,74310000;1,08100000;0,25;1,16;8,75;32,43;92,29;92,29;PAGO;;59,86;
180;202306;202306;NOME DA PESSOA FISICA;15211215310;;PICOS;PICOS;RUA FICTICIA 148;5050;COMPLEMENTO 008;64600-000;BAIRRO 072;A1;-41,470000000000;-7,070000000000;Residencial;Residencial Pleno;B1_RESID;10/07/2021;LG;000000000180;0000000180;05;B;;MO;U;1;0;;1;B;300000000180;0202306000000180;;0,00;30,00000000000000;367,00000000000000;10/07/2023;20230706;10/05/2023;07/06/2023;29;;NAO;;0,74310000;1,08166667;0,25;1,16;8,76;32,45;80,90;80,90;PAGO;;47,67;
181;202306;202306;NOME DA PESSOA FISICA;15211215310;;TERESINA;TERESINA;RUA FICTICIA 149;S/N;COMPLEMENTO 098;64000-000;BAIRRO 007;A1;-42,750000000000;-5,190000000000;Residencial;Residencial Pleno;B1_RESID;04/01/2023;LG;000000000181;0000000181;01;B;;MO;U;;0;;1;B;300000000181;0202306000000181;;0,00;192,00000000000000;192,00000000000000;12/06/2023;20230603;04/05/2023;02/06/2023;30;;NAO;;0,74310000;1,00000000;1,61;7,41;40,32;192,00;209,12;209,12;PAGO;;17,12;
182;202306;202306;NOME DA PESSOA FISICA;15211215310;;JOSE DE FREITAS;JOSE DE FREITAS;RUA FICTICIA 150;S/N; ;64110-000;BAIRRO 003;A1;-42,490000000000;-4,840000000000;Residencial;Resid. Baixa Renda;B1_RESID;09/07/2021;LG;000000000182;0000000182;04;B;;MO;R;;0;;1;B;300000000182;0202306000000182;;0,00;41,00000000000000;41,00000000000000;14/06/2023;20230606;09/05/2023;06/06/2023;29;;NAO;;0,00000000;0,29048780;0,31;1,40;0,00;11,91;15,15;15,15;PAGO;;2,24;
183;202306;202306;NOME DA PESSOA FISICA;15211215310;;TERESINA;TERESINA;RUA FICTICIA 016;5219;COMPLEMENTO 099;64000-000;BAIRRO 012;A1;-42,770000000000;-5,140000000000;Residencial;Residencial Pleno;B1_RESID;07/01/2023;LG;000000000183;0000000183;04;B;;MO;U;;0;;1;B;300000000183;0202306000000183;;0,00;68,00000000000000;68,00000000000000;14/06/2023;20230614;09/05/2023;06/06/2023;29;;NAO;;0,74310000;1,00000000;0,57;2,63;14,28;68,00;74,06;74,06;PAGO;;6,06;
184;202306;202306;NOME DA PESSOA FISICA;15211215310;;TERESINA;TERESINA;RUA FICTICIA 016;S/N;COMPLEMENTO 100;64000-000;BAIRRO 012;A1;-42,780000000000;-5,140000000000;Residencial;Resid. Baixa Renda;B1_RESID;07/01/2023;LG;000000000184;0000000184;04;B;;MO;U;;0;;1;B;300000000184;0202306000000184;;0,00;225,00000000000000;225,00000000000000;25/06/2023;20230623;09/05/2023;06/06/2023;29;;NAO;;0,00000000;0,70315556;1,66;7,67;58,10;158,21;189,10;189,10;PAGO;;13,04;
185;202306;202306;NOME DA PESSOA FISICA;15211215310;;TERESINA;TERESINA;RUA FICTICIA 016;S/N;COMPLEMENTO 101;64000-000;BAIRRO 012;A1;-42,780000000000;-5,140000000000;Residencial;Residencial Pleno;B1_RESID;04/05/2023;LG;000000000185;0000000185;04;B;;MO;U;;0;;1;B;300000000185;0202306000000185;;0,00;109,00000000000000;109,00000000000000;14/06/2023;20230703;09/05/2023;06/06/2023;29;;NAO;;0,74310000;1,00009174;0,92;4,21;22,89;109,01;180,90;180,90;PAGO;;9,72;
186;202306;202306;EMPRESA LTDA;;70502257000108;TERESINA;TERESINA;RUA FICTICIA 016;S/N;COMPLEMENTO 102;64000-000;BAIRRO 012;A1;-42,780000000000;-5,140000000000;Comercial, Servicos e Outras A;Comercial;B3_OUTROS;07/01/2023;LG;000000000186;0000000186;04;B;;TR;U;;0;;1;B;300000000186;0202306000000186;;0,00;1909,00000000000000;1909,00000000000000;23/06/2023;20230623;09/05/2023;06/06/2023;29;;NAO;;0,74310000;1,08229963;15,98;73,71;557,85;2066,11;2236,34;2236,34;PAGO;;170,23;
187;202306;202306;NOME DA PESSOA FISICA;15211215310;;TERESINA;TERESINA;RUA FICTICIA 151;6515;COMPLEMENTO 103;64000-000;BAIRRO 001;A1;-42,750000000000;-5,110000000000;Residencial;Residencial Pleno;B1_RESID;19/01/2023;LG;000000000187;0000000187;08;B;;MO;U;1;0;;1;B;300000000187;0202306000000187;;0,00;30,00000000000000;961,00000000000000;26/06/2023;20230630;13/05/2023;12/06/2023;31;;NAO;;0,74310000;1,08100000;0,25;1,16;8,75;32,43;118,12;118,12;PAGO;;85,69;
188;202306;202306;NOME DA PESSOA FISICA;15211215310;;TERESINA;TERESINA;RUA FICTICIA 021;S/N;COMPLEMENTO 104;64000-000;BAIRRO 015;A1;-42,760000000000;-5,090000000000;Residencial;Resid. Baixa Renda;B1_RESID;19/01/2023;LG;000000000188;0000000188;12;B;;MO;U;;0;;1;B;300000000188;0202306000000188;;0,00;302,00000000000000;302,00000000000000;23/06/2023;20230720;19/05/2023;16/06/2023;29;;NAO;;0,00000000;0,76771523;2,23;10,30;77,98;231,85;268,80;268,80;PAGO;;19,10;
189;202306;202306;NOME DA PESSOA FISICA;15211215310;;TERESINA;TERESINA;RUA FICTICIA 021;8433;COMPLEMENTO 105;64000-000;BAIRRO 015;A1;-42,760000000000;-5,100000000000;Residencial;Resid. Baixa Renda;B1_RESID;19/01/2023;LG;000000000189;0000000189;12;B;;MO;U;;0;;1;B;300000000189;0202306000000189;;0,00;228,00000000000000;228,00000000000000;23/06/2023;20230712;19/05/2023;16/06/2023;29;;NAO;;0,00000000;0,70657895;1,68;7,78;58,88;161,10;192,22;192,22;PAGO;;13,27;
190;202306;202306;NOME DA PESSOA FISICA;15211215310;;TERESINA;TERESINA;RUA FICTICIA 021;S/N;COMPLEMENTO 106;64000-000;BAIRRO 015;A1;-42,750000000000;-5,100000000000;Residencial;Residencial Pleno;B1_RESID;19/01/2023;LG;000000000190;0000000190;12;B;;MO;U;;0;;1;B;300000000190;0202306000000190;;0,00;214,00000000000000;214,00000000000000;23/06/2023;20230711;19/05/2023;16/06/2023;29;;NAO;;0,74310000;1,08219626;1,79;8,26;62,53;231,59;254,32;254,32;PAGO;;19,08;
191;202306;202306;NOME DA PESSOA FISICA;15211215310;;BOM JESUS;BOM JESUS;RUA FICTICIA 152;3754;COMPLEMENTO 107;64900-000;BAIRRO 008;A1;-44,360000000000;-9,070000000000;Residencial;Residencial Pleno;B1_RESID;08/07/2021;LG;003000000008;0000000191;03;B;;MO;U;1;0;;1;B;300000000191;0202306000000191;;0,00;30,00000000000000;204,00000000000000;20/06/2023;20230628;06/05/2023;05/06/2023;31;;NAO;;0,74310000;1,08233333;0,25;1,16;8,77;32,47;28,80;28,80;PAGO;;28,80;
192;202306;202306;NOME DA PESSOA FISICA;15211215310;;BOM JESUS;BOM JESUS;RUA FICTICIA 153;598;COMPLEMENTO 108;64900-000;BAIRRO 073;A1;-44,360000000000;-9,080000000000;Residencial;Residencial Pleno;B1_RESID;16/07/2021;LG;000000000192;0000000192;09;B;;MO;U;;0;;1;B;300000000192;0202306000000192;;0,00;298,00000000000000;298,00000000000000;20/06/2023;20230710;16/05/2023;13/06/2023;29;;NAO;;0,74310000;1,08231544;2,50;11,51;87,08;322,53;364,60;364,60;PAGO;;42,07;
193;202306;202306;NOME DA PESSOA FISICA;15211215310;;BOM JESUS;BOM JESUS;RUA FICTICIA 154;7183;COMPLEMENTO 109;64900-000;BAIRRO 006;A1;-44,360000000000;-9,080000000000;Residencial;Residencial Pleno;B1_RESID;16/07/2021;LG;000000000193;0000000193;09;B;;MO;U;1;0;;1;B;300000000193;0202306000000193;;0,00;193,00000000000000;242,00000000000000;27/06/2023;20230705;16/05/2023;13/06/2023;29;;NAO;;0,74310000;1,08217617;1,61;7,45;56,39;208,86;243,03;243,03;PAGO;;34,17;
194;202306;202306;NOME DA PESSOA FISICA;15211215310;;SAO RAIMUNDO NONATO;SAO RAIMUNDO NONATO;RUA FICTICIA 155;267; ;64770-000;BAIRRO 006;A1;-42,690000000000;-9,010000000000;Residencial;Residencial Pleno;B1_RESID;20/07/2021;LG;000000000194;0000000194;11;B;;MO;U;;0;;1;B;300000000194;0202306000000194;;0,00;246,00000000000000;246,00000000000000;22/06/2023;20230619;18/05/2023;15/06/2023;29;;NAO;;0,74310000;1,08219512;2,06;9,49;71,88;266,22;300,77;300,77;PAGO;;28,61;
195;202306;202306;NOME DA PESSOA FISICA;15211215310;;CRISTINO CASTRO;CRISTINO CASTRO;RUA FICTICIA 156;9568;COMPLEMENTO 008;64920-000;BAIRRO 008;A1;-44,220000000000;-8,820000000000;Residencial;Residencial Pleno;B1_RESID;12/04/2022;LG;000000000195;0000000195;07;B;;MO;U;;0;;1;B;300000000195;0202306000000195;;0,00;83,00000000000000;83,00000000000000;16/06/2023;20230615;12/05/2023;10/06/2023;30;;NAO;;0,74310000;0,99987952;0,69;3,20;17,43;82,99;88,21;88,21;PAGO;;5,22;
196;202306;202306;NOME DA PESSOA FISICA;15211215310;;PEDRO II;PEDRO II;RUA FICTICIA 157;3754;COMPLEMENTO 025;64255-000;BAIRRO 017;A1;-41,450000000000;-4,420000000000;Residencial;Resid. Baixa Renda;B1_RESID;09/04/2022;LG;000000000196;0000000196;05;B;;MO;U;;0;;1;B;300000000196;0202306000000196;;0,00;54,00000000000000;54,00000000000000;15/06/2023;20230805;10/05/2023;07/06/2023;29;;NAO;;0,00000000;0,40666667;0,40;1,84;10,02;21,96;31,52;31,52;PAGO;;2,94;
197;202306;202306;NOME DA PESSOA FISICA;15211215310;;IPIRANGA DO PIAUI;IPIRANGA DO PIAUI;RUA FICTICIA 158;S/N; ;64540-000;BAIRRO 003;A1;-41,840000000000;-6,750000000000;Rural;Rural Residencial Rural;B2_RUR;25/08/2022;LG;000000000197;0000000197;16;B;;MO;R;;0;;1;B;300000000197;0202306000000197;;0,00;74,00000000000000;74,00000000000000;29/06/2023;20230727;25/05/2023;22/06/2023;29;;NAO;;0,69852000;0,93972973;0,62;2,86;14,60;69,54;71,83;71,83;PAGO;;0,00;
198;202306;202306;NOME DA PESSOA FISICA;15211215310;;CORRENTE;CORRENTE;RUA FICTICIA 159;1864;COMPLEMENTO 110;64980-000;BAIRRO 074;A1;-45,170000000000;-10,450000000000;Residencial;Resid. Baixa Renda;B1_RESID;24/07/2021;LG;000000000198;0000000198;15;B;;MO;U;;0;;1;B;300000000198;0202306000000198;;0,00;193,00000000000000;193,00000000000000;20/07/2023;20230801;24/05/2023;21/06/2023;29;;NAO;;0,00000000;0,62336788;1,43;6,58;35,81;120,31;154,74;154,74;PAGO;;17,88;
199;202306;202306;NOME DA PESSOA FISICA;15211215310;;PARNAIBA;PARNAIBA;RUA FICTICIA 160;4424;COMPLEMENTO 111;64208-000;BAIRRO 075;A1;-41,750000000000;-2,920000000000;Residencial;Residencial Pleno;B1_RESID;21/07/2021;LG;000000000199;0000000199;12;B;;MO;U;;0;;1;B;300000000199;0202306000000199;;0,00;54,00000000000000;54,00000000000000;23/06/2023;20230704;19/05/2023;16/06/2023;29;;NAO;;0,74310000;1,00000000;0,45;2,09;11,34;54,00;62,73;62,73;PAGO;;7,22;
200;202306;202306;NOME DA PESSOA FISICA;15211215310;;TERESINA;TERESINA;RUA FICTICIA 161;S/N; ;64000-000;BAIRRO 076;A1;-42,730000000000;-4,930000000000;Residencial;Resid. Baixa Renda;B1_RESID;26/01/2023;LG;000000000200;0000000200;16;B;;MO;R;;0;;1;B;300000000200;0202306000000200;;0,00;45,00000000000000;45,00000000000000;30/06/2023;20230626;25/05/2023;22/06/2023;29;;NAO;;0,00000000;0,30177778;0,33;1,53;0,00;13,58;16,17;16,17;PAGO;;1,53;
201;202306;202306;NOME DA PESSOA FISICA;15211215310;;TERESINA;TERESINA;RUA FICTICIA 162;S/N; ;64000-000;BAIRRO 076;A1;-42,630000000000;-5,220000000000;Residencial;Residencial Pleno;B1_RESID;02/08/2023;LG;000000000201;0000000201;13;B;;MO;R;;0;;1;B;300000000201;0202306000000201;;0,00;195,00000000000000;195,00000000000000;26/06/2023;20230724;20/05/2023;19/06/2023;31;;NAO;;0,00000000;0,62517949;1,44;6,66;36,19;121,91;154,46;154,46;PAGO;;10,87;
202;202306;202306;NOME DA PESSOA FISICA;15211215310;;TERESINA;TERESINA;RUA FICTICIA 163;8483;COMPLEMENTO 112;64000-000;BAIRRO 013;A1;-42,760000000000;-5,200000000000;Residencial;Residencial Pleno;B1_RESID;05/01/2023;LG;000000000202;0000000202;02;B;;MO;U;;0;;1;B;300000000202;0202306000000202;;0,00;244,00000000000000;244,00000000000000;12/06/2023;20230609;05/05/2023;03/06/2023;30;;NAO;;0,74310000;1,08225410;2,04;9,42;71,30;264,07;296,73;296,73;PAGO;;21,76;
203;202306;202306;EMPRESA LTDA;;70502257000108;AROAZES;AROAZES;RUA FICTICIA 164;S/N;COMPLEMENTO 113;64310-000;BAIRRO 003;A1;-41,790000000000;-6,050000000000;Poder Publico;Poder Público Municipal;B3_OUTROS;25/08/2022;LG;000000000203;0000000203;17;B;;MO;R;;0;;1;C;300000000203;0202306000000203;;0,00;30,00000000000000;0,00000000000000;21/07/2023;20230811;26/05/2023;23/06/2023;29;;NAO;;0,74310000;1,00000000;0,25;1,16;6,30;30,00;37,91;37,91;PAGO;;7,06;
204;202306;202306;NOME DA PESSOA FISICA;15211215310;;SAO RAIMUNDO NONATO;SAO RAIMUNDO NONATO;RUA FICTICIA 165;S/N; ;64770-000;BAIRRO 021;A1;-42,770000000000;-9,230000000000;Residencial;Resid. Baixa Renda Quilombola;B1_RESID;25/08/2022;LG;000000000204;0000000204;16;B;;MO;R;;0;;1;B;300000000204;0202306000000204;;0,00;94,00000000000000;94,00000000000000;30/06/2023;20230706;25/05/2023;22/06/2023;29;;NAO;;0,00000000;0,45925532;0,69;3,20;17,44;43,17;49,12;49,12;PAGO;;10,46;
205;202306;202306;NOME DA PESSOA FISICA;15211215310;;PEDRO II;PEDRO II;RUA FICTICIA 166;1079; ;64255-000;BAIRRO 077;A1;-41,450000000000;-4,440000000000;Residencial;Resid. Baixa Renda;B1_RESID;22/07/2021;LG;000000000205;0000000205;13;B;;MO;U;;0;;1;B;300000000205;0202306000000205;;0,00;179,00000000000000;179,00000000000000;26/06/2023;20230707;20/05/2023;19/06/2023;31;;NAO;;0,00000000;0,61005587;1,33;6,11;33,22;109,20;158,39;158,39;PAGO;;14,60;
206;202306;202306;NOME DA PESSOA FISICA;15211215310;;SOCORRO DO PIAUI;SOCORRO DO PIAUI;RUA FICTICIA 167;664;COMPLEMENTO 114;64720-000;BAIRRO 006;A1;-42,490000000000;-7,860000000000;Residencial;Resid. Baixa Renda;B1_RESID;07/07/2021;LG;000000000206;0000000206;02;B;;MO;U;;0;;1;B;300000000206;0202306000000206;;0,00;73,00000000000000;73,00000000000000;13/06/2023;20230606;05/05/2023;03/06/2023;30;;NAO;;0,00000000;0,43904110;0,54;2,49;13,55;32,05;42,29;42,29;PAGO;;1,90;
207;202306;202306;NOME DA PESSOA FISICA;15211215310;;TERESINA;TERESINA;RUA FICTICIA 168;S/N;COMPLEMENTO 115;64000-000;BAIRRO 078;A1;-42,830000000000;-4,980000000000;Residencial;Resid. Baixa Renda;B1_RESID;06/06/2023;LG;000000000207;0000000207;06;B;;MO;U;;0;;1;B;300000000207;0202306000000207;;0,00;217,00000000000000;217,00000000000000;29/07/2023;20230804;11/05/2023;09/06/2023;30;;NAO;;0,00000000;0,69516129;1,60;7,40;56,03;150,85;266,17;266,17;PAGO;;12,43;
208;202306;202306;NOME DA PESSOA FISICA;15211215310;;DOM INOCENCIO;DOM INOCENCIO;RUA FICTICIA 169;S/N; ;64790-000;BAIRRO 004;A1;-41,990000000000;-8,960000000000;Residencial;Resid. Baixa Renda;B1_RESID;20/07/2021;LG;000000000208;0000000208;11;B;;MO;R;;0;;1;B;300000000208;0202306000000208;;0,00;96,00000000000000;96,00000000000000;23/06/2023;20230626;18/05/2023;15/06/2023;29;;NAO;;0,00000000;0,46083333;0,71;3,28;17,81;44,24;62,24;62,24;PAGO;;6,31;
209;202306;202306;NOME DA PESSOA FISICA;15211215310;;RIBEIRA DO PIAUI;RIBEIRA DO PIAUI;RUA FICTICIA 170;S/N; ;64725-000;BAIRRO 003;A1;-42,710000000000;-7,690000000000;Residencial;Residencial Pleno;B1_RESID;07/07/2021;LG;000000000209;0000000209;02;B;;MO;U;;0;;1;B;300000000209;0202306000000209;;0,00;127,00000000000000;127,00000000000000;12/06/2023;20230606;05/05/2023;03/06/2023;30;;NAO;;0,74310000;1,00000000;1,07;4,90;26,67;127,00;150,59;150,59;PAGO;;23,59;
210;202306;202306;NOME DA PESSOA FISICA;15211215310;;ELIZEU MARTINS;ELIZEU MARTINS;RUA FICTICIA 171;611;COMPLEMENTO 116;64880-000;BAIRRO 055;A1;-43,660000000000;-8,100000000000;Residencial;Resid. Baixa Renda;B1_RESID;10/07/2021;LG;000000000210;0000000210;05;B;;MO;U;;0;;1;B;300000000210;0202306000000210;;0,00;78,00000000000000;78,00000000000000;15/06/2023;20230628;10/05/2023;07/06/2023;29;;NAO;;0,00000000;0,44474359;0,58;2,66;14,46;34,69;62,49;62,49;PAGO;;3,87;
211;202306;202306;NOME DA PESSOA FISICA;15211215310;;NOVO SANTO ANTONIO;NOVO SANTO ANTONIO;RUA FICTICIA 172;S/N;COMPLEMENTO 117;64365-000;BAIRRO 003;A1;-42,030000000000;-5,230000000000;Rural;Rural Residencial Rural;B2_RUR;10/07/2021;LG;000000000211;0000000211;05;B;;MO;R;;0;;1;B;300000000211;0202306000000211;;0,00;113,00000000000000;113,00000000000000;15/06/2023;20230707;10/05/2023;07/06/2023;29;;NAO;;0,69852000;0,93991150;0,95;4,36;22,31;106,21;109,01;109,01;PAGO;;0,00;
212;202306;202306;EMPRESA LTDA;;70502257000108;VARZEA BRANCA;VARZEA BRANCA;RUA FICTICIA 173;S/N; ;64773-000;BAIRRO 003;A1;-42,950000000000;-9,220000000000;Poder Publico;Poder Público Municipal;B3_OUTROS;22/07/2021;LG;000000000212;0000000212;13;B;;TR;R;;0;;1;C;300000000212;0202306000000212;;0,00;458,00000000000000;458,00000000000000;30/07/2023;20230801;20/05/2023;19/06/2023;31;;NAO;;0,74310000;1,08229258;3,84;17,69;133,83;495,69;529,72;529,72;PAGO;;34,03;
213;202306;202306;NOME DA PESSOA FISICA;15211215310;;PIMENTEIRAS;PIMENTEIRAS;RUA FICTICIA 174;S/N; ;64320-000;BAIRRO 003;A1;-41,260000000000;-6,640000000000;Residencial;Resid. Baixa Renda;B1_RESID;14/07/2021;LG;000000000213;0000000213;07;B;;MO;R;;0;;1;B;300000000213;0202306000000213;;0,00;92,00000000000000;92,00000000000000;16/06/2023;20230621;12/05/2023;10/06/2023;30;;NAO;;0,00000000;0,45793478;0,68;3,14;17,07;42,13;60,48;60,48;PAGO;;7,22;
214;202306;202306;NOME DA PESSOA FISICA;15211215310;;AMARANTE;AMARANTE;RUA FICTICIA 175;S/N; ;64400-000;BAIRRO 079;A1;-42,860000000000;-6,230000000000;Residencial;Resid. Baixa Renda;B1_RESID;21/07/2021;LG;000000000214;0000000214;12;B;;MO;U;;0;;1;B;300000000214;0202306000000214;;0,00;111,00000000000000;111,00000000000000;23/06/2023;20230718;19/05/2023;16/06/2023;29;;NAO;;0,00000000;0,49639640;0,82;3,79;20,60;55,10;92,02;92,02;PAGO;;7,04;
215;202306;202306;NOME DA PESSOA FISICA;15211215310;;SANTA FILOMENA;SANTA FILOMENA;RUA FICTICIA 176;S/N;COMPLEMENTO 118;64945-000;BAIRRO 006;A1;-45,920000000000;-9,120000000000;Residencial;Residencial Pleno;B1_RESID;06/10/2021;LG;000000000215;0000000215;02;B;;MO;U;;0;;1;B;300000000215;0202306000000215;;0,00;70,00000000000000;70,00000000000000;13/06/2023;20230606;05/05/2023;03/06/2023;30;;NAO;;0,74310000;1,00014286;0,59;2,71;14,70;70,01;81,01;81,01;PAGO;;2,24;
216;202306;202306;NOME DA PESSOA FISICA;15211215310;;SANTO ANTONIO DE LISBOA;SANTO ANTONIO DE LISBOA;RUA FICTICIA 177;S/N; ;64640-000;BAIRRO 003;A1;-41,220000000000;-7,090000000000;Residencial;Resid. Baixa Renda;B1_RESID;24/07/2021;LG;000000000216;0000000216;15;B;;MO;R;;0;;1;B;300000000216;0202306000000216;;0,00;94,00000000000000;94,00000000000000;28/06/2023;20230630;24/05/2023;21/06/2023;29;;NAO;;0,00000000;0,45925532;0,69;3,20;17,44;43,17;56,91;56,91;PAGO;;2,57;
217;202306;202306;NOME DA PESSOA FISICA;15211215310;;ALEGRETE DO PIAUI;ALEGRETE DO PIAUI;RUA FICTICIA 178;S/N; ;64675-000;BAIRRO 006;A1;-40,860000000000;-7,240000000000;Residencial;Resid. Baixa Renda;B1_RESID;23/07/2021;LG;000000000217;0000000217;14;B;;MO;U;;0;;1;B;300000000217;0202306000000217;;0,00;64,00000000000000;64,00000000000000;27/06/2023;20230629;23/05/2023;20/06/2023;29;;NAO;;0,00000000;0,42625000;0,48;2,18;11,88;27,28;37,96;37,96;PAGO;;2,24;
218;202306;202306;NOME DA PESSOA FISICA;15211215310;;JARDIM DO MULATO;JARDIM DO MULATO;RUA FICTICIA 179;S/N; ;64495-000;BAIRRO 008;A1;-42,640000000000;-6,090000000000;Residencial;Residencial Pleno;B1_RESID;10/04/2021;LG;000000000218;0000000218;06;B;;MO;U;;0;;1;B;300000000218;0202306000000218;;0,00;30,00000000000000;0,00000000000000;16/06/2023;20230616;11/05/2023;09/06/2023;30;;NAO;;0,74310000;0,79000000;0,25;1,16;0,00;23,70;80,51;80,51;PAGO;;3,34;
219;202306;202306;NOME DA PESSOA FISICA;15211215310;;TERESINA;TERESINA;RUA FICTICIA 180;910; ;64000-000;BAIRRO 080;A1;-42,760000000000;-5,180000000000;Residencial;Residencial Pleno;B1_RESID;04/01/2023;LG;000000000219;0000000219;01;B;;MO;U;;0;;1;B;300000000219;0202306000000219;;0,00;305,00000000000000;305,00000000000000;10/07/2023;20230728;04/05/2023;02/06/2023;30;;NAO;;0,74310000;1,08232787;2,56;11,78;89,13;330,11;357,31;357,31;PAGO;;27,20;
220;202306;202306;NOME DA PESSOA FISICA;15211215310;;PICOS;PICOS;RUA FICTICIA 181;3877;COMPLEMENTO 119;64600-000;BAIRRO 081;A1;-41,480000000000;-7,080000000000;Residencial;Resid. Baixa Renda;B1_RESID;08/07/2021;LG;000000000220;0000000220;03;B;;MO;U;;0;;1;B;300000000220;0202306000000220;;0,00;275,00000000000000;275,00000000000000;13/06/2023;20230630;06/05/2023;05/06/2023;31;;NAO;;0,00000000;0,74927273;2,03;9,38;71,02;206,05;266,75;266,75;PAGO;;35,00;
221;202306;202306;NOME DA PESSOA FISICA;15211215310;;CAPITAO DE CAMPOS;CAPITAO DE CAMPOS;RUA FICTICIA 182;S/N; ;64270-000;BAIRRO 021;A1;-42,040000000000;-4,400000000000;Residencial;Resid. Baixa Renda;B1_RESID;25/07/2023;LG;003000000009;0000000221;18;B;;MO;R;;0;;1;B;300000000221;0202306000000221;;0,00;317,00000000000000;317,00000000000000;03/07/2023;20230721;27/05/2023;26/06/2023;31;;NAO;;0,74310000;1,08223975;2,65;12,24;92,63;343,07;412,36;412,36;PAGO;;58,89;
222;202306;202306;NOME DA PESSOA FISICA;15211215310;;PIRIPIRI;PIRIPIRI;RUA FICTICIA 183;2549;COMPLEMENTO 120;64260-000;BAIRRO 082;A1;-41,780000000000;-4,260000000000;Residencial;Resid. Baixa Renda;B1_RESID;27/07/2021;LG;000000000222;0000000222;14;B;;MO;U;;0;;1;B;300000000222;0202306000000222;;0,00;269,00000000000000;269,00000000000000;27/06/2023;20230629;23/05/2023;20/06/2023;29;;NAO;;0,00000000;0,74457249;1,99;9,18;69,45;200,29;244,46;244,46;PAGO;;22,00;
223;202306;202306;NOME DA PESSOA FISICA;15211215310;;PARNAIBA;PARNAIBA;RUA FICTICIA 184;5885;COMPLEMENTO 121;64208-000;BAIRRO 033;A1;-41,750000000000;-2,920000000000;Residencial;Residencial Pleno;B1_RESID;21/07/2021;LG;000000000223;0000000223;12;B;;MO;U;;0;;1;B;300000000223;0202306000000223;;0,00;30,00000000000000;19,00000000000000;23/06/2023;20230727;19/05/2023;16/06/2023;29;;NAO;;0,74310000;0,79000000;0,25;1,16;0,00;23,70;23,70;23,70;PAGO;;0,00;
224;202306;202306;NOME DA PESSOA FISICA;15211215310;;FLORIANO;FLORIANO;RUA FICTICIA 185;8073;COMPLEMENTO 122;64800-000;BAIRRO 008;A1;-43,030000000000;-6,780000000000;Residencial;Residencial Pleno;B1_RESID;08/07/2021;LG;000000000224;0000000224;03;B;;MO;U;;0;;1;B;300000000224;0202306000000224;;0,00;225,00000000000000;225,00000000000000;25/06/2023;20230614;06/05/2023;05/06/2023;31;;NAO;;0,74310000;1,08226667;1,88;8,69;65,75;243,51;263,57;263,57;PAGO;;20,06;
225;202306;202306;NOME DA PESSOA FISICA;15211215310;;PIRIPIRI;PIRIPIRI;RUA FICTICIA 186;S/N; ;64260-000;BAIRRO 003;A1;-41,910000000000;-4,300000000000;Rural;Rural Agropecuária;B2_RUR;21/07/2021;LG;000000000225;0000000225;12;B;;MO;R;;0;;1;B;300000000225;0202306000000225;;0,00;45,00000000000000;45,00000000000000;23/06/2023;20230628;19/05/2023;16/06/2023;29;;NAO;;0,69852000;0,93955556;0,38;1,74;8,88;42,28;43,34;43,34;PAGO;;0,00;
226;202306;202306;NOME DA PESSOA FISICA;15211215310;;PARNAIBA;PARNAIBA;RUA FICTICIA 187;3822;COMPLEMENTO 123;64208-000;BAIRRO 003;A1;-41,810000000000;-3,030000000000;Residencial;Resid. Baixa Renda Multifamiliar;B1_RESID;23/10/2021;LG;000000000226;0000000226;14;B;;MO;R;;0;;1;B;300000000226;0202306000000226;;0,00;133,00000000000000;133,00000000000000;27/06/2023;20230711;23/05/2023;20/06/2023;29;;NAO;;0,00000000;0,43045113;0,98;4,54;24,68;57,25;100,89;100,89;PAGO;;7,66;
227;202306;202306;NOME DA PESSOA FISICA;15211215310;;CAMPO GRANDE DO PIAUI;CAMPO GRANDE DO PIAUI;RUA FICTICIA 188;S/N;COMPLEMENTO 124;64578-000;BAIRRO 006;A1;-41,040000000000;-7,140000000000;Residencial;Resid. Baixa Renda;B1_RESID;16/03/2022;LG;000000000227;0000000227;09;B;;MO;U;;0;;1;B;300000000227;0202306000000227;;0,00;84,00000000000000;84,00000000000000;20/06/2023;20230801;16/05/2023;13/06/2023;29;;NAO;;0,00000000;0,45119048;0,62;2,87;15,59;37,90;54,24;54,24;PAGO;;4,89;
228;202306;202306;NOME DA PESSOA FISICA;15211215310;;BOM JESUS;BOM JESUS;RUA FICTICIA 189;4115; ;64900-000;BAIRRO 083;A1;-44,370000000000;-9,060000000000;Residencial;Residencial Pleno;B1_RESID;22/07/2021;LG;000000000228;0000000228;13;B;;MO;U;;0;;1;B;300000000228;0202306000000228;;0,00;107,00000000000000;107,00000000000000;26/06/2023;20230801;20/05/2023;19/06/2023;31;;NAO;;0,74310000;1,00000000;0,90;4,13;22,47;107,00;122,11;122,11;PAGO;;15,11;
229;202306;202306;NOME DA PESSOA FISICA;15211215310;;LUIS CORREIA;LUIS CORREIA;RUA FICTICIA 190;8738;COMPLEMENTO 125;64220-000;BAIRRO 034;A1;-41,670000000000;-2,880000000000;Residencial;Resid. Baixa Renda;B1_RESID;04/06/2022;LG;000000000229;0000000229;02;B;;MO;U;;0;;1;B;300000000229;0202306000000229;;0,00;140,00000000000000;140,00000000000000;12/06/2023;20230802;05/05/2023;03/06/2023;30;;NAO;;0,00000000;0,55835714;1,04;4,77;25,98;78,17;108,09;108,09;PAGO;;14,52;
230;202306;202306;NOME DA PESSOA FISICA;15211215310;;PARNAIBA;PARNAIBA;RUA FICTICIA 042;4167;COMPLEMENTO 126;64208-000;BAIRRO 025;A1;-41,710000000000;-2,890000000000;Residencial;Residencial Pleno;B1_RESID;25/08/2022;LG;000000000230;0000000230;17;B;;MO;U;;0;;1;B;300000000230;0202306000000230;;0,00;88,00000000000000;88,00000000000000;30/06/2023;20230714;26/05/2023;23/06/2023;29;;NAO;;0,74310000;1,00022727;0,74;3,40;18,49;88,02;101,63;101,63;PAGO;;11,77;
231;202306;202306;NOME DA PESSOA FISICA;15211215310;;DEMERVAL LOBAO;DEMERVAL LOBAO;RUA FICTICIA 191;6005; ;64390-000;BAIRRO 008;A1;-42,680000000000;-5,370000000000;Residencial;Residencial Pleno;B1_RESID;03/11/2022;LG;000000000231;0000000231;15;B;;MO;U;;0;;1;B;300000000231;0202306000000231;;0,00;151,00000000000000;151,00000000000000;28/06/2023;20230703;24/05/2023;21/06/2023;29;;NAO;;0,74310000;1,00000000;1,26;5,83;31,71;151,00;160,75;160,75;PAGO;;9,75;
232;202306;202306;NOME DA PESSOA FISICA;15211215310;;BOCAINA;BOCAINA;RUA FICTICIA 192;S/N;COMPLEMENTO 127;64630-000;BAIRRO 003;A1;-41,340000000000;-6,870000000000;Comercial, Servicos e Outras A;Comercial;B3_OUTROS;01/07/2022;LG;000000000232;0000000232;11;B;;TR;R;;0;;1;B;300000000232;0202306000000232;;0,00;100,00000000000000;39,00000000000000;22/06/2023;20230626;18/05/2023;15/06/2023;29;;NAO;;0,74310000;1,00010000;0,84;3,86;21,00;100,01;113,43;113,43;PAGO;;11,15;
233;202306;202306;NOME DA PESSOA FISICA;15211215310;;COCAL;COCAL;RUA FICTICIA 193;929;COMPLEMENTO 128;64235-000;BAIRRO 027;A1;-41,540000000000;-3,470000000000;Residencial;Resid. Baixa Renda;B1_RESID;14/07/2021;LG;000000000233;0000000233;07;B;;MO;U;;0;;1;B;300000000233;0202306000000233;;0,00;143,00000000000000;143,00000000000000;16/06/2023;20230707;12/05/2023;10/06/2023;30;;NAO;;0,00000000;0,56342657;1,06;4,88;26,54;80,57;105,51;105,51;PAGO;;13,17;
234;202306;202306;NOME DA PESSOA FISICA;15211215310;;CAPITAO GERVASIO OLIVEIRA;CAPITAO GERVASIO OLIVEIRA;RUA FICTICIA 194;S/N; ;64763-000;BAIRRO 006;A1;-41,820000000000;-8,490000000000;Rural;Rural Residencial Rural;B2_RUR;02/10/2021;LG;000000000234;0000000234;01;B;;MO;R;;0;;1;B;300000000234;0202306000000234;;0,00;136,00000000000000;136,00000000000000;12/06/2023;20230624;04/05/2023;02/06/2023;30;;NAO;;0,69852000;0,93992647;1,14;5,25;26,85;127,83;131,96;131,96;PAGO;;0,00;
235;202306;202306;NOME DA PESSOA FISICA;15211215310;;RIBEIRA DO PIAUI;RIBEIRA DO PIAUI;RUA FICTICIA 195;3151;COMPLEMENTO 129;64725-000;BAIRRO 003;A1;-42,650000000000;-7,860000000000;Rural;Rural Residencial Rural;B2_RUR;14/07/2021;LG;000000000235;0000000235;07;B;;MO;R;;0;;1;B;300000000235;0202306000000235;;0,00;39,00000000000000;39,00000000000000;16/06/2023;20230701;12/05/2023;10/06/2023;30;;NAO;;0,69852000;0,93923077;0,32;1,50;7,70;36,63;37,45;37,45;PAGO;;0,00;
236;202306;202306;NOME DA PESSOA FISICA;15211215310;;JAICOS;JAICOS;RUA FICTICIA 196;S/N; ;64575-000;BAIRRO 004;A1;-41,250000000000;-7,370000000000;Rural;Rural Residencial Rural;B2_RUR;07/07/2021;LG;000000000236;0000000236;02;B;;MO;R;;0;;1;B;300000000236;0202306000000236;;0,00;55,00000000000000;55,00000000000000;12/06/2023;20230708;05/05/2023;03/06/2023;30;;NAO;;0,69852000;0,93981818;0,46;2,13;10,86;51,69;60,26;60,26;PAGO;;3,78;
237;202306;202306;NOME DA PESSOA FISICA;15211215310;;FLORIANO;FLORIANO;RUA FICTICIA 197;9342;COMPLEMENTO 130;64800-000;BAIRRO 084;A1;-43,020000000000;-6,790000000000;Residencial;Resid. Baixa Renda;B1_RESID;06/07/2021;LG;000000000237;0000000237;01;B;;MO;U;;0;;1;B;300000000237;0202306000000237;;0,00;138,00000000000000;138,00000000000000;25/06/2023;20230711;04/05/2023;02/06/2023;30;;NAO;;0,00000000;0,55478261;1,02;4,70;25,61;76,56;108,95;108,95;PAGO;;6,83;
238;202306;202306;NOME DA PESSOA FISICA;15211215310;;TERESINA;TERESINA;RUA FICTICIA 118;5252;COMPLEMENTO 131;64000-000;BAIRRO 051;A1;-42,790000000000;-5,050000000000;Residencial;Residencial Pleno;B1_RESID;28/01/2023;LG;000000000238;0000000238;19;B;;MO;U;;0;;1;B;300000000238;0202306000000238;;0,00;98,00000000000000;98,00000000000000;04/07/2023;20230718;30/05/2023;27/06/2023;29;;NAO;;0,74310000;1,00010204;0,82;3,79;20,58;98,01;109,18;109,18;PAGO;;8,74;
239;202306;202306;NOME DA PESSOA FISICA;15211215310;;AGUA BRANCA;AGUA BRANCA;RUA FICTICIA 198;9837;COMPLEMENTO 025;64460-000;BAIRRO 085;A1;-42,640000000000;-5,890000000000;Residencial;Resid. Baixa Renda;B1_RESID;08/07/2021;LG;000000000239;0000000239;03;B;;MO;U;;0;;1;B;300000000239;0202306000000239;;0,00;194,00000000000000;194,00000000000000;13/06/2023;20230612;06/05/2023;05/06/2023;31;;NAO;;0,00000000;0,62427835;1,43;6,61;36,01;121,11;150,21;150,21;PAGO;;16,17;
240;202306;202306;NOME DA PESSOA FISICA;15211215310;;FLORIANO;FLORIANO;RUA FICTICIA 199;174;COMPLEMENTO 132;64800-000;BAIRRO 008;A1;-43,030000000000;-6,770000000000;Residencial;Resid. Baixa Renda;B1_RESID;14/07/2021;LG;000000000240;0000000240;07;B;;MO;U;;0;;1;B;300000000240;0202306000000240;;0,00;99,00000000000000;99,00000000000000;16/06/2023;20230725;12/05/2023;10/06/2023;30;;NAO;;0,00000000;0,46303030;0,74;3,38;18,36;45,84;63,44;63,44;PAGO;;4,09;
241;202306;202306;NOME DA PESSOA FISICA;15211215310;;PARNAIBA;PARNAIBA;RUA FICTICIA 200;1992;COMPLEMENTO 133;64208-000;BAIRRO 086;A1;-41,760000000000;-2,930000000000;Residencial;Residencial Pleno;B1_RESID;08/10/2021;LG;000000000241;0000000241;05;B;;MO;U;;0;;1;B;300000000241;0202306000000241;;0,00;309,00000000000000;309,00000000000000;15/06/2023;20230616;10/05/2023;07/06/2023;29;;NAO;;0,74310000;1,08229773;2,59;11,93;90,30;334,43;385,83;385,83;PAGO;;41,33;
242;202306;202306;NOME DA PESSOA FISICA;15211215310;;TERESINA;TERESINA;RUA FICTICIA 201;S/N;COMPLEMENTO 134;64000-000;BAIRRO 001;A1;-42,740000000000;-5,200000000000;Residencial;Residencial Pleno;B1_RESID;05/01/2023;LG;000000000242;0000000242;01;B;;MO;U;;0;;1;B;300000000242;0202306000000242;;0,00;116,00000000000000;116,00000000000000;12/06/2023;20230703;04/05/2023;02/06/2023;30;;NAO;;0,74310000;1,00008621;0,98;4,48;24,36;116,01;129,28;129,28;PAGO;;10,34;
243;202306;202306;NOME DA PESSOA FISICA;15211215310;;ESPERANTINA;ESPERANTINA;RUA FICTICIA 202;2793; ;64180-000;BAIRRO 087;A1;-42,240000000000;-3,890000000000;Residencial;Residencial Pleno;B1_RESID;13/01/2023;LG;000000000243;0000000243;07;B;;MO;U;1;0;;1;B;300000000243;0202306000000243;;0,00;30,00000000000000;75,00000000000000;15/07/2023;20230630;12/05/2023;10/06/2023;30;;NAO;;0,74310000;1,00000000;0,25;1,16;6,30;30,00;35,57;35,57;PAGO;;5,57;
244;202306;202306;NOME DA PESSOA FISICA;15211215310;;TERESINA;TERESINA;RUA FICTICIA 203;9723; ;64000-000;BAIRRO 076;A1;-42,760000000000;-5,000000000000;Comercial, Servicos e Outras A;Comerc. Outros Serviços e Atividades;B3_OUTROS;14/04/2023;LG;000000000244;0000000244;08;B;;MO;U;;0;;1;C;300000000244;0202306000000244;;0,00;30,00000000000000;30,00000000000000;25/06/2023;20230627;13/05/2023;12/06/2023;31;;NAO;;0,74310000;1,00000000;0,25;1,16;6,30;30,00;30,66;30,66;PAGO;;0,00;
245;202306;202306;NOME DA PESSOA FISICA;15211215310;;TERESINA;TERESINA;RUA FICTICIA 204;5112;COMPLEMENTO 135;64000-000;BAIRRO 088;A1;-42,790000000000;-5,060000000000;Residencial;Residencial Pleno;B1_RESID;28/01/2023;LG;000000000245;0000000245;19;B;;TR;U;;0;;1;B;300000000245;0202306000000245;;0,00;666,00000000000000;666,00000000000000;04/07/2023;20230708;30/05/2023;27/06/2023;29;;NAO;;0,74310000;1,08231231;5,58;25,72;194,62;720,82;798,81;798,81;PAGO;;59,39;
246;202306;202306;NOME DA PESSOA FISICA;15211215310;;FLORIANO;FLORIANO;RUA FICTICIA 053;6848;COMPLEMENTO 010;64800-000;BAIRRO 089;A1;-43,020000000000;-6,760000000000;Residencial;Residencial Pleno;B1_RESID;10/07/2021;LG;000000000246;0000000246;05;B;;MO;U;;0;;1;B;300000000246;0202306000000246;;0,00;88,00000000000000;88,00000000000000;15/06/2023;20230612;10/05/2023;07/06/2023;29;;NAO;;0,74310000;1,00022727;0,74;3,40;18,49;88,02;95,87;95,87;PAGO;;7,85;
247;202306;202306;NOME DA PESSOA FISICA;15211215310;;OEIRAS;OEIRAS;RUA FICTICIA 205;457;COMPLEMENTO 136;64500-000;BAIRRO 090;A1;-42,130000000000;-7,020000000000;Residencial;Residencial Pleno;B1_RESID;04/10/2022;LG;000000000247;0000000247;12;B;;MO;U;1;0;;1;B;300000000247;0202306000000247;;0,00;30,00000000000000;114,00000000000000;03/07/2023;20230713;19/05/2023;16/06/2023;29;;NAO;;0,74310000;0,99933333;0,25;1,16;6,30;29,98;40,80;40,80;PAGO;;10,16;
248;202306;202306;NOME DA PESSOA FISICA;15211215310;;NOSSA SENHORA DE NAZARE;NOSSA SENHORA DE NAZARE;RUA FICTICIA 206;S/N;COMPLEMENTO 137;64288-000;BAIRRO 091;A1;-42,130000000000;-4,680000000000;Residencial;Resid. Baixa Renda;B1_RESID;24/07/2021;LG;000000000248;0000000248;15;B;;MO;R;;0;;1;B;300000000248;0202306000000248;;0,00;90,00000000000000;90,00000000000000;28/06/2023;20230628;24/05/2023;21/06/2023;29;;NAO;;0,00000000;0,45611111;0,66;3,06;16,69;41,05;57,02;57,02;PAGO;;6,10;
249;202306;202306;NOME DA PESSOA FISICA;15211215310;;CASTELO DO PIAUI;CASTELO DO PIAUI;RUA FICTICIA 207;1790;COMPLEMENTO 138;64340-000;BAIRRO 008;A1;-41,550000000000;-5,320000000000;Residencial;Residencial Pleno;B1_RESID;17/07/2021;LG;000000000249;0000000249;10;B;;MO;U;;0;;1;B;300000000249;0202306000000249;;0,00;110,00000000000000;110,00000000000000;22/06/2023;20230626;17/05/2023;14/06/2023;29;;NAO;;0,74310000;1,00000000;0,92;4,24;23,10;110,00;127,29;127,29;PAGO;;14,68;
250;202306;202306;NOME DA PESSOA FISICA;15211215310;;ITAUEIRA;ITAUEIRA;RUA FICTICIA 208;6913;COMPLEMENTO 139;64820-000;BAIRRO 092;A1;-43,030000000000;-7,600000000000;Residencial;Residencial Pleno;B1_RESID;10/07/2021;LG;000000000250;0000000250;05;B;;MO;U;;0;;1;B;300000000250;0202306000000250;;0,00;119,00000000000000;119,00000000000000;25/07/2023;20230628;10/05/2023;07/06/2023;29;;NAO;;0,74310000;0,99991597;0,99;4,59;24,99;118,99;126,06;126,06;PAGO;;7,07;
251;202306;202306;NOME DA PESSOA FISICA;15211215310;;ALTOS;ALTOS;RUA FICTICIA 209;6640;COMPLEMENTO 008;64290-000;BAIRRO 008;A1;-42,450000000000;-5,030000000000;Residencial;Residencial Pleno;B1_RESID;14/01/2022;LG;000000000251;0000000251;08;B;;MO;U;;0;;1;B;300000000251;0202306000000251;;0,00;423,00000000000000;423,00000000000000;19/06/2023;20230619;13/05/2023;12/06/2023;31;;NAO;;0,74310000;1,08224586;3,54;16,33;123,60;457,79;700,59;700,59;PAGO;;72,06;
252;202306;202306;NOME DA PESSOA FISICA;15211215310;;MANOEL EMIDIO;MANOEL EMIDIO;RUA FICTICIA 210;9421;COMPLEMENTO 140;64875-000;BAIRRO 093;A1;-43,870000000000;-8,010000000000;Residencial;Resid. Baixa Renda;B1_RESID;27/08/2022;LG;000000000252;0000000252;18;B;;MO;U;;0;;1;B;300000000252;0202306000000252;;0,00;127,00000000000000;127,00000000000000;03/07/2023;20230807;27/05/2023;26/06/2023;31;;NAO;;0,00000000;0,53409449;0,94;4,33;23,56;67,83;87,15;87,15;PAGO;;5,04;
253;202306;202306;NOME DA PESSOA FISICA;15211215310;;ALTOS;ALTOS;RUA FICTICIA 002;S/N;COMPLEMENTO 141;64290-000;BAIRRO 002;A1;-42,450000000000;-5,040000000000;Residencial;Residencial Pleno;B1_RESID;22/01/2022;LG;000000000253;0000000253;14;B;;MO;U;;0;;1;B;300000000253;0202306000000253;;0,00;340,00000000000000;340,00000000000000;27/06/2023;20230703;23/05/2023;20/06/2023;29;;NAO;;0,74310000;1,08226471;2,84;13,13;99,35;367,97;432,03;432,03;PAGO;;54,94;
254;202306;202306;EMPRESA LTDA;;70502257000108;COCAL DE TELHA;COCAL DE TELHA;RUA FICTICIA 211;9158;COMPLEMENTO 142;64278-000;BAIRRO 008;A1;-41,970000000000;-4,560000000000;Poder Publico;Poder Público Municipal;B3_OUTROS;20/07/2021;LG;000000000254;0000000254;11;B;;TR;U;;0;;1;C;300000000254;0202306000000254;;0,00;594,00000000000000;594,00000000000000;30/07/2023;20230729;18/05/2023;15/06/2023;29;;NAO;;0,74310000;1,08230640;4,98;22,94;173,58;642,89;702,76;702,76;PAGO;;59,87;
255;202306;202306;NOME DA PESSOA FISICA;15211215310;;TERESINA;TERESINA;RUA FICTICIA 212;5856;COMPLEMENTO 143;64000-000;BAIRRO 001;A1;-42,750000000000;-5,050000000000;Residencial;Resid. Baixa Renda;B1_RESID;21/01/2023;LG;000000000255;0000000255;14;B;;MO;U;;0;;1;B;300000000255;0202306000000255;;0,00;247,00000000000000;247,00000000000000;10/07/2023;20230704;23/05/2023;20/06/2023;29;;NAO;;0,00000000;0,72578947;1,83;8,43;63,78;179,27;601,69;601,69;PAGO;;14,77;
256;202306;202306;NOME DA PESSOA FISICA;15211215310;;JOSE DE FREITAS;JOSE DE FREITAS;RUA FICTICIA 213;1431;COMPLEMENTO 144;64110-000;BAIRRO 094;A1;-42,570000000000;-4,770000000000;Residencial;Resid. Baixa Renda;B1_RESID;17/07/2021;LG;000000000256;0000000256;10;B;;MO;U;;0;;1;B;300000000256;0202306000000256;;0,00;30,00000000000000;17,00000000000000;21/06/2023;20230802;17/05/2023;14/06/2023;29;;NAO;;0,00000000;0,24400000;0,22;1,03;0,00;7,32;8,13;8,13;PAGO;;0,00;
257;202306;202306;NOME DA PESSOA FISICA;15211215310;;JAICOS;JAICOS;RUA FICTICIA 214;1290; ;64575-000;BAIRRO 004;A1;-41,170000000000;-7,390000000000;Rural;Rural Residencial Rural;B2_RUR;08/07/2021;LG;000000000257;0000000257;03;B;;MO;R;;0;;1;B;300000000257;0202306000000257;;0,00;30,00000000000000;0,00000000000000;13/06/2023;20230609;06/05/2023;05/06/2023;31;;NAO;;0,69852000;0,93866667;0,26;1,15;5,91;28,16;30,12;30,12;PAGO;;1,87;
258;202306;202306;NOME DA PESSOA FISICA;15211215310;;PAULISTANA;PAULISTANA;RUA FICTICIA 215;S/N;COMPLEMENTO 145;64750-000;BAIRRO 095;A1;-41,140000000000;-8,140000000000;Residencial;Residencial Pleno;B1_RESID;25/08/2022;LG;000000000258;0000000258;16;B;;MO;U;;0;;1;B;300000000258;0202306000000258;;0,00;82,00000000000000;82,00000000000000;29/06/2023;20230711;25/05/2023;22/06/2023;29;;NAO;;0,74310000;0,99987805;0,69;3,16;17,22;81,99;97,30;97,30;PAGO;;12,18;
259;202306;202306;NOME DA PESSOA FISICA;15211215310;;TERESINA;TERESINA;RUA FICTICIA 216;5621;COMPLEMENTO 146;64000-000;BAIRRO 020;A1;-42,750000000000;-5,110000000000;Residencial;Residencial Pleno;B1_RESID;13/01/2023;LG;000000000259;0000000259;08;B;;MO;U;;0;;1;B;300000000259;0202306000000259;;0,00;210,00000000000000;210,00000000000000;19/06/2023;20230620;13/05/2023;12/06/2023;31;;NAO;;0,74310000;1,08228571;1,76;8,11;61,36;227,28;256,91;256,91;PAGO;;18,73;
260;202306;202306;NOME DA PESSOA FISICA;15211215310;;TERESINA;TERESINA;RUA FICTICIA 007;3151;COMPLEMENTO 147;64000-000;BAIRRO 005;A1;-42,760000000000;-5,110000000000;Residencial;Residencial Pleno;B1_RESID;14/04/2023;LG;000000000260;0000000260;08;B;;MO;U;;0;;1;B;300000000260;0202306000000260;;0,00;307,00000000000000;307,00000000000000;19/06/2023;20230615;13/05/2023;12/06/2023;31;;NAO;;0,74310000;1,08221498;2,57;11,85;89,70;332,24;359,61;359,61;PAGO;;27,37;
261;202306;202306;NOME DA PESSOA FISICA;15211215310;;TERESINA;TERESINA;RUA FICTICIA 217;359; ;64000-000;BAIRRO 020;A1;-42,750000000000;-5,110000000000;Residencial;Residencial Pleno;B1_RESID;13/01/2023;LG;000000000261;0000000261;07;B;;TR;U;;0;;1;B;300000000261;0202306000000261;;0,00;265,00000000000000;265,00000000000000;16/06/2023;20230612;12/05/2023;10/06/2023;30;;NAO;;0,74310000;1,08226415;2,21;10,23;77,44;286,80;310,43;310,43;PAGO;;23,63;
262;202306;202306;NOME DA PESSOA FISICA;15211215310;;PALMEIRAIS;PALMEIRAIS;RUA FICTICIA 218;S/N; ;64420-000;BAIRRO 003;A1;-43,080000000000;-5,750000000000;Rural;Rural Residencial Rural;B2_RUR;26/08/2022;LG;000000000262;0000000262;17;B;;MO;R;;0;;1;B;300000000262;0202306000000262;;0,00;198,00000000000000;198,00000000000000;30/06/2023;20230704;26/05/2023;23/06/2023;29;;NAO;;0,69852000;0,93994949;1,66;7,65;39,08;186,11;197,86;197,86;PAGO;;7,72;
263;202306;202306;NOME DA PESSOA FISICA;15211215310;;DEMERVAL LOBAO;DEMERVAL LOBAO;RUA FICTICIA 219;7178;COMPLEMENTO 148;64390-000;BAIRRO 008;A1;-42,680000000000;-5,360000000000;Residencial;Residencial Pleno;B1_RESID;01/11/2022;LG;000000000263;0000000263;12;B;;TR;U;1;0;;1;B;300000000263;0202306000000263;;0,00;100,00000000000000;2771,00000000000000;29/06/2023;20230629;19/05/2023;16/06/2023;29;;NAO;;0,74310000;1,08200000;0,84;3,86;29,21;108,20;162,35;162,35;PAGO;;54,15;
264;202306;202306;NOME DA PESSOA FISICA;15211215310;;PARNAIBA;PARNAIBA;RUA FICTICIA 220;664;COMPLEMENTO 149;64208-000;BAIRRO 033;A1;-41,740000000000;-2,920000000000;Residencial;Residencial Pleno;B1_RESID;25/08/2022;LG;000000000264;0000000264;16;B;;MO;U;;0;;1;B;300000000264;0202306000000264;;0,00;221,00000000000000;221,00000000000000;29/06/2023;20230706;25/05/2023;22/06/2023;29;;NAO;;0,74310000;1,08226244;1,85;8,53;64,58;239,18;301,17;301,17;PAGO;;29,56;
265;202306;202306;NOME DA PESSOA FISICA;15211215310;;PARNAIBA;PARNAIBA;RUA FICTICIA 221;4039;COMPLEMENTO 150;64208-000;BAIRRO 086;A1;-41,760000000000;-2,930000000000;Residencial;Residencial Pleno;B1_RESID;10/07/2021;LG;000000000265;0000000265;05;B;;MO;U;;0;;1;B;300000000265;0202306000000265;;0,00;160,00000000000000;160,00000000000000;15/06/2023;20230620;10/05/2023;07/06/2023;29;;NAO;;0,74310000;1,00006250;1,34;6,18;33,60;160,01;181,41;181,41;PAGO;;21,40;
266;202306;202306;NOME DA PESSOA FISICA;15211215310;;PICOS;PICOS;RUA FICTICIA 222;4576;COMPLEMENTO 119;64600-000;BAIRRO 096;A1;-41,470000000000;-7,080000000000;Comercial, Servicos e Outras A;Comerc. Outros Serviços e Atividades;B3_OUTROS;12/02/2022;LG;000000000266;0000000266;07;B;;TR;U;;0;;1;B;300000000266;0202306000000266;;0,00;437,00000000000000;437,00000000000000;16/06/2023;20230724;12/05/2023;10/06/2023;30;;NAO;;0,74310000;1,08228833;3,66;16,88;127,70;472,96;565,28;565,28;PAGO;;78,44;
267;202306;202306;NOME DA PESSOA FISICA;15211215310;;PICOS;PICOS;RUA FICTICIA 223;1892;COMPLEMENTO 151;64600-000;BAIRRO 008;A1;-41,460000000000;-7,080000000000;Residencial;Resid. Baixa Renda;B1_RESID;15/07/2021;LG;000000000267;0000000267;08;B;;MO;U;;0;;1;B;300000000267;0202306000000267;;0,00;196,00000000000000;196,00000000000000;10/07/2023;20230713;13/05/2023;12/06/2023;31;;NAO;;0,00000000;0,62612245;1,45;6,69;36,37;122,72;161,69;161,69;PAGO;;26,00;