The files belonging to this database system will be owned by user "postgres".
This user must also own the server process.

The database cluster will be initialized with locale "en_US.utf8".
The default database encoding has accordingly been set to "UTF8".
The default text search configuration will be set to "english".

Data page checksums are disabled.

fixing permissions on existing directory /var/lib/postgresql/data ... ok
creating subdirectories ... ok
selecting dynamic shared memory implementation ... posix
selecting default max_connections ... 100
selecting default shared_buffers ... 128MB
selecting default time zone ... Etc/UTC
creating configuration files ... ok
running bootstrap script ... ok
performing post-bootstrap initialization ... ok
initdb: warning: enabling "trust" authentication for local connections
initdb: hint: You can change this by editing pg_hba.conf or using the option -A, or --auth-local and --auth-host, the next time you run initdb.
syncing data to disk ... ok


Success. You can now start the database server using:

    pg_ctl -D /var/lib/postgresql/data -l logfile start

waiting for server to start....2026-09-20 15:54:53.654 UTC [48] LOG:  starting PostgreSQL 16.15 (Debian 16.15-1.pgdg13+2) on x86_64-pc-linux-gnu, compiled by gcc (Debian 14.2.0-19) 14.2.0, 64-bit
2026-09-20 15:54:53.657 UTC [48] LOG:  listening on Unix socket "/var/run/postgresql/.s.PGSQL.5432"
2026-09-20 15:54:53.665 UTC [51] LOG:  database system was shut down at 2026-09-20 15:54:53 UTC
2026-09-20 15:54:53.670 UTC [48] LOG:  database system is ready to accept connections
 done
server started
CREATE DATABASE


/usr/local/bin/docker-entrypoint.sh: running /docker-entrypoint-initdb.d/01_criar_esquemas.sql
CREATE SCHEMA
CREATE SCHEMA
CREATE SCHEMA


/usr/local/bin/docker-entrypoint.sh: running /docker-entrypoint-initdb.d/02_criar_public_tbl_controle_carga.sql
CREATE TABLE


/usr/local/bin/docker-entrypoint.sh: running /docker-entrypoint-initdb.d/03_bronze_criar_tabelas.sql
CREATE TABLE
CREATE TABLE


/usr/local/bin/docker-entrypoint.sh: running /docker-entrypoint-initdb.d/04_silver_criar_tabelas.sql
CREATE TABLE
CREATE TABLE
CREATE TABLE
CREATE TABLE
CREATE TABLE
CREATE TABLE
CREATE TABLE
CREATE TABLE
CREATE TABLE
CREATE TABLE
CREATE TABLE
CREATE TABLE
CREATE TABLE
CREATE TABLE
CREATE TABLE
CREATE TABLE
CREATE TABLE
CREATE TABLE
CREATE TABLE
CREATE TABLE
CREATE TABLE
CREATE TABLE
CREATE TABLE
CREATE TABLE
CREATE TABLE
CREATE TABLE
CREATE TABLE
CREATE TABLE
CREATE TABLE
CREATE TABLE
CREATE TABLE
CREATE INDEX
CREATE INDEX
CREATE INDEX
CREATE INDEX
CREATE INDEX
CREATE INDEX
CREATE INDEX
CREATE INDEX
CREATE INDEX
CREATE INDEX
CREATE INDEX
CREATE INDEX
CREATE INDEX
CREATE INDEX
CREATE INDEX
CREATE INDEX
CREATE INDEX
CREATE INDEX
CREATE INDEX


/usr/local/bin/docker-entrypoint.sh: running /docker-entrypoint-initdb.d/05_gold_criar_visualizacoes.sql
CREATE VIEW
CREATE VIEW
CREATE VIEW
CREATE VIEW
CREATE VIEW
CREATE VIEW
CREATE VIEW
CREATE VIEW
CREATE VIEW
CREATE VIEW
CREATE VIEW
CREATE VIEW
CREATE VIEW
CREATE VIEW


/usr/local/bin/docker-entrypoint.sh: running /docker-entrypoint-initdb.d/06_migracao_autocorrecao.sql
DO
CREATE TABLE
CREATE TABLE


waiting for server to shut down...2026-09-20 15:54:54.279 UTC [48] LOG:  received fast shutdown request
.2026-09-20 15:54:54.281 UTC [48] LOG:  aborting any active transactions
2026-09-20 15:54:54.283 UTC [48] LOG:  background worker "logical replication launcher" (PID 54) exited with exit code 1
2026-09-20 15:54:54.283 UTC [49] LOG:  shutting down
2026-09-20 15:54:54.285 UTC [49] LOG:  checkpoint starting: shutdown immediate
2026-09-20 15:54:54.394 UTC [49] LOG:  checkpoint complete: wrote 1046 buffers (6.4%); 0 WAL file(s) added, 0 removed, 0 recycled; write=0.017 s, sync=0.086 s, total=0.111 s; sync files=467, longest=0.003 s, average=0.001 s; distance=5329 kB, estimate=5329 kB; lsn=0/1A26E70, redo lsn=0/1A26E70
2026-09-20 15:54:54.398 UTC [48] LOG:  database system is shut down
 done
server stopped

PostgreSQL init process complete; ready for start up.

2026-09-20 15:54:54.496 UTC [1] LOG:  starting PostgreSQL 16.15 (Debian 16.15-1.pgdg13+2) on x86_64-pc-linux-gnu, compiled by gcc (Debian 14.2.0-19) 14.2.0, 64-bit
2026-09-20 15:54:54.496 UTC [1] LOG:  listening on IPv4 address "0.0.0.0", port 5432
2026-09-20 15:54:54.497 UTC [1] LOG:  listening on IPv6 address "::", port 5432
2026-09-20 15:54:54.500 UTC [1] LOG:  listening on Unix socket "/var/run/postgresql/.s.PGSQL.5432"
2026-09-20 15:54:54.505 UTC [76] LOG:  database system was shut down at 2026-09-20 15:54:54 UTC
2026-09-20 15:54:54.509 UTC [1] LOG:  database system is ready to accept connections
2026-09-20 15:56:30.790 UTC [1] LOG:  received fast shutdown request
2026-09-20 15:56:30.792 UTC [1] LOG:  aborting any active transactions
2026-09-20 15:56:30.793 UTC [1] LOG:  background worker "logical replication launcher" (PID 79) exited with exit code 1
2026-09-20 15:56:30.793 UTC [74] LOG:  shutting down
2026-09-20 15:56:30.795 UTC [74] LOG:  checkpoint starting: shutdown immediate
2026-09-20 15:56:30.811 UTC [74] LOG:  checkpoint complete: wrote 111 buffers (0.7%); 0 WAL file(s) added, 0 removed, 0 recycled; write=0.004 s, sync=0.009 s, total=0.018 s; sync files=29, longest=0.003 s, average=0.001 s; distance=511 kB, estimate=511 kB; lsn=0/1AA6A78, redo lsn=0/1AA6A78
2026-09-20 15:56:30.814 UTC [1] LOG:  database system is shut down

PostgreSQL Database directory appears to contain a database; Skipping initialization

2026-09-20 15:56:41.280 UTC [1] LOG:  starting PostgreSQL 16.15 (Debian 16.15-1.pgdg13+2) on x86_64-pc-linux-gnu, compiled by gcc (Debian 14.2.0-19) 14.2.0, 64-bit
2026-09-20 15:56:41.280 UTC [1] LOG:  listening on IPv4 address "0.0.0.0", port 5432
2026-09-20 15:56:41.280 UTC [1] LOG:  listening on IPv6 address "::", port 5432
2026-09-20 15:56:41.283 UTC [1] LOG:  listening on Unix socket "/var/run/postgresql/.s.PGSQL.5432"
2026-09-20 15:56:41.287 UTC [29] LOG:  database system was shut down at 2026-09-20 15:56:30 UTC
2026-09-20 15:56:41.291 UTC [1] LOG:  database system is ready to accept connections
2026-09-20 15:56:49.457 UTC [1] LOG:  received fast shutdown request
2026-09-20 15:56:49.459 UTC [1] LOG:  aborting any active transactions
2026-09-20 15:56:49.460 UTC [1] LOG:  background worker "logical replication launcher" (PID 32) exited with exit code 1
2026-09-20 15:56:49.461 UTC [27] LOG:  shutting down
2026-09-20 15:56:49.462 UTC [27] LOG:  checkpoint starting: shutdown immediate
2026-09-20 15:56:49.472 UTC [27] LOG:  checkpoint complete: wrote 6 buffers (0.0%); 0 WAL file(s) added, 0 removed, 0 recycled; write=0.003 s, sync=0.003 s, total=0.012 s; sync files=5, longest=0.002 s, average=0.001 s; distance=0 kB, estimate=0 kB; lsn=0/1AA6D80, redo lsn=0/1AA6D80
2026-09-20 15:56:49.474 UTC [1] LOG:  database system is shut down

PostgreSQL Database directory appears to contain a database; Skipping initialization

2026-09-20 15:56:59.915 UTC [1] LOG:  starting PostgreSQL 16.15 (Debian 16.15-1.pgdg13+2) on x86_64-pc-linux-gnu, compiled by gcc (Debian 14.2.0-19) 14.2.0, 64-bit
2026-09-20 15:56:59.915 UTC [1] LOG:  listening on IPv4 address "0.0.0.0", port 5432
2026-09-20 15:56:59.915 UTC [1] LOG:  listening on IPv6 address "::", port 5432
2026-09-20 15:56:59.918 UTC [1] LOG:  listening on Unix socket "/var/run/postgresql/.s.PGSQL.5432"
2026-09-20 15:56:59.922 UTC [29] LOG:  database system was shut down at 2026-09-20 15:56:49 UTC
2026-09-20 15:56:59.926 UTC [1] LOG:  database system is ready to accept connections
2026-09-20 15:57:08.088 UTC [1] LOG:  received fast shutdown request
2026-09-20 15:57:08.089 UTC [1] LOG:  aborting any active transactions
2026-09-20 15:57:08.091 UTC [1] LOG:  background worker "logical replication launcher" (PID 32) exited with exit code 1
2026-09-20 15:57:08.091 UTC [27] LOG:  shutting down
2026-09-20 15:57:08.093 UTC [27] LOG:  checkpoint starting: shutdown immediate
2026-09-20 15:57:08.103 UTC [27] LOG:  checkpoint complete: wrote 6 buffers (0.0%); 0 WAL file(s) added, 0 removed, 0 recycled; write=0.003 s, sync=0.003 s, total=0.012 s; sync files=5, longest=0.002 s, average=0.001 s; distance=0 kB, estimate=0 kB; lsn=0/1AA7130, redo lsn=0/1AA7130
2026-09-20 15:57:08.105 UTC [1] LOG:  database system is shut down

PostgreSQL Database directory appears to contain a database; Skipping initialization

2026-09-20 15:57:18.544 UTC [1] LOG:  starting PostgreSQL 16.15 (Debian 16.15-1.pgdg13+2) on x86_64-pc-linux-gnu, compiled by gcc (Debian 14.2.0-19) 14.2.0, 64-bit
2026-09-20 15:57:18.544 UTC [1] LOG:  listening on IPv4 address "0.0.0.0", port 5432
2026-09-20 15:57:18.544 UTC [1] LOG:  listening on IPv6 address "::", port 5432
2026-09-20 15:57:18.547 UTC [1] LOG:  listening on Unix socket "/var/run/postgresql/.s.PGSQL.5432"
2026-09-20 15:57:18.551 UTC [29] LOG:  database system was shut down at 2026-09-20 15:57:08 UTC
2026-09-20 15:57:18.555 UTC [1] LOG:  database system is ready to accept connections
2026-09-20 15:57:26.732 UTC [1] LOG:  received fast shutdown request
2026-09-20 15:57:26.733 UTC [1] LOG:  aborting any active transactions
2026-09-20 15:57:26.735 UTC [1] LOG:  background worker "logical replication launcher" (PID 32) exited with exit code 1
2026-09-20 15:57:26.735 UTC [27] LOG:  shutting down
2026-09-20 15:57:26.736 UTC [27] LOG:  checkpoint starting: shutdown immediate
2026-09-20 15:57:26.746 UTC [27] LOG:  checkpoint complete: wrote 6 buffers (0.0%); 0 WAL file(s) added, 0 removed, 0 recycled; write=0.003 s, sync=0.003 s, total=0.012 s; sync files=5, longest=0.002 s, average=0.001 s; distance=1 kB, estimate=1 kB; lsn=0/1AA7580, redo lsn=0/1AA7580
2026-09-20 15:57:26.748 UTC [1] LOG:  database system is shut down

PostgreSQL Database directory appears to contain a database; Skipping initialization

2026-09-20 15:57:37.198 UTC [1] LOG:  starting PostgreSQL 16.15 (Debian 16.15-1.pgdg13+2) on x86_64-pc-linux-gnu, compiled by gcc (Debian 14.2.0-19) 14.2.0, 64-bit
2026-09-20 15:57:37.198 UTC [1] LOG:  listening on IPv4 address "0.0.0.0", port 5432
2026-09-20 15:57:37.198 UTC [1] LOG:  listening on IPv6 address "::", port 5432
2026-09-20 15:57:37.201 UTC [1] LOG:  listening on Unix socket "/var/run/postgresql/.s.PGSQL.5432"
2026-09-20 15:57:37.205 UTC [29] LOG:  database system was shut down at 2026-09-20 15:57:26 UTC
2026-09-20 15:57:37.209 UTC [1] LOG:  database system is ready to accept connections
2026-09-20 15:57:45.360 UTC [1] LOG:  received fast shutdown request
2026-09-20 15:57:45.361 UTC [1] LOG:  aborting any active transactions
2026-09-20 15:57:45.363 UTC [1] LOG:  background worker "logical replication launcher" (PID 32) exited with exit code 1
2026-09-20 15:57:45.363 UTC [27] LOG:  shutting down
2026-09-20 15:57:45.364 UTC [27] LOG:  checkpoint starting: shutdown immediate
2026-09-20 15:57:45.374 UTC [27] LOG:  checkpoint complete: wrote 6 buffers (0.0%); 0 WAL file(s) added, 0 removed, 0 recycled; write=0.003 s, sync=0.003 s, total=0.012 s; sync files=5, longest=0.002 s, average=0.001 s; distance=1 kB, estimate=1 kB; lsn=0/1AA7A78, redo lsn=0/1AA7A78
2026-09-20 15:57:45.377 UTC [1] LOG:  database system is shut down

PostgreSQL Database directory appears to contain a database; Skipping initialization

2026-09-20 15:57:55.802 UTC [1] LOG:  starting PostgreSQL 16.15 (Debian 16.15-1.pgdg13+2) on x86_64-pc-linux-gnu, compiled by gcc (Debian 14.2.0-19) 14.2.0, 64-bit
2026-09-20 15:57:55.802 UTC [1] LOG:  listening on IPv4 address "0.0.0.0", port 5432
2026-09-20 15:57:55.802 UTC [1] LOG:  listening on IPv6 address "::", port 5432
2026-09-20 15:57:55.806 UTC [1] LOG:  listening on Unix socket "/var/run/postgresql/.s.PGSQL.5432"
2026-09-20 15:57:55.810 UTC [29] LOG:  database system was shut down at 2026-09-20 15:57:45 UTC
2026-09-20 15:57:55.814 UTC [1] LOG:  database system is ready to accept connections
2026-09-20 15:58:03.979 UTC [1] LOG:  received fast shutdown request
2026-09-20 15:58:03.981 UTC [1] LOG:  aborting any active transactions
2026-09-20 15:58:03.983 UTC [1] LOG:  background worker "logical replication launcher" (PID 32) exited with exit code 1
2026-09-20 15:58:03.983 UTC [27] LOG:  shutting down
2026-09-20 15:58:03.984 UTC [27] LOG:  checkpoint starting: shutdown immediate
2026-09-20 15:58:03.993 UTC [27] LOG:  checkpoint complete: wrote 6 buffers (0.0%); 0 WAL file(s) added, 0 removed, 0 recycled; write=0.003 s, sync=0.003 s, total=0.011 s; sync files=5, longest=0.002 s, average=0.001 s; distance=1 kB, estimate=1 kB; lsn=0/1AA8028, redo lsn=0/1AA8028
2026-09-20 15:58:03.996 UTC [1] LOG:  database system is shut down

PostgreSQL Database directory appears to contain a database; Skipping initialization

2026-09-20 15:58:14.419 UTC [1] LOG:  starting PostgreSQL 16.15 (Debian 16.15-1.pgdg13+2) on x86_64-pc-linux-gnu, compiled by gcc (Debian 14.2.0-19) 14.2.0, 64-bit
2026-09-20 15:58:14.420 UTC [1] LOG:  listening on IPv4 address "0.0.0.0", port 5432
2026-09-20 15:58:14.420 UTC [1] LOG:  listening on IPv6 address "::", port 5432
2026-09-20 15:58:14.423 UTC [1] LOG:  listening on Unix socket "/var/run/postgresql/.s.PGSQL.5432"
2026-09-20 15:58:14.427 UTC [29] LOG:  database system was shut down at 2026-09-20 15:58:03 UTC
2026-09-20 15:58:14.431 UTC [1] LOG:  database system is ready to accept connections
2026-09-20 15:58:22.601 UTC [1] LOG:  received fast shutdown request
2026-09-20 15:58:22.603 UTC [1] LOG:  aborting any active transactions
2026-09-20 15:58:22.604 UTC [1] LOG:  background worker "logical replication launcher" (PID 32) exited with exit code 1
2026-09-20 15:58:22.604 UTC [27] LOG:  shutting down
2026-09-20 15:58:22.606 UTC [27] LOG:  checkpoint starting: shutdown immediate
2026-09-20 15:58:22.615 UTC [27] LOG:  checkpoint complete: wrote 6 buffers (0.0%); 0 WAL file(s) added, 0 removed, 0 recycled; write=0.003 s, sync=0.003 s, total=0.012 s; sync files=5, longest=0.002 s, average=0.001 s; distance=1 kB, estimate=1 kB; lsn=0/1AA8668, redo lsn=0/1AA8668
2026-09-20 15:58:22.618 UTC [1] LOG:  database system is shut down

PostgreSQL Database directory appears to contain a database; Skipping initialization

2026-09-20 15:58:33.054 UTC [1] LOG:  starting PostgreSQL 16.15 (Debian 16.15-1.pgdg13+2) on x86_64-pc-linux-gnu, compiled by gcc (Debian 14.2.0-19) 14.2.0, 64-bit
2026-09-20 15:58:33.054 UTC [1] LOG:  listening on IPv4 address "0.0.0.0", port 5432
2026-09-20 15:58:33.054 UTC [1] LOG:  listening on IPv6 address "::", port 5432
2026-09-20 15:58:33.058 UTC [1] LOG:  listening on Unix socket "/var/run/postgresql/.s.PGSQL.5432"
2026-09-20 15:58:33.062 UTC [29] LOG:  database system was shut down at 2026-09-20 15:58:22 UTC
2026-09-20 15:58:33.066 UTC [1] LOG:  database system is ready to accept connections
2026-09-20 15:58:41.233 UTC [1] LOG:  received fast shutdown request
2026-09-20 15:58:41.234 UTC [1] LOG:  aborting any active transactions
2026-09-20 15:58:41.235 UTC [1] LOG:  background worker "logical replication launcher" (PID 32) exited with exit code 1
2026-09-20 15:58:41.235 UTC [27] LOG:  shutting down
2026-09-20 15:58:41.237 UTC [27] LOG:  checkpoint starting: shutdown immediate
2026-09-20 15:58:41.247 UTC [27] LOG:  checkpoint complete: wrote 6 buffers (0.0%); 0 WAL file(s) added, 0 removed, 0 recycled; write=0.003 s, sync=0.003 s, total=0.012 s; sync files=5, longest=0.002 s, average=0.001 s; distance=1 kB, estimate=1 kB; lsn=0/1AA8D48, redo lsn=0/1AA8D48
2026-09-20 15:58:41.249 UTC [1] LOG:  database system is shut down

PostgreSQL Database directory appears to contain a database; Skipping initialization

2026-09-20 15:58:51.691 UTC [1] LOG:  starting PostgreSQL 16.15 (Debian 16.15-1.pgdg13+2) on x86_64-pc-linux-gnu, compiled by gcc (Debian 14.2.0-19) 14.2.0, 64-bit
2026-09-20 15:58:51.691 UTC [1] LOG:  listening on IPv4 address "0.0.0.0", port 5432
2026-09-20 15:58:51.691 UTC [1] LOG:  listening on IPv6 address "::", port 5432
2026-09-20 15:58:51.694 UTC [1] LOG:  listening on Unix socket "/var/run/postgresql/.s.PGSQL.5432"
2026-09-20 15:58:51.699 UTC [29] LOG:  database system was shut down at 2026-09-20 15:58:41 UTC
2026-09-20 15:58:51.703 UTC [1] LOG:  database system is ready to accept connections
2026-09-20 15:58:59.864 UTC [1] LOG:  received fast shutdown request
2026-09-20 15:58:59.866 UTC [1] LOG:  aborting any active transactions
2026-09-20 15:58:59.867 UTC [1] LOG:  background worker "logical replication launcher" (PID 32) exited with exit code 1
2026-09-20 15:58:59.867 UTC [27] LOG:  shutting down
2026-09-20 15:58:59.869 UTC [27] LOG:  checkpoint starting: shutdown immediate
2026-09-20 15:58:59.879 UTC [27] LOG:  checkpoint complete: wrote 6 buffers (0.0%); 0 WAL file(s) added, 0 removed, 0 recycled; write=0.003 s, sync=0.003 s, total=0.012 s; sync files=5, longest=0.002 s, average=0.001 s; distance=1 kB, estimate=1 kB; lsn=0/1AA94D0, redo lsn=0/1AA94D0
2026-09-20 15:58:59.881 UTC [1] LOG:  database system is shut down

PostgreSQL Database directory appears to contain a database; Skipping initialization

2026-09-20 15:59:10.343 UTC [1] LOG:  starting PostgreSQL 16.15 (Debian 16.15-1.pgdg13+2) on x86_64-pc-linux-gnu, compiled by gcc (Debian 14.2.0-19) 14.2.0, 64-bit
2026-09-20 15:59:10.343 UTC [1] LOG:  listening on IPv4 address "0.0.0.0", port 5432
2026-09-20 15:59:10.343 UTC [1] LOG:  listening on IPv6 address "::", port 5432
2026-09-20 15:59:10.346 UTC [1] LOG:  listening on Unix socket "/var/run/postgresql/.s.PGSQL.5432"
2026-09-20 15:59:10.351 UTC [29] LOG:  database system was shut down at 2026-09-20 15:58:59 UTC
2026-09-20 15:59:10.355 UTC [1] LOG:  database system is ready to accept connections
2026-09-20 15:59:18.518 UTC [1] LOG:  received fast shutdown request
2026-09-20 15:59:18.519 UTC [1] LOG:  aborting any active transactions
2026-09-20 15:59:18.521 UTC [1] LOG:  background worker "logical replication launcher" (PID 32) exited with exit code 1
2026-09-20 15:59:18.521 UTC [27] LOG:  shutting down
2026-09-20 15:59:18.522 UTC [27] LOG:  checkpoint starting: shutdown immediate
2026-09-20 15:59:18.533 UTC [27] LOG:  checkpoint complete: wrote 6 buffers (0.0%); 0 WAL file(s) added, 0 removed, 0 recycled; write=0.003 s, sync=0.003 s, total=0.013 s; sync files=5, longest=0.002 s, average=0.001 s; distance=2 kB, estimate=2 kB; lsn=0/1AA9CF8, redo lsn=0/1AA9CF8
2026-09-20 15:59:18.535 UTC [1] LOG:  database system is shut down

PostgreSQL Database directory appears to contain a database; Skipping initialization

2026-09-20 15:59:28.986 UTC [1] LOG:  starting PostgreSQL 16.15 (Debian 16.15-1.pgdg13+2) on x86_64-pc-linux-gnu, compiled by gcc (Debian 14.2.0-19) 14.2.0, 64-bit
2026-09-20 15:59:28.986 UTC [1] LOG:  listening on IPv4 address "0.0.0.0", port 5432
2026-09-20 15:59:28.986 UTC [1] LOG:  listening on IPv6 address "::", port 5432
2026-09-20 15:59:28.990 UTC [1] LOG:  listening on Unix socket "/var/run/postgresql/.s.PGSQL.5432"
2026-09-20 15:59:28.995 UTC [29] LOG:  database system was shut down at 2026-09-20 15:59:18 UTC
2026-09-20 15:59:28.999 UTC [1] LOG:  database system is ready to accept connections
2026-09-20 15:59:37.176 UTC [1] LOG:  received fast shutdown request
2026-09-20 15:59:37.177 UTC [1] LOG:  aborting any active transactions
2026-09-20 15:59:37.179 UTC [1] LOG:  background worker "logical replication launcher" (PID 32) exited with exit code 1
2026-09-20 15:59:37.179 UTC [27] LOG:  shutting down
2026-09-20 15:59:37.180 UTC [27] LOG:  checkpoint starting: shutdown immediate
2026-09-20 15:59:37.191 UTC [27] LOG:  checkpoint complete: wrote 6 buffers (0.0%); 0 WAL file(s) added, 0 removed, 0 recycled; write=0.003 s, sync=0.003 s, total=0.012 s; sync files=5, longest=0.002 s, average=0.001 s; distance=2 kB, estimate=2 kB; lsn=0/1AAA5E0, redo lsn=0/1AAA5E0
2026-09-20 15:59:37.193 UTC [1] LOG:  database system is shut down

PostgreSQL Database directory appears to contain a database; Skipping initialization

2026-09-20 15:59:47.627 UTC [1] LOG:  starting PostgreSQL 16.15 (Debian 16.15-1.pgdg13+2) on x86_64-pc-linux-gnu, compiled by gcc (Debian 14.2.0-19) 14.2.0, 64-bit
2026-09-20 15:59:47.627 UTC [1] LOG:  listening on IPv4 address "0.0.0.0", port 5432
2026-09-20 15:59:47.627 UTC [1] LOG:  listening on IPv6 address "::", port 5432
2026-09-20 15:59:47.631 UTC [1] LOG:  listening on Unix socket "/var/run/postgresql/.s.PGSQL.5432"
2026-09-20 15:59:47.635 UTC [29] LOG:  database system was shut down at 2026-09-20 15:59:37 UTC
2026-09-20 15:59:47.639 UTC [1] LOG:  database system is ready to accept connections
2026-09-20 15:59:55.791 UTC [1] LOG:  received fast shutdown request
2026-09-20 15:59:55.792 UTC [1] LOG:  aborting any active transactions
2026-09-20 15:59:55.794 UTC [1] LOG:  background worker "logical replication launcher" (PID 32) exited with exit code 1
2026-09-20 15:59:55.794 UTC [27] LOG:  shutting down
2026-09-20 15:59:55.795 UTC [27] LOG:  checkpoint starting: shutdown immediate
2026-09-20 15:59:55.805 UTC [27] LOG:  checkpoint complete: wrote 6 buffers (0.0%); 0 WAL file(s) added, 0 removed, 0 recycled; write=0.003 s, sync=0.003 s, total=0.012 s; sync files=5, longest=0.002 s, average=0.001 s; distance=2 kB, estimate=2 kB; lsn=0/1AAAF50, redo lsn=0/1AAAF50
2026-09-20 15:59:55.808 UTC [1] LOG:  database system is shut down

PostgreSQL Database directory appears to contain a database; Skipping initialization

2026-09-20 16:00:06.243 UTC [1] LOG:  starting PostgreSQL 16.15 (Debian 16.15-1.pgdg13+2) on x86_64-pc-linux-gnu, compiled by gcc (Debian 14.2.0-19) 14.2.0, 64-bit
2026-09-20 16:00:06.243 UTC [1] LOG:  listening on IPv4 address "0.0.0.0", port 5432
2026-09-20 16:00:06.243 UTC [1] LOG:  listening on IPv6 address "::", port 5432
2026-09-20 16:00:06.246 UTC [1] LOG:  listening on Unix socket "/var/run/postgresql/.s.PGSQL.5432"
2026-09-20 16:00:06.250 UTC [29] LOG:  database system was shut down at 2026-09-20 15:59:55 UTC
2026-09-20 16:00:06.254 UTC [1] LOG:  database system is ready to accept connections
2026-09-20 16:00:14.412 UTC [1] LOG:  received fast shutdown request
2026-09-20 16:00:14.414 UTC [1] LOG:  aborting any active transactions
2026-09-20 16:00:14.415 UTC [1] LOG:  background worker "logical replication launcher" (PID 32) exited with exit code 1
2026-09-20 16:00:14.415 UTC [27] LOG:  shutting down
2026-09-20 16:00:14.417 UTC [27] LOG:  checkpoint starting: shutdown immediate
2026-09-20 16:00:14.427 UTC [27] LOG:  checkpoint complete: wrote 6 buffers (0.0%); 0 WAL file(s) added, 0 removed, 0 recycled; write=0.003 s, sync=0.003 s, total=0.012 s; sync files=5, longest=0.002 s, average=0.001 s; distance=2 kB, estimate=2 kB; lsn=0/1AAB968, redo lsn=0/1AAB968
2026-09-20 16:00:14.429 UTC [1] LOG:  database system is shut down

PostgreSQL Database directory appears to contain a database; Skipping initialization

2026-09-20 16:00:24.879 UTC [1] LOG:  starting PostgreSQL 16.15 (Debian 16.15-1.pgdg13+2) on x86_64-pc-linux-gnu, compiled by gcc (Debian 14.2.0-19) 14.2.0, 64-bit
2026-09-20 16:00:24.880 UTC [1] LOG:  listening on IPv4 address "0.0.0.0", port 5432
2026-09-20 16:00:24.880 UTC [1] LOG:  listening on IPv6 address "::", port 5432
2026-09-20 16:00:24.883 UTC [1] LOG:  listening on Unix socket "/var/run/postgresql/.s.PGSQL.5432"
2026-09-20 16:00:24.888 UTC [29] LOG:  database system was shut down at 2026-09-20 16:00:14 UTC
2026-09-20 16:00:24.892 UTC [1] LOG:  database system is ready to accept connections
2026-09-20 16:00:33.054 UTC [1] LOG:  received fast shutdown request
2026-09-20 16:00:33.056 UTC [1] LOG:  aborting any active transactions
2026-09-20 16:00:33.057 UTC [1] LOG:  background worker "logical replication launcher" (PID 32) exited with exit code 1
2026-09-20 16:00:33.058 UTC [27] LOG:  shutting down
2026-09-20 16:00:33.060 UTC [27] LOG:  checkpoint starting: shutdown immediate
2026-09-20 16:00:33.071 UTC [27] LOG:  checkpoint complete: wrote 6 buffers (0.0%); 0 WAL file(s) added, 0 removed, 0 recycled; write=0.003 s, sync=0.003 s, total=0.013 s; sync files=5, longest=0.002 s, average=0.001 s; distance=2 kB, estimate=2 kB; lsn=0/1AAC438, redo lsn=0/1AAC438
2026-09-20 16:00:33.073 UTC [1] LOG:  database system is shut down

PostgreSQL Database directory appears to contain a database; Skipping initialization

2026-09-20 16:00:43.577 UTC [1] LOG:  starting PostgreSQL 16.15 (Debian 16.15-1.pgdg13+2) on x86_64-pc-linux-gnu, compiled by gcc (Debian 14.2.0-19) 14.2.0, 64-bit
2026-09-20 16:00:43.577 UTC [1] LOG:  listening on IPv4 address "0.0.0.0", port 5432
2026-09-20 16:00:43.577 UTC [1] LOG:  listening on IPv6 address "::", port 5432
2026-09-20 16:00:43.580 UTC [1] LOG:  listening on Unix socket "/var/run/postgresql/.s.PGSQL.5432"
2026-09-20 16:00:43.586 UTC [29] LOG:  database system was shut down at 2026-09-20 16:00:33 UTC
2026-09-20 16:00:43.590 UTC [1] LOG:  database system is ready to accept connections
2026-09-20 16:00:51.739 UTC [1] LOG:  received fast shutdown request
2026-09-20 16:00:51.741 UTC [1] LOG:  aborting any active transactions
2026-09-20 16:00:51.742 UTC [1] LOG:  background worker "logical replication launcher" (PID 32) exited with exit code 1
2026-09-20 16:00:51.742 UTC [27] LOG:  shutting down
2026-09-20 16:00:51.744 UTC [27] LOG:  checkpoint starting: shutdown immediate
2026-09-20 16:00:51.757 UTC [27] LOG:  checkpoint complete: wrote 6 buffers (0.0%); 0 WAL file(s) added, 0 removed, 0 recycled; write=0.005 s, sync=0.004 s, total=0.015 s; sync files=5, longest=0.002 s, average=0.001 s; distance=2 kB, estimate=2 kB; lsn=0/1AACF98, redo lsn=0/1AACF98
2026-09-20 16:00:51.760 UTC [1] LOG:  database system is shut down

PostgreSQL Database directory appears to contain a database; Skipping initialization

2026-09-20 16:01:02.216 UTC [1] LOG:  starting PostgreSQL 16.15 (Debian 16.15-1.pgdg13+2) on x86_64-pc-linux-gnu, compiled by gcc (Debian 14.2.0-19) 14.2.0, 64-bit
2026-09-20 16:01:02.216 UTC [1] LOG:  listening on IPv4 address "0.0.0.0", port 5432
2026-09-20 16:01:02.216 UTC [1] LOG:  listening on IPv6 address "::", port 5432
2026-09-20 16:01:02.220 UTC [1] LOG:  listening on Unix socket "/var/run/postgresql/.s.PGSQL.5432"
2026-09-20 16:01:02.225 UTC [29] LOG:  database system was shut down at 2026-09-20 16:00:51 UTC
2026-09-20 16:01:02.229 UTC [1] LOG:  database system is ready to accept connections
2026-09-20 16:01:10.389 UTC [1] LOG:  received fast shutdown request
2026-09-20 16:01:10.391 UTC [1] LOG:  aborting any active transactions
2026-09-20 16:01:10.392 UTC [1] LOG:  background worker "logical replication launcher" (PID 32) exited with exit code 1
2026-09-20 16:01:10.392 UTC [27] LOG:  shutting down
2026-09-20 16:01:10.394 UTC [27] LOG:  checkpoint starting: shutdown immediate
2026-09-20 16:01:10.407 UTC [27] LOG:  checkpoint complete: wrote 6 buffers (0.0%); 0 WAL file(s) added, 0 removed, 0 recycled; write=0.004 s, sync=0.004 s, total=0.015 s; sync files=5, longest=0.002 s, average=0.001 s; distance=3 kB, estimate=3 kB; lsn=0/1AADB98, redo lsn=0/1AADB98
2026-09-20 16:01:10.409 UTC [1] LOG:  database system is shut down

PostgreSQL Database directory appears to contain a database; Skipping initialization

2026-09-20 16:01:20.864 UTC [1] LOG:  starting PostgreSQL 16.15 (Debian 16.15-1.pgdg13+2) on x86_64-pc-linux-gnu, compiled by gcc (Debian 14.2.0-19) 14.2.0, 64-bit
2026-09-20 16:01:20.864 UTC [1] LOG:  listening on IPv4 address "0.0.0.0", port 5432
2026-09-20 16:01:20.864 UTC [1] LOG:  listening on IPv6 address "::", port 5432
2026-09-20 16:01:20.867 UTC [1] LOG:  listening on Unix socket "/var/run/postgresql/.s.PGSQL.5432"
2026-09-20 16:01:20.873 UTC [29] LOG:  database system was shut down at 2026-09-20 16:01:10 UTC
2026-09-20 16:01:20.877 UTC [1] LOG:  database system is ready to accept connections
2026-09-20 16:01:29.052 UTC [1] LOG:  received fast shutdown request
2026-09-20 16:01:29.054 UTC [1] LOG:  aborting any active transactions
2026-09-20 16:01:29.055 UTC [1] LOG:  background worker "logical replication launcher" (PID 32) exited with exit code 1
2026-09-20 16:01:29.055 UTC [27] LOG:  shutting down
2026-09-20 16:01:29.057 UTC [27] LOG:  checkpoint starting: shutdown immediate
2026-09-20 16:01:29.068 UTC [27] LOG:  checkpoint complete: wrote 6 buffers (0.0%); 0 WAL file(s) added, 0 removed, 0 recycled; write=0.003 s, sync=0.003 s, total=0.013 s; sync files=5, longest=0.002 s, average=0.001 s; distance=3 kB, estimate=3 kB; lsn=0/1AAE858, redo lsn=0/1AAE858
2026-09-20 16:01:29.070 UTC [1] LOG:  database system is shut down

PostgreSQL Database directory appears to contain a database; Skipping initialization

2026-09-20 16:01:39.516 UTC [1] LOG:  starting PostgreSQL 16.15 (Debian 16.15-1.pgdg13+2) on x86_64-pc-linux-gnu, compiled by gcc (Debian 14.2.0-19) 14.2.0, 64-bit
2026-09-20 16:01:39.516 UTC [1] LOG:  listening on IPv4 address "0.0.0.0", port 5432
2026-09-20 16:01:39.516 UTC [1] LOG:  listening on IPv6 address "::", port 5432
2026-09-20 16:01:39.520 UTC [1] LOG:  listening on Unix socket "/var/run/postgresql/.s.PGSQL.5432"
2026-09-20 16:01:39.525 UTC [29] LOG:  database system was shut down at 2026-09-20 16:01:29 UTC
2026-09-20 16:01:39.529 UTC [1] LOG:  database system is ready to accept connections
2026-09-20 16:01:47.698 UTC [1] LOG:  received fast shutdown request
2026-09-20 16:01:47.701 UTC [1] LOG:  aborting any active transactions
2026-09-20 16:01:47.702 UTC [1] LOG:  background worker "logical replication launcher" (PID 32) exited with exit code 1
2026-09-20 16:01:47.702 UTC [27] LOG:  shutting down
2026-09-20 16:01:47.704 UTC [27] LOG:  checkpoint starting: shutdown immediate
2026-09-20 16:01:47.714 UTC [27] LOG:  checkpoint complete: wrote 6 buffers (0.0%); 0 WAL file(s) added, 0 removed, 0 recycled; write=0.003 s, sync=0.003 s, total=0.013 s; sync files=5, longest=0.001 s, average=0.001 s; distance=3 kB, estimate=3 kB; lsn=0/1AAF5A0, redo lsn=0/1AAF5A0
2026-09-20 16:01:47.717 UTC [1] LOG:  database system is shut down

PostgreSQL Database directory appears to contain a database; Skipping initialization

2026-09-20 16:01:58.238 UTC [1] LOG:  starting PostgreSQL 16.15 (Debian 16.15-1.pgdg13+2) on x86_64-pc-linux-gnu, compiled by gcc (Debian 14.2.0-19) 14.2.0, 64-bit
2026-09-20 16:01:58.238 UTC [1] LOG:  listening on IPv4 address "0.0.0.0", port 5432
2026-09-20 16:01:58.238 UTC [1] LOG:  listening on IPv6 address "::", port 5432
2026-09-20 16:01:58.243 UTC [1] LOG:  listening on Unix socket "/var/run/postgresql/.s.PGSQL.5432"
2026-09-20 16:01:58.249 UTC [30] LOG:  database system was shut down at 2026-09-20 16:01:47 UTC
2026-09-20 16:01:58.254 UTC [1] LOG:  database system is ready to accept connections
2026-09-20 16:02:06.415 UTC [1] LOG:  received fast shutdown request
2026-09-20 16:02:06.418 UTC [1] LOG:  aborting any active transactions
2026-09-20 16:02:06.419 UTC [1] LOG:  background worker "logical replication launcher" (PID 33) exited with exit code 1
2026-09-20 16:02:06.419 UTC [28] LOG:  shutting down
2026-09-20 16:02:06.421 UTC [28] LOG:  checkpoint starting: shutdown immediate
2026-09-20 16:02:06.433 UTC [28] LOG:  checkpoint complete: wrote 6 buffers (0.0%); 0 WAL file(s) added, 0 removed, 0 recycled; write=0.003 s, sync=0.003 s, total=0.014 s; sync files=5, longest=0.002 s, average=0.001 s; distance=3 kB, estimate=3 kB; lsn=0/1AB03A8, redo lsn=0/1AB03A8
2026-09-20 16:02:06.436 UTC [1] LOG:  database system is shut down

PostgreSQL Database directory appears to contain a database; Skipping initialization

2026-09-20 16:02:16.899 UTC [1] LOG:  starting PostgreSQL 16.15 (Debian 16.15-1.pgdg13+2) on x86_64-pc-linux-gnu, compiled by gcc (Debian 14.2.0-19) 14.2.0, 64-bit
2026-09-20 16:02:16.900 UTC [1] LOG:  listening on IPv4 address "0.0.0.0", port 5432
2026-09-20 16:02:16.900 UTC [1] LOG:  listening on IPv6 address "::", port 5432
2026-09-20 16:02:16.904 UTC [1] LOG:  listening on Unix socket "/var/run/postgresql/.s.PGSQL.5432"
2026-09-20 16:02:16.909 UTC [29] LOG:  database system was shut down at 2026-09-20 16:02:06 UTC
2026-09-20 16:02:16.914 UTC [1] LOG:  database system is ready to accept connections
2026-09-20 16:02:25.078 UTC [1] LOG:  received fast shutdown request
2026-09-20 16:02:25.080 UTC [1] LOG:  aborting any active transactions
2026-09-20 16:02:25.081 UTC [1] LOG:  background worker "logical replication launcher" (PID 32) exited with exit code 1
2026-09-20 16:02:25.082 UTC [27] LOG:  shutting down
2026-09-20 16:02:25.083 UTC [27] LOG:  checkpoint starting: shutdown immediate
2026-09-20 16:02:25.096 UTC [27] LOG:  checkpoint complete: wrote 6 buffers (0.0%); 0 WAL file(s) added, 0 removed, 0 recycled; write=0.003 s, sync=0.003 s, total=0.015 s; sync files=5, longest=0.002 s, average=0.001 s; distance=3 kB, estimate=3 kB; lsn=0/1AB1238, redo lsn=0/1AB1238
2026-09-20 16:02:25.099 UTC [1] LOG:  database system is shut down

PostgreSQL Database directory appears to contain a database; Skipping initialization

2026-09-20 16:02:35.567 UTC [1] LOG:  starting PostgreSQL 16.15 (Debian 16.15-1.pgdg13+2) on x86_64-pc-linux-gnu, compiled by gcc (Debian 14.2.0-19) 14.2.0, 64-bit
2026-09-20 16:02:35.567 UTC [1] LOG:  listening on IPv4 address "0.0.0.0", port 5432
2026-09-20 16:02:35.567 UTC [1] LOG:  listening on IPv6 address "::", port 5432
2026-09-20 16:02:35.571 UTC [1] LOG:  listening on Unix socket "/var/run/postgresql/.s.PGSQL.5432"
2026-09-20 16:02:35.577 UTC [30] LOG:  database system was shut down at 2026-09-20 16:02:25 UTC
2026-09-20 16:02:35.581 UTC [1] LOG:  database system is ready to accept connections
2026-09-20 16:02:43.752 UTC [1] LOG:  received fast shutdown request
2026-09-20 16:02:43.754 UTC [1] LOG:  aborting any active transactions
2026-09-20 16:02:43.756 UTC [1] LOG:  background worker "logical replication launcher" (PID 33) exited with exit code 1
2026-09-20 16:02:43.756 UTC [28] LOG:  shutting down
2026-09-20 16:02:43.758 UTC [28] LOG:  checkpoint starting: shutdown immediate
2026-09-20 16:02:43.770 UTC [28] LOG:  checkpoint complete: wrote 6 buffers (0.0%); 0 WAL file(s) added, 0 removed, 0 recycled; write=0.003 s, sync=0.003 s, total=0.015 s; sync files=5, longest=0.002 s, average=0.001 s; distance=3 kB, estimate=3 kB; lsn=0/1AB2188, redo lsn=0/1AB2188
2026-09-20 16:02:43.773 UTC [1] LOG:  database system is shut down

PostgreSQL Database directory appears to contain a database; Skipping initialization

2026-09-20 16:02:54.248 UTC [1] LOG:  starting PostgreSQL 16.15 (Debian 16.15-1.pgdg13+2) on x86_64-pc-linux-gnu, compiled by gcc (Debian 14.2.0-19) 14.2.0, 64-bit
2026-09-20 16:02:54.248 UTC [1] LOG:  listening on IPv4 address "0.0.0.0", port 5432
2026-09-20 16:02:54.248 UTC [1] LOG:  listening on IPv6 address "::", port 5432
2026-09-20 16:02:54.251 UTC [1] LOG:  listening on Unix socket "/var/run/postgresql/.s.PGSQL.5432"
2026-09-20 16:02:54.256 UTC [29] LOG:  database system was shut down at 2026-09-20 16:02:43 UTC
2026-09-20 16:02:54.261 UTC [1] LOG:  database system is ready to accept connections
2026-09-20 16:03:02.433 UTC [1] LOG:  received fast shutdown request
2026-09-20 16:03:02.435 UTC [1] LOG:  aborting any active transactions
2026-09-20 16:03:02.437 UTC [1] LOG:  background worker "logical replication launcher" (PID 32) exited with exit code 1
2026-09-20 16:03:02.437 UTC [27] LOG:  shutting down
2026-09-20 16:03:02.438 UTC [27] LOG:  checkpoint starting: shutdown immediate
2026-09-20 16:03:02.449 UTC [27] LOG:  checkpoint complete: wrote 6 buffers (0.0%); 0 WAL file(s) added, 0 removed, 0 recycled; write=0.003 s, sync=0.003 s, total=0.013 s; sync files=5, longest=0.002 s, average=0.001 s; distance=3 kB, estimate=3 kB; lsn=0/1AB3160, redo lsn=0/1AB3160
2026-09-20 16:03:02.452 UTC [1] LOG:  database system is shut down

PostgreSQL Database directory appears to contain a database; Skipping initialization

2026-09-20 16:03:12.876 UTC [1] LOG:  starting PostgreSQL 16.15 (Debian 16.15-1.pgdg13+2) on x86_64-pc-linux-gnu, compiled by gcc (Debian 14.2.0-19) 14.2.0, 64-bit
2026-09-20 16:03:12.876 UTC [1] LOG:  listening on IPv4 address "0.0.0.0", port 5432
2026-09-20 16:03:12.876 UTC [1] LOG:  listening on IPv6 address "::", port 5432
2026-09-20 16:03:12.880 UTC [1] LOG:  listening on Unix socket "/var/run/postgresql/.s.PGSQL.5432"
2026-09-20 16:03:12.885 UTC [29] LOG:  database system was shut down at 2026-09-20 16:03:02 UTC
2026-09-20 16:03:12.890 UTC [1] LOG:  database system is ready to accept connections
2026-09-20 16:03:21.039 UTC [1] LOG:  received fast shutdown request
2026-09-20 16:03:21.042 UTC [1] LOG:  aborting any active transactions
2026-09-20 16:03:21.043 UTC [1] LOG:  background worker "logical replication launcher" (PID 32) exited with exit code 1
2026-09-20 16:03:21.044 UTC [27] LOG:  shutting down
2026-09-20 16:03:21.045 UTC [27] LOG:  checkpoint starting: shutdown immediate
2026-09-20 16:03:21.056 UTC [27] LOG:  checkpoint complete: wrote 6 buffers (0.0%); 0 WAL file(s) added, 0 removed, 0 recycled; write=0.003 s, sync=0.003 s, total=0.013 s; sync files=5, longest=0.002 s, average=0.001 s; distance=4 kB, estimate=4 kB; lsn=0/1AB41F8, redo lsn=0/1AB41F8
2026-09-20 16:03:21.059 UTC [1] LOG:  database system is shut down

PostgreSQL Database directory appears to contain a database; Skipping initialization

2026-09-20 16:03:31.504 UTC [1] LOG:  starting PostgreSQL 16.15 (Debian 16.15-1.pgdg13+2) on x86_64-pc-linux-gnu, compiled by gcc (Debian 14.2.0-19) 14.2.0, 64-bit
2026-09-20 16:03:31.504 UTC [1] LOG:  listening on IPv4 address "0.0.0.0", port 5432
2026-09-20 16:03:31.504 UTC [1] LOG:  listening on IPv6 address "::", port 5432
2026-09-20 16:03:31.507 UTC [1] LOG:  listening on Unix socket "/var/run/postgresql/.s.PGSQL.5432"
2026-09-20 16:03:31.512 UTC [29] LOG:  database system was shut down at 2026-09-20 16:03:21 UTC
2026-09-20 16:03:31.517 UTC [1] LOG:  database system is ready to accept connections
2026-09-20 16:03:39.695 UTC [1] LOG:  received fast shutdown request
2026-09-20 16:03:39.697 UTC [1] LOG:  aborting any active transactions
2026-09-20 16:03:39.698 UTC [1] LOG:  background worker "logical replication launcher" (PID 32) exited with exit code 1
2026-09-20 16:03:39.698 UTC [27] LOG:  shutting down
2026-09-20 16:03:39.700 UTC [27] LOG:  checkpoint starting: shutdown immediate
2026-09-20 16:03:39.711 UTC [27] LOG:  checkpoint complete: wrote 6 buffers (0.0%); 0 WAL file(s) added, 0 removed, 0 recycled; write=0.003 s, sync=0.003 s, total=0.013 s; sync files=5, longest=0.002 s, average=0.001 s; distance=4 kB, estimate=4 kB; lsn=0/1AB5318, redo lsn=0/1AB5318
2026-09-20 16:03:39.714 UTC [1] LOG:  database system is shut down

PostgreSQL Database directory appears to contain a database; Skipping initialization

2026-09-20 16:03:50.183 UTC [1] LOG:  starting PostgreSQL 16.15 (Debian 16.15-1.pgdg13+2) on x86_64-pc-linux-gnu, compiled by gcc (Debian 14.2.0-19) 14.2.0, 64-bit
2026-09-20 16:03:50.183 UTC [1] LOG:  listening on IPv4 address "0.0.0.0", port 5432
2026-09-20 16:03:50.183 UTC [1] LOG:  listening on IPv6 address "::", port 5432
2026-09-20 16:03:50.187 UTC [1] LOG:  listening on Unix socket "/var/run/postgresql/.s.PGSQL.5432"
2026-09-20 16:03:50.193 UTC [29] LOG:  database system was shut down at 2026-09-20 16:03:39 UTC
2026-09-20 16:03:50.197 UTC [1] LOG:  database system is ready to accept connections
2026-09-20 16:03:58.354 UTC [1] LOG:  received fast shutdown request
2026-09-20 16:03:58.356 UTC [1] LOG:  aborting any active transactions
2026-09-20 16:03:58.357 UTC [1] LOG:  background worker "logical replication launcher" (PID 32) exited with exit code 1
2026-09-20 16:03:58.357 UTC [27] LOG:  shutting down
2026-09-20 16:03:58.359 UTC [27] LOG:  checkpoint starting: shutdown immediate
2026-09-20 16:03:58.371 UTC [27] LOG:  checkpoint complete: wrote 6 buffers (0.0%); 0 WAL file(s) added, 0 removed, 0 recycled; write=0.004 s, sync=0.003 s, total=0.014 s; sync files=5, longest=0.002 s, average=0.001 s; distance=4 kB, estimate=4 kB; lsn=0/1AB64F8, redo lsn=0/1AB64F8
2026-09-20 16:03:58.374 UTC [1] LOG:  database system is shut down

PostgreSQL Database directory appears to contain a database; Skipping initialization

2026-09-20 16:04:08.811 UTC [1] LOG:  starting PostgreSQL 16.15 (Debian 16.15-1.pgdg13+2) on x86_64-pc-linux-gnu, compiled by gcc (Debian 14.2.0-19) 14.2.0, 64-bit
2026-09-20 16:04:08.811 UTC [1] LOG:  listening on IPv4 address "0.0.0.0", port 5432
2026-09-20 16:04:08.811 UTC [1] LOG:  listening on IPv6 address "::", port 5432
2026-09-20 16:04:08.815 UTC [1] LOG:  listening on Unix socket "/var/run/postgresql/.s.PGSQL.5432"
2026-09-20 16:04:08.820 UTC [29] LOG:  database system was shut down at 2026-09-20 16:03:58 UTC
2026-09-20 16:04:08.825 UTC [1] LOG:  database system is ready to accept connections
2026-09-20 16:04:16.993 UTC [1] LOG:  received fast shutdown request
2026-09-20 16:04:16.996 UTC [1] LOG:  aborting any active transactions
2026-09-20 16:04:16.997 UTC [1] LOG:  background worker "logical replication launcher" (PID 32) exited with exit code 1
2026-09-20 16:04:16.997 UTC [27] LOG:  shutting down
2026-09-20 16:04:16.999 UTC [27] LOG:  checkpoint starting: shutdown immediate
2026-09-20 16:04:17.010 UTC [27] LOG:  checkpoint complete: wrote 6 buffers (0.0%); 0 WAL file(s) added, 0 removed, 0 recycled; write=0.004 s, sync=0.003 s, total=0.013 s; sync files=5, longest=0.002 s, average=0.001 s; distance=4 kB, estimate=4 kB; lsn=0/1AB7760, redo lsn=0/1AB7760
2026-09-20 16:04:17.012 UTC [1] LOG:  database system is shut down

PostgreSQL Database directory appears to contain a database; Skipping initialization

2026-09-20 16:04:27.444 UTC [1] LOG:  starting PostgreSQL 16.15 (Debian 16.15-1.pgdg13+2) on x86_64-pc-linux-gnu, compiled by gcc (Debian 14.2.0-19) 14.2.0, 64-bit
2026-09-20 16:04:27.444 UTC [1] LOG:  listening on IPv4 address "0.0.0.0", port 5432
2026-09-20 16:04:27.444 UTC [1] LOG:  listening on IPv6 address "::", port 5432
2026-09-20 16:04:27.449 UTC [1] LOG:  listening on Unix socket "/var/run/postgresql/.s.PGSQL.5432"
2026-09-20 16:04:27.454 UTC [29] LOG:  database system was shut down at 2026-09-20 16:04:17 UTC
2026-09-20 16:04:27.458 UTC [1] LOG:  database system is ready to accept connections
2026-09-20 16:04:35.614 UTC [1] LOG:  received fast shutdown request
2026-09-20 16:04:35.616 UTC [1] LOG:  aborting any active transactions
2026-09-20 16:04:35.618 UTC [1] LOG:  background worker "logical replication launcher" (PID 32) exited with exit code 1
2026-09-20 16:04:35.618 UTC [27] LOG:  shutting down
2026-09-20 16:04:35.620 UTC [27] LOG:  checkpoint starting: shutdown immediate
2026-09-20 16:04:35.630 UTC [27] LOG:  checkpoint complete: wrote 6 buffers (0.0%); 0 WAL file(s) added, 0 removed, 0 recycled; write=0.004 s, sync=0.003 s, total=0.012 s; sync files=5, longest=0.002 s, average=0.001 s; distance=4 kB, estimate=4 kB; lsn=0/1AB8A88, redo lsn=0/1AB8A88
2026-09-20 16:04:35.632 UTC [1] LOG:  database system is shut down

PostgreSQL Database directory appears to contain a database; Skipping initialization

2026-09-20 16:04:46.125 UTC [1] LOG:  starting PostgreSQL 16.15 (Debian 16.15-1.pgdg13+2) on x86_64-pc-linux-gnu, compiled by gcc (Debian 14.2.0-19) 14.2.0, 64-bit
2026-09-20 16:04:46.125 UTC [1] LOG:  listening on IPv4 address "0.0.0.0", port 5432
2026-09-20 16:04:46.125 UTC [1] LOG:  listening on IPv6 address "::", port 5432
2026-09-20 16:04:46.129 UTC [1] LOG:  listening on Unix socket "/var/run/postgresql/.s.PGSQL.5432"
2026-09-20 16:04:46.134 UTC [29] LOG:  database system was shut down at 2026-09-20 16:04:35 UTC
2026-09-20 16:04:46.140 UTC [1] LOG:  database system is ready to accept connections
2026-09-20 16:04:54.308 UTC [1] LOG:  received fast shutdown request
2026-09-20 16:04:54.310 UTC [1] LOG:  aborting any active transactions
2026-09-20 16:04:54.312 UTC [1] LOG:  background worker "logical replication launcher" (PID 32) exited with exit code 1
2026-09-20 16:04:54.312 UTC [27] LOG:  shutting down
2026-09-20 16:04:54.314 UTC [27] LOG:  checkpoint starting: shutdown immediate
2026-09-20 16:04:54.325 UTC [27] LOG:  checkpoint complete: wrote 6 buffers (0.0%); 0 WAL file(s) added, 0 removed, 0 recycled; write=0.003 s, sync=0.004 s, total=0.014 s; sync files=5, longest=0.002 s, average=0.001 s; distance=4 kB, estimate=4 kB; lsn=0/1AB9E38, redo lsn=0/1AB9E38
2026-09-20 16:04:54.328 UTC [1] LOG:  database system is shut down

PostgreSQL Database directory appears to contain a database; Skipping initialization

2026-09-20 16:05:04.771 UTC [1] LOG:  starting PostgreSQL 16.15 (Debian 16.15-1.pgdg13+2) on x86_64-pc-linux-gnu, compiled by gcc (Debian 14.2.0-19) 14.2.0, 64-bit
2026-09-20 16:05:04.771 UTC [1] LOG:  listening on IPv4 address "0.0.0.0", port 5432
2026-09-20 16:05:04.772 UTC [1] LOG:  listening on IPv6 address "::", port 5432
2026-09-20 16:05:04.775 UTC [1] LOG:  listening on Unix socket "/var/run/postgresql/.s.PGSQL.5432"
2026-09-20 16:05:04.780 UTC [29] LOG:  database system was shut down at 2026-09-20 16:04:54 UTC
2026-09-20 16:05:04.785 UTC [1] LOG:  database system is ready to accept connections
2026-09-20 16:05:12.945 UTC [1] LOG:  received fast shutdown request
2026-09-20 16:05:12.948 UTC [1] LOG:  aborting any active transactions
2026-09-20 16:05:12.949 UTC [1] LOG:  background worker "logical replication launcher" (PID 32) exited with exit code 1
2026-09-20 16:05:12.949 UTC [27] LOG:  shutting down
2026-09-20 16:05:12.952 UTC [27] LOG:  checkpoint starting: shutdown immediate
2026-09-20 16:05:12.966 UTC [27] LOG:  checkpoint complete: wrote 6 buffers (0.0%); 0 WAL file(s) added, 0 removed, 0 recycled; write=0.004 s, sync=0.005 s, total=0.017 s; sync files=5, longest=0.002 s, average=0.001 s; distance=5 kB, estimate=5 kB; lsn=0/1ABB2A8, redo lsn=0/1ABB2A8
2026-09-20 16:05:12.969 UTC [1] LOG:  database system is shut down

PostgreSQL Database directory appears to contain a database; Skipping initialization

2026-09-20 16:05:23.456 UTC [1] LOG:  starting PostgreSQL 16.15 (Debian 16.15-1.pgdg13+2) on x86_64-pc-linux-gnu, compiled by gcc (Debian 14.2.0-19) 14.2.0, 64-bit
2026-09-20 16:05:23.456 UTC [1] LOG:  listening on IPv4 address "0.0.0.0", port 5432
2026-09-20 16:05:23.456 UTC [1] LOG:  listening on IPv6 address "::", port 5432
2026-09-20 16:05:23.461 UTC [1] LOG:  listening on Unix socket "/var/run/postgresql/.s.PGSQL.5432"
2026-09-20 16:05:23.467 UTC [30] LOG:  database system was shut down at 2026-09-20 16:05:12 UTC
2026-09-20 16:05:23.471 UTC [1] LOG:  database system is ready to accept connections
2026-09-20 16:05:31.626 UTC [1] LOG:  received fast shutdown request
2026-09-20 16:05:31.628 UTC [1] LOG:  aborting any active transactions
2026-09-20 16:05:31.630 UTC [1] LOG:  background worker "logical replication launcher" (PID 33) exited with exit code 1
2026-09-20 16:05:31.630 UTC [28] LOG:  shutting down
2026-09-20 16:05:31.632 UTC [28] LOG:  checkpoint starting: shutdown immediate
2026-09-20 16:05:31.642 UTC [28] LOG:  checkpoint complete: wrote 6 buffers (0.0%); 0 WAL file(s) added, 0 removed, 0 recycled; write=0.003 s, sync=0.003 s, total=0.013 s; sync files=5, longest=0.002 s, average=0.001 s; distance=5 kB, estimate=5 kB; lsn=0/1ABC7B8, redo lsn=0/1ABC7B8
2026-09-20 16:05:31.645 UTC [1] LOG:  database system is shut down

PostgreSQL Database directory appears to contain a database; Skipping initialization

2026-09-20 16:05:42.099 UTC [1] LOG:  starting PostgreSQL 16.15 (Debian 16.15-1.pgdg13+2) on x86_64-pc-linux-gnu, compiled by gcc (Debian 14.2.0-19) 14.2.0, 64-bit
2026-09-20 16:05:42.099 UTC [1] LOG:  listening on IPv4 address "0.0.0.0", port 5432
2026-09-20 16:05:42.099 UTC [1] LOG:  listening on IPv6 address "::", port 5432
2026-09-20 16:05:42.103 UTC [1] LOG:  listening on Unix socket "/var/run/postgresql/.s.PGSQL.5432"
2026-09-20 16:05:42.108 UTC [29] LOG:  database system was shut down at 2026-09-20 16:05:31 UTC
2026-09-20 16:05:42.112 UTC [1] LOG:  database system is ready to accept connections
2026-09-20 16:10:42.193 UTC [27] LOG:  checkpoint starting: time
2026-09-20 16:10:44.836 UTC [27] LOG:  checkpoint complete: wrote 29 buffers (0.2%); 0 WAL file(s) added, 0 removed, 0 recycled; write=2.609 s, sync=0.025 s, total=2.643 s; sync files=137, longest=0.002 s, average=0.001 s; distance=189 kB, estimate=189 kB; lsn=0/1AED948, redo lsn=0/1AEBE28
2026-09-20 16:15:42.926 UTC [27] LOG:  checkpoint starting: time
2026-09-20 16:15:46.470 UTC [27] LOG:  checkpoint complete: wrote 37 buffers (0.2%); 0 WAL file(s) added, 0 removed, 0 recycled; write=3.513 s, sync=0.023 s, total=3.545 s; sync files=137, longest=0.003 s, average=0.001 s; distance=475 kB, estimate=475 kB; lsn=0/1B65E68, redo lsn=0/1B62A48
2026-09-20 16:20:00.655 UTC [1] LOG:  received fast shutdown request
2026-09-20 16:20:00.657 UTC [1] LOG:  aborting any active transactions
2026-09-20 16:20:00.659 UTC [1] LOG:  background worker "logical replication launcher" (PID 32) exited with exit code 1
2026-09-20 16:20:00.659 UTC [27] LOG:  shutting down
2026-09-20 16:20:00.661 UTC [27] LOG:  checkpoint starting: shutdown immediate
2026-09-20 16:20:00.673 UTC [27] LOG:  checkpoint complete: wrote 19 buffers (0.1%); 0 WAL file(s) added, 0 removed, 0 recycled; write=0.002 s, sync=0.005 s, total=0.014 s; sync files=13, longest=0.003 s, average=0.001 s; distance=65 kB, estimate=434 kB; lsn=0/1B730B0, redo lsn=0/1B730B0
2026-09-20 16:20:00.676 UTC [1] LOG:  database system is shut down

PostgreSQL Database directory appears to contain a database; Skipping initialization

2026-09-20 16:20:11.146 UTC [1] LOG:  starting PostgreSQL 16.15 (Debian 16.15-1.pgdg13+2) on x86_64-pc-linux-gnu, compiled by gcc (Debian 14.2.0-19) 14.2.0, 64-bit
2026-09-20 16:20:11.146 UTC [1] LOG:  listening on IPv4 address "0.0.0.0", port 5432
2026-09-20 16:20:11.146 UTC [1] LOG:  listening on IPv6 address "::", port 5432
2026-09-20 16:20:11.150 UTC [1] LOG:  listening on Unix socket "/var/run/postgresql/.s.PGSQL.5432"
2026-09-20 16:20:11.155 UTC [29] LOG:  database system was shut down at 2026-09-20 16:20:00 UTC
2026-09-20 16:20:11.160 UTC [1] LOG:  database system is ready to accept connections
2026-09-20 16:20:22.917 UTC [1] LOG:  received fast shutdown request
2026-09-20 16:20:22.919 UTC [1] LOG:  aborting any active transactions
2026-09-20 16:20:22.921 UTC [1] LOG:  background worker "logical replication launcher" (PID 32) exited with exit code 1
2026-09-20 16:20:22.921 UTC [27] LOG:  shutting down
2026-09-20 16:20:22.923 UTC [27] LOG:  checkpoint starting: shutdown immediate
2026-09-20 16:20:22.981 UTC [27] LOG:  checkpoint complete: wrote 238 buffers (1.5%); 0 WAL file(s) added, 0 removed, 0 recycled; write=0.007 s, sync=0.046 s, total=0.060 s; sync files=128, longest=0.007 s, average=0.001 s; distance=1294 kB, estimate=1294 kB; lsn=0/1CB6B98, redo lsn=0/1CB6B98
2026-09-20 16:20:22.984 UTC [1] LOG:  database system is shut down

PostgreSQL Database directory appears to contain a database; Skipping initialization

2026-09-20 16:20:33.425 UTC [1] LOG:  starting PostgreSQL 16.15 (Debian 16.15-1.pgdg13+2) on x86_64-pc-linux-gnu, compiled by gcc (Debian 14.2.0-19) 14.2.0, 64-bit
2026-09-20 16:20:33.425 UTC [1] LOG:  listening on IPv4 address "0.0.0.0", port 5432
2026-09-20 16:20:33.425 UTC [1] LOG:  listening on IPv6 address "::", port 5432
2026-09-20 16:20:33.429 UTC [1] LOG:  listening on Unix socket "/var/run/postgresql/.s.PGSQL.5432"
2026-09-20 16:20:33.435 UTC [29] LOG:  database system was shut down at 2026-09-20 16:20:22 UTC
2026-09-20 16:20:33.471 UTC [1] LOG:  database system is ready to accept connections
2026-09-20 16:20:42.008 UTC [1] LOG:  received fast shutdown request
2026-09-20 16:20:42.009 UTC [1] LOG:  aborting any active transactions
2026-09-20 16:20:42.011 UTC [1] LOG:  background worker "logical replication launcher" (PID 32) exited with exit code 1
2026-09-20 16:20:42.011 UTC [27] LOG:  shutting down
2026-09-20 16:20:42.013 UTC [27] LOG:  checkpoint starting: shutdown immediate
2026-09-20 16:20:42.044 UTC [27] LOG:  checkpoint complete: wrote 224 buffers (1.4%); 0 WAL file(s) added, 0 removed, 0 recycled; write=0.007 s, sync=0.020 s, total=0.033 s; sync files=87, longest=0.003 s, average=0.001 s; distance=1715 kB, estimate=1715 kB; lsn=0/1E637C8, redo lsn=0/1E637C8
2026-09-20 16:20:42.047 UTC [1] LOG:  database system is shut down

PostgreSQL Database directory appears to contain a database; Skipping initialization

2026-09-20 16:20:52.549 UTC [1] LOG:  starting PostgreSQL 16.15 (Debian 16.15-1.pgdg13+2) on x86_64-pc-linux-gnu, compiled by gcc (Debian 14.2.0-19) 14.2.0, 64-bit
2026-09-20 16:20:52.550 UTC [1] LOG:  listening on IPv4 address "0.0.0.0", port 5432
2026-09-20 16:20:52.550 UTC [1] LOG:  listening on IPv6 address "::", port 5432
2026-09-20 16:20:52.553 UTC [1] LOG:  listening on Unix socket "/var/run/postgresql/.s.PGSQL.5432"
2026-09-20 16:20:52.558 UTC [29] LOG:  database system was shut down at 2026-09-20 16:20:42 UTC
2026-09-20 16:20:52.564 UTC [1] LOG:  database system is ready to accept connections
2026-09-20 16:21:04.285 UTC [1] LOG:  received fast shutdown request
2026-09-20 16:21:04.287 UTC [1] LOG:  aborting any active transactions
2026-09-20 16:21:04.288 UTC [1] LOG:  background worker "logical replication launcher" (PID 32) exited with exit code 1
2026-09-20 16:21:04.288 UTC [27] LOG:  shutting down
2026-09-20 16:21:04.290 UTC [27] LOG:  checkpoint starting: shutdown immediate
2026-09-20 16:21:04.325 UTC [27] LOG:  checkpoint complete: wrote 252 buffers (1.5%); 0 WAL file(s) added, 0 removed, 1 recycled; write=0.008 s, sync=0.021 s, total=0.037 s; sync files=75, longest=0.003 s, average=0.001 s; distance=2562 kB, estimate=2562 kB; lsn=0/20E4258, redo lsn=0/20E4258
2026-09-20 16:21:04.328 UTC [1] LOG:  database system is shut down

PostgreSQL Database directory appears to contain a database; Skipping initialization

2026-09-20 16:21:14.817 UTC [1] LOG:  starting PostgreSQL 16.15 (Debian 16.15-1.pgdg13+2) on x86_64-pc-linux-gnu, compiled by gcc (Debian 14.2.0-19) 14.2.0, 64-bit
2026-09-20 16:21:14.817 UTC [1] LOG:  listening on IPv4 address "0.0.0.0", port 5432
2026-09-20 16:21:14.817 UTC [1] LOG:  listening on IPv6 address "::", port 5432
2026-09-20 16:21:14.821 UTC [1] LOG:  listening on Unix socket "/var/run/postgresql/.s.PGSQL.5432"
2026-09-20 16:21:14.827 UTC [29] LOG:  database system was shut down at 2026-09-20 16:21:04 UTC
2026-09-20 16:21:14.834 UTC [1] LOG:  database system is ready to accept connections
2026-09-20 16:21:26.574 UTC [1] LOG:  received fast shutdown request
2026-09-20 16:21:26.576 UTC [1] LOG:  aborting any active transactions
2026-09-20 16:21:26.578 UTC [1] LOG:  background worker "logical replication launcher" (PID 32) exited with exit code 1
2026-09-20 16:21:26.578 UTC [27] LOG:  shutting down
2026-09-20 16:21:26.580 UTC [27] LOG:  checkpoint starting: shutdown immediate
2026-09-20 16:21:26.613 UTC [27] LOG:  checkpoint complete: wrote 318 buffers (1.9%); 0 WAL file(s) added, 0 removed, 0 recycled; write=0.009 s, sync=0.020 s, total=0.036 s; sync files=76, longest=0.005 s, average=0.001 s; distance=3659 kB, estimate=3659 kB; lsn=0/2477010, redo lsn=0/2477010
2026-09-20 16:21:26.616 UTC [1] LOG:  database system is shut down

PostgreSQL Database directory appears to contain a database; Skipping initialization

2026-09-20 16:21:37.110 UTC [1] LOG:  starting PostgreSQL 16.15 (Debian 16.15-1.pgdg13+2) on x86_64-pc-linux-gnu, compiled by gcc (Debian 14.2.0-19) 14.2.0, 64-bit
2026-09-20 16:21:37.110 UTC [1] LOG:  listening on IPv4 address "0.0.0.0", port 5432
2026-09-20 16:21:37.110 UTC [1] LOG:  listening on IPv6 address "::", port 5432
2026-09-20 16:21:37.114 UTC [1] LOG:  listening on Unix socket "/var/run/postgresql/.s.PGSQL.5432"
2026-09-20 16:21:37.119 UTC [29] LOG:  database system was shut down at 2026-09-20 16:21:26 UTC
2026-09-20 16:21:37.127 UTC [1] LOG:  database system is ready to accept connections
2026-09-20 16:21:48.885 UTC [1] LOG:  received fast shutdown request
2026-09-20 16:21:48.887 UTC [1] LOG:  aborting any active transactions
2026-09-20 16:21:48.888 UTC [1] LOG:  background worker "logical replication launcher" (PID 32) exited with exit code 1
2026-09-20 16:21:48.888 UTC [27] LOG:  shutting down
2026-09-20 16:21:48.890 UTC [27] LOG:  checkpoint starting: shutdown immediate
2026-09-20 16:21:48.920 UTC [27] LOG:  checkpoint complete: wrote 397 buffers (2.4%); 0 WAL file(s) added, 0 removed, 0 recycled; write=0.008 s, sync=0.018 s, total=0.032 s; sync files=75, longest=0.004 s, average=0.001 s; distance=4996 kB, estimate=4996 kB; lsn=0/2958350, redo lsn=0/2958350
2026-09-20 16:21:48.923 UTC [1] LOG:  database system is shut down

PostgreSQL Database directory appears to contain a database; Skipping initialization

2026-09-20 16:21:59.380 UTC [1] LOG:  starting PostgreSQL 16.15 (Debian 16.15-1.pgdg13+2) on x86_64-pc-linux-gnu, compiled by gcc (Debian 14.2.0-19) 14.2.0, 64-bit
2026-09-20 16:21:59.380 UTC [1] LOG:  listening on IPv4 address "0.0.0.0", port 5432
2026-09-20 16:21:59.380 UTC [1] LOG:  listening on IPv6 address "::", port 5432
2026-09-20 16:21:59.385 UTC [1] LOG:  listening on Unix socket "/var/run/postgresql/.s.PGSQL.5432"
2026-09-20 16:21:59.391 UTC [29] LOG:  database system was shut down at 2026-09-20 16:21:48 UTC
2026-09-20 16:21:59.398 UTC [1] LOG:  database system is ready to accept connections
2026-09-20 16:22:11.173 UTC [1] LOG:  received fast shutdown request
2026-09-20 16:22:11.175 UTC [1] LOG:  aborting any active transactions
2026-09-20 16:22:11.176 UTC [1] LOG:  background worker "logical replication launcher" (PID 32) exited with exit code 1
2026-09-20 16:22:11.177 UTC [27] LOG:  shutting down
2026-09-20 16:22:11.179 UTC [27] LOG:  checkpoint starting: shutdown immediate
2026-09-20 16:22:11.212 UTC [27] LOG:  checkpoint complete: wrote 511 buffers (3.1%); 0 WAL file(s) added, 0 removed, 0 recycled; write=0.008 s, sync=0.020 s, total=0.036 s; sync files=76, longest=0.005 s, average=0.001 s; distance=6619 kB, estimate=6619 kB; lsn=0/2FCEFC0, redo lsn=0/2FCEFC0
2026-09-20 16:22:11.216 UTC [1] LOG:  database system is shut down

PostgreSQL Database directory appears to contain a database; Skipping initialization

2026-09-20 16:22:21.673 UTC [1] LOG:  starting PostgreSQL 16.15 (Debian 16.15-1.pgdg13+2) on x86_64-pc-linux-gnu, compiled by gcc (Debian 14.2.0-19) 14.2.0, 64-bit
2026-09-20 16:22:21.673 UTC [1] LOG:  listening on IPv4 address "0.0.0.0", port 5432
2026-09-20 16:22:21.673 UTC [1] LOG:  listening on IPv6 address "::", port 5432
2026-09-20 16:22:21.677 UTC [1] LOG:  listening on Unix socket "/var/run/postgresql/.s.PGSQL.5432"
2026-09-20 16:22:21.683 UTC [29] LOG:  database system was shut down at 2026-09-20 16:22:11 UTC
2026-09-20 16:22:21.690 UTC [1] LOG:  database system is ready to accept connections
2026-09-20 16:22:33.458 UTC [1] LOG:  received fast shutdown request
2026-09-20 16:22:33.459 UTC [1] LOG:  aborting any active transactions
2026-09-20 16:22:33.461 UTC [1] LOG:  background worker "logical replication launcher" (PID 32) exited with exit code 1
2026-09-20 16:22:33.461 UTC [27] LOG:  shutting down
2026-09-20 16:22:33.463 UTC [27] LOG:  checkpoint starting: shutdown immediate
2026-09-20 16:22:33.496 UTC [27] LOG:  checkpoint complete: wrote 622 buffers (3.8%); 0 WAL file(s) added, 0 removed, 1 recycled; write=0.008 s, sync=0.020 s, total=0.035 s; sync files=75, longest=0.006 s, average=0.001 s; distance=8382 kB, estimate=8382 kB; lsn=0/37FEA58, redo lsn=0/37FEA58
2026-09-20 16:22:33.499 UTC [1] LOG:  database system is shut down

PostgreSQL Database directory appears to contain a database; Skipping initialization

2026-09-20 16:22:43.955 UTC [1] LOG:  starting PostgreSQL 16.15 (Debian 16.15-1.pgdg13+2) on x86_64-pc-linux-gnu, compiled by gcc (Debian 14.2.0-19) 14.2.0, 64-bit
2026-09-20 16:22:43.956 UTC [1] LOG:  listening on IPv4 address "0.0.0.0", port 5432
2026-09-20 16:22:43.956 UTC [1] LOG:  listening on IPv6 address "::", port 5432
2026-09-20 16:22:43.959 UTC [1] LOG:  listening on Unix socket "/var/run/postgresql/.s.PGSQL.5432"
2026-09-20 16:22:43.965 UTC [29] LOG:  database system was shut down at 2026-09-20 16:22:33 UTC
2026-09-20 16:22:43.972 UTC [1] LOG:  database system is ready to accept connections
2026-09-20 16:22:55.739 UTC [1] LOG:  received fast shutdown request
2026-09-20 16:22:55.741 UTC [1] LOG:  aborting any active transactions
2026-09-20 16:22:55.743 UTC [1] LOG:  background worker "logical replication launcher" (PID 32) exited with exit code 1
2026-09-20 16:22:55.743 UTC [27] LOG:  shutting down
2026-09-20 16:22:55.746 UTC [27] LOG:  checkpoint starting: shutdown immediate
2026-09-20 16:22:55.785 UTC [27] LOG:  checkpoint complete: wrote 767 buffers (4.7%); 0 WAL file(s) added, 0 removed, 1 recycled; write=0.010 s, sync=0.022 s, total=0.042 s; sync files=75, longest=0.008 s, average=0.001 s; distance=10497 kB, estimate=10497 kB; lsn=0/423F1B8, redo lsn=0/423F1B8
2026-09-20 16:22:55.788 UTC [1] LOG:  database system is shut down

PostgreSQL Database directory appears to contain a database; Skipping initialization

2026-09-20 16:23:06.268 UTC [1] LOG:  starting PostgreSQL 16.15 (Debian 16.15-1.pgdg13+2) on x86_64-pc-linux-gnu, compiled by gcc (Debian 14.2.0-19) 14.2.0, 64-bit
2026-09-20 16:23:06.268 UTC [1] LOG:  listening on IPv4 address "0.0.0.0", port 5432
2026-09-20 16:23:06.268 UTC [1] LOG:  listening on IPv6 address "::", port 5432
2026-09-20 16:23:06.273 UTC [1] LOG:  listening on Unix socket "/var/run/postgresql/.s.PGSQL.5432"
2026-09-20 16:23:06.278 UTC [29] LOG:  database system was shut down at 2026-09-20 16:22:55 UTC
2026-09-20 16:23:06.284 UTC [1] LOG:  database system is ready to accept connections
2026-09-20 16:23:18.026 UTC [1] LOG:  received fast shutdown request
2026-09-20 16:23:18.028 UTC [1] LOG:  aborting any active transactions
2026-09-20 16:23:18.030 UTC [1] LOG:  background worker "logical replication launcher" (PID 32) exited with exit code 1
2026-09-20 16:23:18.030 UTC [27] LOG:  shutting down
2026-09-20 16:23:18.032 UTC [27] LOG:  checkpoint starting: shutdown immediate
2026-09-20 16:23:18.072 UTC [27] LOG:  checkpoint complete: wrote 917 buffers (5.6%); 0 WAL file(s) added, 0 removed, 0 recycled; write=0.011 s, sync=0.024 s, total=0.043 s; sync files=75, longest=0.009 s, average=0.001 s; distance=12743 kB, estimate=12743 kB; lsn=0/4EB10E8, redo lsn=0/4EB10E8
2026-09-20 16:23:18.076 UTC [1] LOG:  database system is shut down

PostgreSQL Database directory appears to contain a database; Skipping initialization

2026-09-20 16:23:28.559 UTC [1] LOG:  starting PostgreSQL 16.15 (Debian 16.15-1.pgdg13+2) on x86_64-pc-linux-gnu, compiled by gcc (Debian 14.2.0-19) 14.2.0, 64-bit
2026-09-20 16:23:28.559 UTC [1] LOG:  listening on IPv4 address "0.0.0.0", port 5432
2026-09-20 16:23:28.559 UTC [1] LOG:  listening on IPv6 address "::", port 5432
2026-09-20 16:23:28.563 UTC [1] LOG:  listening on Unix socket "/var/run/postgresql/.s.PGSQL.5432"
2026-09-20 16:23:28.568 UTC [29] LOG:  database system was shut down at 2026-09-20 16:23:18 UTC
2026-09-20 16:23:28.575 UTC [1] LOG:  database system is ready to accept connections
2026-09-20 16:23:40.622 UTC [1] LOG:  received fast shutdown request
2026-09-20 16:23:40.624 UTC [1] LOG:  aborting any active transactions
2026-09-20 16:23:40.626 UTC [1] LOG:  background worker "logical replication launcher" (PID 32) exited with exit code 1
2026-09-20 16:23:40.626 UTC [27] LOG:  shutting down
2026-09-20 16:23:40.628 UTC [27] LOG:  checkpoint starting: shutdown immediate
2026-09-20 16:23:40.666 UTC [27] LOG:  checkpoint complete: wrote 1094 buffers (6.7%); 0 WAL file(s) added, 0 removed, 1 recycled; write=0.010 s, sync=0.023 s, total=0.040 s; sync files=75, longest=0.007 s, average=0.001 s; distance=15306 kB, estimate=15306 kB; lsn=0/5DA3AB8, redo lsn=0/5DA3AB8
2026-09-20 16:23:40.670 UTC [1] LOG:  database system is shut down

PostgreSQL Database directory appears to contain a database; Skipping initialization

2026-09-20 16:23:51.110 UTC [1] LOG:  starting PostgreSQL 16.15 (Debian 16.15-1.pgdg13+2) on x86_64-pc-linux-gnu, compiled by gcc (Debian 14.2.0-19) 14.2.0, 64-bit
2026-09-20 16:23:51.110 UTC [1] LOG:  listening on IPv4 address "0.0.0.0", port 5432
2026-09-20 16:23:51.110 UTC [1] LOG:  listening on IPv6 address "::", port 5432
2026-09-20 16:23:51.115 UTC [1] LOG:  listening on Unix socket "/var/run/postgresql/.s.PGSQL.5432"
2026-09-20 16:23:51.120 UTC [30] LOG:  database system was shut down at 2026-09-20 16:23:40 UTC
2026-09-20 16:23:51.128 UTC [1] LOG:  database system is ready to accept connections
2026-09-20 16:24:02.890 UTC [1] LOG:  received fast shutdown request
2026-09-20 16:24:02.892 UTC [1] LOG:  aborting any active transactions
2026-09-20 16:24:02.894 UTC [1] LOG:  background worker "logical replication launcher" (PID 33) exited with exit code 1
2026-09-20 16:24:02.894 UTC [28] LOG:  shutting down
2026-09-20 16:24:02.895 UTC [28] LOG:  checkpoint starting: shutdown immediate
2026-09-20 16:24:02.933 UTC [28] LOG:  checkpoint complete: wrote 1257 buffers (7.7%); 0 WAL file(s) added, 0 removed, 1 recycled; write=0.010 s, sync=0.022 s, total=0.040 s; sync files=75, longest=0.007 s, average=0.001 s; distance=18018 kB, estimate=18018 kB; lsn=0/6F3C308, redo lsn=0/6F3C308
2026-09-20 16:24:02.938 UTC [1] LOG:  database system is shut down

PostgreSQL Database directory appears to contain a database; Skipping initialization

2026-09-20 16:24:13.409 UTC [1] LOG:  starting PostgreSQL 16.15 (Debian 16.15-1.pgdg13+2) on x86_64-pc-linux-gnu, compiled by gcc (Debian 14.2.0-19) 14.2.0, 64-bit
2026-09-20 16:24:13.409 UTC [1] LOG:  listening on IPv4 address "0.0.0.0", port 5432
2026-09-20 16:24:13.409 UTC [1] LOG:  listening on IPv6 address "::", port 5432
2026-09-20 16:24:13.414 UTC [1] LOG:  listening on Unix socket "/var/run/postgresql/.s.PGSQL.5432"
2026-09-20 16:24:13.419 UTC [29] LOG:  database system was shut down at 2026-09-20 16:24:02 UTC
2026-09-20 16:24:13.426 UTC [1] LOG:  database system is ready to accept connections
2026-09-20 16:24:25.129 UTC [1] LOG:  received fast shutdown request
2026-09-20 16:24:25.131 UTC [1] LOG:  aborting any active transactions
2026-09-20 16:24:25.132 UTC [1] LOG:  background worker "logical replication launcher" (PID 32) exited with exit code 1
2026-09-20 16:24:25.133 UTC [27] LOG:  shutting down
2026-09-20 16:24:25.134 UTC [27] LOG:  checkpoint starting: shutdown immediate
2026-09-20 16:24:25.175 UTC [27] LOG:  checkpoint complete: wrote 1480 buffers (9.0%); 0 WAL file(s) added, 0 removed, 2 recycled; write=0.011 s, sync=0.023 s, total=0.043 s; sync files=75, longest=0.008 s, average=0.001 s; distance=21178 kB, estimate=21178 kB; lsn=0/83EAD18, redo lsn=0/83EAD18
2026-09-20 16:24:25.180 UTC [1] LOG:  database system is shut down

PostgreSQL Database directory appears to contain a database; Skipping initialization

2026-09-20 16:24:35.664 UTC [1] LOG:  starting PostgreSQL 16.15 (Debian 16.15-1.pgdg13+2) on x86_64-pc-linux-gnu, compiled by gcc (Debian 14.2.0-19) 14.2.0, 64-bit
2026-09-20 16:24:35.664 UTC [1] LOG:  listening on IPv4 address "0.0.0.0", port 5432
2026-09-20 16:24:35.664 UTC [1] LOG:  listening on IPv6 address "::", port 5432
2026-09-20 16:24:35.668 UTC [1] LOG:  listening on Unix socket "/var/run/postgresql/.s.PGSQL.5432"
2026-09-20 16:24:35.673 UTC [29] LOG:  database system was shut down at 2026-09-20 16:24:25 UTC
2026-09-20 16:24:35.680 UTC [1] LOG:  database system is ready to accept connections
2026-09-20 16:24:47.400 UTC [1] LOG:  received fast shutdown request
2026-09-20 16:24:47.402 UTC [1] LOG:  aborting any active transactions
2026-09-20 16:24:47.404 UTC [1] LOG:  background worker "logical replication launcher" (PID 32) exited with exit code 1
2026-09-20 16:24:47.404 UTC [27] LOG:  shutting down
2026-09-20 16:24:47.406 UTC [27] LOG:  checkpoint starting: shutdown immediate
2026-09-20 16:24:47.457 UTC [27] LOG:  checkpoint complete: wrote 1719 buffers (10.5%); 0 WAL file(s) added, 0 removed, 1 recycled; write=0.014 s, sync=0.030 s, total=0.054 s; sync files=75, longest=0.014 s, average=0.001 s; distance=24452 kB, estimate=24452 kB; lsn=0/9BCC098, redo lsn=0/9BCC098
2026-09-20 16:24:47.463 UTC [1] LOG:  database system is shut down

PostgreSQL Database directory appears to contain a database; Skipping initialization

2026-09-20 16:24:57.939 UTC [1] LOG:  starting PostgreSQL 16.15 (Debian 16.15-1.pgdg13+2) on x86_64-pc-linux-gnu, compiled by gcc (Debian 14.2.0-19) 14.2.0, 64-bit
2026-09-20 16:24:57.939 UTC [1] LOG:  listening on IPv4 address "0.0.0.0", port 5432
2026-09-20 16:24:57.939 UTC [1] LOG:  listening on IPv6 address "::", port 5432
2026-09-20 16:24:57.943 UTC [1] LOG:  listening on Unix socket "/var/run/postgresql/.s.PGSQL.5432"
2026-09-20 16:24:57.949 UTC [29] LOG:  database system was shut down at 2026-09-20 16:24:47 UTC
2026-09-20 16:24:57.956 UTC [1] LOG:  database system is ready to accept connections
2026-09-20 16:25:09.985 UTC [1] LOG:  received fast shutdown request
2026-09-20 16:25:09.987 UTC [1] LOG:  aborting any active transactions
2026-09-20 16:25:09.989 UTC [1] LOG:  background worker "logical replication launcher" (PID 32) exited with exit code 1
2026-09-20 16:25:09.989 UTC [27] LOG:  shutting down
2026-09-20 16:25:09.991 UTC [27] LOG:  checkpoint starting: shutdown immediate
2026-09-20 16:25:10.033 UTC [27] LOG:  checkpoint complete: wrote 1979 buffers (12.1%); 0 WAL file(s) added, 0 removed, 2 recycled; write=0.013 s, sync=0.022 s, total=0.045 s; sync files=75, longest=0.008 s, average=0.001 s; distance=28049 kB, estimate=28049 kB; lsn=0/B730788, redo lsn=0/B730788
2026-09-20 16:25:10.038 UTC [1] LOG:  database system is shut down

PostgreSQL Database directory appears to contain a database; Skipping initialization

2026-09-20 16:25:20.478 UTC [1] LOG:  starting PostgreSQL 16.15 (Debian 16.15-1.pgdg13+2) on x86_64-pc-linux-gnu, compiled by gcc (Debian 14.2.0-19) 14.2.0, 64-bit
2026-09-20 16:25:20.478 UTC [1] LOG:  listening on IPv4 address "0.0.0.0", port 5432
2026-09-20 16:25:20.478 UTC [1] LOG:  listening on IPv6 address "::", port 5432
2026-09-20 16:25:20.481 UTC [1] LOG:  listening on Unix socket "/var/run/postgresql/.s.PGSQL.5432"
2026-09-20 16:25:20.487 UTC [29] LOG:  database system was shut down at 2026-09-20 16:25:10 UTC
2026-09-20 16:25:20.495 UTC [1] LOG:  database system is ready to accept connections
2026-09-20 16:25:32.241 UTC [1] LOG:  received fast shutdown request
2026-09-20 16:25:32.243 UTC [1] LOG:  aborting any active transactions
2026-09-20 16:25:32.244 UTC [1] LOG:  background worker "logical replication launcher" (PID 32) exited with exit code 1
2026-09-20 16:25:32.244 UTC [27] LOG:  shutting down
2026-09-20 16:25:32.246 UTC [27] LOG:  checkpoint starting: shutdown immediate
2026-09-20 16:25:32.295 UTC [27] LOG:  checkpoint complete: wrote 2249 buffers (13.7%); 0 WAL file(s) added, 0 removed, 2 recycled; write=0.012 s, sync=0.027 s, total=0.051 s; sync files=75, longest=0.011 s, average=0.001 s; distance=31924 kB, estimate=31924 kB; lsn=0/D65DAC8, redo lsn=0/D65DAC8
2026-09-20 16:25:32.300 UTC [1] LOG:  database system is shut down

PostgreSQL Database directory appears to contain a database; Skipping initialization

2026-09-20 16:25:42.767 UTC [1] LOG:  starting PostgreSQL 16.15 (Debian 16.15-1.pgdg13+2) on x86_64-pc-linux-gnu, compiled by gcc (Debian 14.2.0-19) 14.2.0, 64-bit
2026-09-20 16:25:42.767 UTC [1] LOG:  listening on IPv4 address "0.0.0.0", port 5432
2026-09-20 16:25:42.767 UTC [1] LOG:  listening on IPv6 address "::", port 5432
2026-09-20 16:25:42.771 UTC [1] LOG:  listening on Unix socket "/var/run/postgresql/.s.PGSQL.5432"
2026-09-20 16:25:42.776 UTC [29] LOG:  database system was shut down at 2026-09-20 16:25:32 UTC
2026-09-20 16:25:42.783 UTC [1] LOG:  database system is ready to accept connections
2026-09-20 16:25:54.507 UTC [1] LOG:  received fast shutdown request
2026-09-20 16:25:54.509 UTC [1] LOG:  aborting any active transactions
2026-09-20 16:25:54.511 UTC [1] LOG:  background worker "logical replication launcher" (PID 32) exited with exit code 1
2026-09-20 16:25:54.511 UTC [27] LOG:  shutting down
2026-09-20 16:25:54.513 UTC [27] LOG:  checkpoint starting: shutdown immediate
2026-09-20 16:25:54.573 UTC [27] LOG:  checkpoint complete: wrote 2553 buffers (15.6%); 0 WAL file(s) added, 0 removed, 2 recycled; write=0.016 s, sync=0.034 s, total=0.062 s; sync files=75, longest=0.012 s, average=0.001 s; distance=36011 kB, estimate=36011 kB; lsn=0/F9888C0, redo lsn=0/F9888C0
2026-09-20 16:25:54.580 UTC [1] LOG:  database system is shut down

PostgreSQL Database directory appears to contain a database; Skipping initialization

2026-09-20 16:26:05.033 UTC [1] LOG:  starting PostgreSQL 16.15 (Debian 16.15-1.pgdg13+2) on x86_64-pc-linux-gnu, compiled by gcc (Debian 14.2.0-19) 14.2.0, 64-bit
2026-09-20 16:26:05.033 UTC [1] LOG:  listening on IPv4 address "0.0.0.0", port 5432
2026-09-20 16:26:05.033 UTC [1] LOG:  listening on IPv6 address "::", port 5432
2026-09-20 16:26:05.037 UTC [1] LOG:  listening on Unix socket "/var/run/postgresql/.s.PGSQL.5432"
2026-09-20 16:26:05.044 UTC [29] LOG:  database system was shut down at 2026-09-20 16:25:54 UTC
2026-09-20 16:26:05.051 UTC [1] LOG:  database system is ready to accept connections
2026-09-20 16:26:16.835 UTC [1] LOG:  received fast shutdown request
2026-09-20 16:26:16.837 UTC [1] LOG:  aborting any active transactions
2026-09-20 16:26:16.839 UTC [1] LOG:  background worker "logical replication launcher" (PID 32) exited with exit code 1
2026-09-20 16:26:16.839 UTC [27] LOG:  shutting down
2026-09-20 16:26:16.841 UTC [27] LOG:  checkpoint starting: shutdown immediate
2026-09-20 16:26:16.893 UTC [27] LOG:  checkpoint complete: wrote 2873 buffers (17.5%); 0 WAL file(s) added, 0 removed, 3 recycled; write=0.017 s, sync=0.027 s, total=0.055 s; sync files=75, longest=0.011 s, average=0.001 s; distance=40434 kB, estimate=40434 kB; lsn=0/12105410, redo lsn=0/12105410
2026-09-20 16:26:16.900 UTC [1] LOG:  database system is shut down

PostgreSQL Database directory appears to contain a database; Skipping initialization

2026-09-20 16:26:27.348 UTC [1] LOG:  starting PostgreSQL 16.15 (Debian 16.15-1.pgdg13+2) on x86_64-pc-linux-gnu, compiled by gcc (Debian 14.2.0-19) 14.2.0, 64-bit
2026-09-20 16:26:27.348 UTC [1] LOG:  listening on IPv4 address "0.0.0.0", port 5432
2026-09-20 16:26:27.348 UTC [1] LOG:  listening on IPv6 address "::", port 5432
2026-09-20 16:26:27.352 UTC [1] LOG:  listening on Unix socket "/var/run/postgresql/.s.PGSQL.5432"
2026-09-20 16:26:27.358 UTC [29] LOG:  database system was shut down at 2026-09-20 16:26:16 UTC
2026-09-20 16:26:27.364 UTC [1] LOG:  database system is ready to accept connections
2026-09-20 16:26:39.154 UTC [1] LOG:  received fast shutdown request
2026-09-20 16:26:39.155 UTC [1] LOG:  aborting any active transactions
2026-09-20 16:26:39.157 UTC [1] LOG:  background worker "logical replication launcher" (PID 32) exited with exit code 1
2026-09-20 16:26:39.157 UTC [27] LOG:  shutting down
2026-09-20 16:26:39.159 UTC [27] LOG:  checkpoint starting: shutdown immediate
2026-09-20 16:26:39.210 UTC [27] LOG:  checkpoint complete: wrote 3174 buffers (19.4%); 0 WAL file(s) added, 0 removed, 2 recycled; write=0.016 s, sync=0.028 s, total=0.054 s; sync files=75, longest=0.012 s, average=0.001 s; distance=44883 kB, estimate=44883 kB; lsn=0/14CDA020, redo lsn=0/14CDA020
2026-09-20 16:26:39.216 UTC [1] LOG:  database system is shut down

PostgreSQL Database directory appears to contain a database; Skipping initialization

2026-09-20 16:26:49.686 UTC [1] LOG:  starting PostgreSQL 16.15 (Debian 16.15-1.pgdg13+2) on x86_64-pc-linux-gnu, compiled by gcc (Debian 14.2.0-19) 14.2.0, 64-bit
2026-09-20 16:26:49.686 UTC [1] LOG:  listening on IPv4 address "0.0.0.0", port 5432
2026-09-20 16:26:49.686 UTC [1] LOG:  listening on IPv6 address "::", port 5432
2026-09-20 16:26:49.690 UTC [1] LOG:  listening on Unix socket "/var/run/postgresql/.s.PGSQL.5432"
2026-09-20 16:26:49.694 UTC [29] LOG:  database system was shut down at 2026-09-20 16:26:39 UTC
2026-09-20 16:26:49.701 UTC [1] LOG:  database system is ready to accept connections
2026-09-20 16:27:01.441 UTC [1] LOG:  received fast shutdown request
2026-09-20 16:27:01.443 UTC [1] LOG:  aborting any active transactions
2026-09-20 16:27:01.445 UTC [1] LOG:  background worker "logical replication launcher" (PID 32) exited with exit code 1
2026-09-20 16:27:01.445 UTC [27] LOG:  shutting down
2026-09-20 16:27:01.447 UTC [27] LOG:  checkpoint starting: shutdown immediate
2026-09-20 16:27:01.504 UTC [27] LOG:  checkpoint complete: wrote 3518 buffers (21.5%); 0 WAL file(s) added, 0 removed, 3 recycled; write=0.017 s, sync=0.030 s, total=0.060 s; sync files=75, longest=0.013 s, average=0.001 s; distance=49952 kB, estimate=49952 kB; lsn=0/17DA2328, redo lsn=0/17DA2328
2026-09-20 16:27:01.511 UTC [1] LOG:  database system is shut down

PostgreSQL Database directory appears to contain a database; Skipping initialization

2026-09-20 16:27:11.974 UTC [1] LOG:  starting PostgreSQL 16.15 (Debian 16.15-1.pgdg13+2) on x86_64-pc-linux-gnu, compiled by gcc (Debian 14.2.0-19) 14.2.0, 64-bit
2026-09-20 16:27:11.974 UTC [1] LOG:  listening on IPv4 address "0.0.0.0", port 5432
2026-09-20 16:27:11.974 UTC [1] LOG:  listening on IPv6 address "::", port 5432
2026-09-20 16:27:11.979 UTC [1] LOG:  listening on Unix socket "/var/run/postgresql/.s.PGSQL.5432"
2026-09-20 16:27:11.984 UTC [29] LOG:  database system was shut down at 2026-09-20 16:27:01 UTC
2026-09-20 16:27:11.991 UTC [1] LOG:  database system is ready to accept connections
2026-09-20 16:27:23.715 UTC [1] LOG:  received fast shutdown request
2026-09-20 16:27:23.716 UTC [1] LOG:  aborting any active transactions
2026-09-20 16:27:23.718 UTC [1] LOG:  background worker "logical replication launcher" (PID 32) exited with exit code 1
2026-09-20 16:27:23.718 UTC [27] LOG:  shutting down
2026-09-20 16:27:23.720 UTC [27] LOG:  checkpoint starting: shutdown immediate
2026-09-20 16:27:23.780 UTC [27] LOG:  checkpoint complete: wrote 3871 buffers (23.6%); 0 WAL file(s) added, 0 removed, 4 recycled; write=0.017 s, sync=0.033 s, total=0.062 s; sync files=75, longest=0.014 s, average=0.001 s; distance=55020 kB, estimate=55020 kB; lsn=0/1B35D450, redo lsn=0/1B35D450
2026-09-20 16:27:23.788 UTC [1] LOG:  database system is shut down

PostgreSQL Database directory appears to contain a database; Skipping initialization

2026-09-20 16:27:34.274 UTC [1] LOG:  starting PostgreSQL 16.15 (Debian 16.15-1.pgdg13+2) on x86_64-pc-linux-gnu, compiled by gcc (Debian 14.2.0-19) 14.2.0, 64-bit
2026-09-20 16:27:34.275 UTC [1] LOG:  listening on IPv4 address "0.0.0.0", port 5432
2026-09-20 16:27:34.275 UTC [1] LOG:  listening on IPv6 address "::", port 5432
2026-09-20 16:27:34.279 UTC [1] LOG:  listening on Unix socket "/var/run/postgresql/.s.PGSQL.5432"
2026-09-20 16:27:34.285 UTC [29] LOG:  database system was shut down at 2026-09-20 16:27:23 UTC
2026-09-20 16:27:34.292 UTC [1] LOG:  database system is ready to accept connections
2026-09-20 16:27:45.971 UTC [1] LOG:  received fast shutdown request
2026-09-20 16:27:45.973 UTC [1] LOG:  aborting any active transactions
2026-09-20 16:27:45.974 UTC [1] LOG:  background worker "logical replication launcher" (PID 32) exited with exit code 1
2026-09-20 16:27:45.975 UTC [27] LOG:  shutting down
2026-09-20 16:27:45.977 UTC [27] LOG:  checkpoint starting: shutdown immediate
2026-09-20 16:27:46.036 UTC [27] LOG:  checkpoint complete: wrote 4298 buffers (26.2%); 0 WAL file(s) added, 0 removed, 3 recycled; write=0.018 s, sync=0.032 s, total=0.061 s; sync files=75, longest=0.014 s, average=0.001 s; distance=60652 kB, estimate=60652 kB; lsn=0/1EE98718, redo lsn=0/1EE98718
2026-09-20 16:27:46.043 UTC [1] LOG:  database system is shut down

PostgreSQL Database directory appears to contain a database; Skipping initialization

2026-09-20 16:27:56.499 UTC [1] LOG:  starting PostgreSQL 16.15 (Debian 16.15-1.pgdg13+2) on x86_64-pc-linux-gnu, compiled by gcc (Debian 14.2.0-19) 14.2.0, 64-bit
2026-09-20 16:27:56.499 UTC [1] LOG:  listening on IPv4 address "0.0.0.0", port 5432
2026-09-20 16:27:56.499 UTC [1] LOG:  listening on IPv6 address "::", port 5432
2026-09-20 16:27:56.503 UTC [1] LOG:  listening on Unix socket "/var/run/postgresql/.s.PGSQL.5432"
2026-09-20 16:27:56.508 UTC [29] LOG:  database system was shut down at 2026-09-20 16:27:46 UTC
2026-09-20 16:27:56.517 UTC [1] LOG:  database system is ready to accept connections
2026-09-20 16:28:08.594 UTC [1] LOG:  received fast shutdown request
2026-09-20 16:28:08.596 UTC [1] LOG:  aborting any active transactions
2026-09-20 16:28:08.598 UTC [1] LOG:  background worker "logical replication launcher" (PID 32) exited with exit code 1
2026-09-20 16:28:08.598 UTC [27] LOG:  shutting down
2026-09-20 16:28:08.600 UTC [27] LOG:  checkpoint starting: shutdown immediate
2026-09-20 16:28:08.664 UTC [27] LOG:  checkpoint complete: wrote 4765 buffers (29.1%); 0 WAL file(s) added, 0 removed, 4 recycled; write=0.019 s, sync=0.033 s, total=0.066 s; sync files=75, longest=0.017 s, average=0.001 s; distance=66434 kB, estimate=66434 kB; lsn=0/22F78F70, redo lsn=0/22F78F70
2026-09-20 16:28:08.671 UTC [1] LOG:  database system is shut down

PostgreSQL Database directory appears to contain a database; Skipping initialization

2026-09-20 16:28:19.132 UTC [1] LOG:  starting PostgreSQL 16.15 (Debian 16.15-1.pgdg13+2) on x86_64-pc-linux-gnu, compiled by gcc (Debian 14.2.0-19) 14.2.0, 64-bit
2026-09-20 16:28:19.132 UTC [1] LOG:  listening on IPv4 address "0.0.0.0", port 5432
2026-09-20 16:28:19.132 UTC [1] LOG:  listening on IPv6 address "::", port 5432
2026-09-20 16:28:19.136 UTC [1] LOG:  listening on Unix socket "/var/run/postgresql/.s.PGSQL.5432"
2026-09-20 16:28:19.142 UTC [29] LOG:  database system was shut down at 2026-09-20 16:28:08 UTC
2026-09-20 16:28:19.149 UTC [1] LOG:  database system is ready to accept connections
2026-09-20 16:28:34.044 UTC [1] LOG:  received fast shutdown request
2026-09-20 16:28:34.046 UTC [1] LOG:  aborting any active transactions
2026-09-20 16:28:34.048 UTC [1] LOG:  background worker "logical replication launcher" (PID 32) exited with exit code 1
2026-09-20 16:28:34.048 UTC [27] LOG:  shutting down
2026-09-20 16:28:34.050 UTC [27] LOG:  checkpoint starting: shutdown immediate
2026-09-20 16:28:34.124 UTC [27] LOG:  checkpoint complete: wrote 5304 buffers (32.4%); 0 WAL file(s) added, 0 removed, 5 recycled; write=0.022 s, sync=0.040 s, total=0.077 s; sync files=76, longest=0.018 s, average=0.001 s; distance=72798 kB, estimate=72798 kB; lsn=0/27690928, redo lsn=0/27690928
2026-09-20 16:28:34.132 UTC [1] LOG:  database system is shut down

PostgreSQL Database directory appears to contain a database; Skipping initialization

2026-09-20 16:28:44.576 UTC [1] LOG:  starting PostgreSQL 16.15 (Debian 16.15-1.pgdg13+2) on x86_64-pc-linux-gnu, compiled by gcc (Debian 14.2.0-19) 14.2.0, 64-bit
2026-09-20 16:28:44.577 UTC [1] LOG:  listening on IPv4 address "0.0.0.0", port 5432
2026-09-20 16:28:44.577 UTC [1] LOG:  listening on IPv6 address "::", port 5432
2026-09-20 16:28:44.581 UTC [1] LOG:  listening on Unix socket "/var/run/postgresql/.s.PGSQL.5432"
2026-09-20 16:28:44.587 UTC [30] LOG:  database system was shut down at 2026-09-20 16:28:34 UTC
2026-09-20 16:28:44.594 UTC [1] LOG:  database system is ready to accept connections
2026-09-20 16:28:59.463 UTC [1] LOG:  received fast shutdown request
2026-09-20 16:28:59.465 UTC [1] LOG:  aborting any active transactions
2026-09-20 16:28:59.466 UTC [1] LOG:  background worker "logical replication launcher" (PID 33) exited with exit code 1
2026-09-20 16:28:59.467 UTC [28] LOG:  shutting down
2026-09-20 16:28:59.469 UTC [28] LOG:  checkpoint starting: shutdown immediate
2026-09-20 16:28:59.544 UTC [28] LOG:  checkpoint complete: wrote 5805 buffers (35.4%); 0 WAL file(s) added, 0 removed, 5 recycled; write=0.021 s, sync=0.043 s, total=0.077 s; sync files=76, longest=0.025 s, average=0.001 s; distance=79029 kB, estimate=79029 kB; lsn=0/2C3BE0A0, redo lsn=0/2C3BE0A0
2026-09-20 16:28:59.553 UTC [1] LOG:  database system is shut down

PostgreSQL Database directory appears to contain a database; Skipping initialization

2026-09-20 16:29:10.030 UTC [1] LOG:  starting PostgreSQL 16.15 (Debian 16.15-1.pgdg13+2) on x86_64-pc-linux-gnu, compiled by gcc (Debian 14.2.0-19) 14.2.0, 64-bit
2026-09-20 16:29:10.030 UTC [1] LOG:  listening on IPv4 address "0.0.0.0", port 5432
2026-09-20 16:29:10.030 UTC [1] LOG:  listening on IPv6 address "::", port 5432
2026-09-20 16:29:10.034 UTC [1] LOG:  listening on Unix socket "/var/run/postgresql/.s.PGSQL.5432"
2026-09-20 16:29:10.039 UTC [29] LOG:  database system was shut down at 2026-09-20 16:28:59 UTC
2026-09-20 16:29:10.047 UTC [1] LOG:  database system is ready to accept connections
2026-09-20 16:29:21.747 UTC [1] LOG:  received fast shutdown request
2026-09-20 16:29:21.749 UTC [1] LOG:  aborting any active transactions
2026-09-20 16:29:21.751 UTC [1] LOG:  background worker "logical replication launcher" (PID 32) exited with exit code 1
2026-09-20 16:29:21.751 UTC [27] LOG:  shutting down
2026-09-20 16:29:21.753 UTC [27] LOG:  checkpoint starting: shutdown immediate
2026-09-20 16:29:21.826 UTC [27] LOG:  checkpoint complete: wrote 6327 buffers (38.6%); 0 WAL file(s) added, 0 removed, 5 recycled; write=0.026 s, sync=0.036 s, total=0.075 s; sync files=75, longest=0.019 s, average=0.001 s; distance=85960 kB, estimate=85960 kB; lsn=0/317B0320, redo lsn=0/317B0320
2026-09-20 16:29:21.835 UTC [1] LOG:  database system is shut down

PostgreSQL Database directory appears to contain a database; Skipping initialization

2026-09-20 16:29:32.247 UTC [1] LOG:  starting PostgreSQL 16.15 (Debian 16.15-1.pgdg13+2) on x86_64-pc-linux-gnu, compiled by gcc (Debian 14.2.0-19) 14.2.0, 64-bit
2026-09-20 16:29:32.247 UTC [1] LOG:  listening on IPv4 address "0.0.0.0", port 5432
2026-09-20 16:29:32.247 UTC [1] LOG:  listening on IPv6 address "::", port 5432
2026-09-20 16:29:32.252 UTC [1] LOG:  listening on Unix socket "/var/run/postgresql/.s.PGSQL.5432"
2026-09-20 16:29:32.257 UTC [29] LOG:  database system was shut down at 2026-09-20 16:29:21 UTC
2026-09-20 16:29:32.264 UTC [1] LOG:  database system is ready to accept connections
2026-09-20 16:29:47.168 UTC [1] LOG:  received fast shutdown request
2026-09-20 16:29:47.170 UTC [1] LOG:  aborting any active transactions
2026-09-20 16:29:47.172 UTC [1] LOG:  background worker "logical replication launcher" (PID 32) exited with exit code 1
2026-09-20 16:29:47.172 UTC [27] LOG:  shutting down
2026-09-20 16:29:47.174 UTC [27] LOG:  checkpoint starting: shutdown immediate
2026-09-20 16:29:47.250 UTC [27] LOG:  checkpoint complete: wrote 6853 buffers (41.8%); 0 WAL file(s) added, 0 removed, 6 recycled; write=0.024 s, sync=0.039 s, total=0.078 s; sync files=75, longest=0.020 s, average=0.001 s; distance=92910 kB, estimate=92910 kB; lsn=0/3726BC80, redo lsn=0/3726BC80
2026-09-20 16:29:47.259 UTC [1] LOG:  database system is shut down

PostgreSQL Database directory appears to contain a database; Skipping initialization

2026-09-20 16:29:57.726 UTC [1] LOG:  starting PostgreSQL 16.15 (Debian 16.15-1.pgdg13+2) on x86_64-pc-linux-gnu, compiled by gcc (Debian 14.2.0-19) 14.2.0, 64-bit
2026-09-20 16:29:57.727 UTC [1] LOG:  listening on IPv4 address "0.0.0.0", port 5432
2026-09-20 16:29:57.727 UTC [1] LOG:  listening on IPv6 address "::", port 5432
2026-09-20 16:29:57.731 UTC [1] LOG:  listening on Unix socket "/var/run/postgresql/.s.PGSQL.5432"
2026-09-20 16:29:57.735 UTC [29] LOG:  database system was shut down at 2026-09-20 16:29:47 UTC
2026-09-20 16:29:57.742 UTC [1] LOG:  database system is ready to accept connections
2026-09-20 16:30:12.615 UTC [1] LOG:  received fast shutdown request
2026-09-20 16:30:12.617 UTC [1] LOG:  aborting any active transactions
2026-09-20 16:30:12.618 UTC [1] LOG:  background worker "logical replication launcher" (PID 32) exited with exit code 1
2026-09-20 16:30:12.618 UTC [27] LOG:  shutting down
2026-09-20 16:30:12.620 UTC [27] LOG:  checkpoint starting: shutdown immediate
2026-09-20 16:30:12.696 UTC [27] LOG:  checkpoint complete: wrote 7351 buffers (44.9%); 0 WAL file(s) added, 0 removed, 6 recycled; write=0.025 s, sync=0.040 s, total=0.078 s; sync files=75, longest=0.014 s, average=0.001 s; distance=100176 kB, estimate=100176 kB; lsn=0/3D43FCF8, redo lsn=0/3D43FCF8
2026-09-20 16:30:12.706 UTC [1] LOG:  database system is shut down

PostgreSQL Database directory appears to contain a database; Skipping initialization

2026-09-20 16:30:23.181 UTC [1] LOG:  starting PostgreSQL 16.15 (Debian 16.15-1.pgdg13+2) on x86_64-pc-linux-gnu, compiled by gcc (Debian 14.2.0-19) 14.2.0, 64-bit
2026-09-20 16:30:23.181 UTC [1] LOG:  listening on IPv4 address "0.0.0.0", port 5432
2026-09-20 16:30:23.181 UTC [1] LOG:  listening on IPv6 address "::", port 5432
2026-09-20 16:30:23.186 UTC [1] LOG:  listening on Unix socket "/var/run/postgresql/.s.PGSQL.5432"
2026-09-20 16:30:23.192 UTC [29] LOG:  database system was shut down at 2026-09-20 16:30:12 UTC
2026-09-20 16:30:23.200 UTC [1] LOG:  database system is ready to accept connections
2026-09-20 16:30:38.033 UTC [1] LOG:  received fast shutdown request
2026-09-20 16:30:38.035 UTC [1] LOG:  aborting any active transactions
2026-09-20 16:30:38.037 UTC [1] LOG:  background worker "logical replication launcher" (PID 32) exited with exit code 1
2026-09-20 16:30:38.037 UTC [27] LOG:  shutting down
2026-09-20 16:30:38.038 UTC [27] LOG:  checkpoint starting: shutdown immediate
2026-09-20 16:30:38.124 UTC [27] LOG:  checkpoint complete: wrote 7888 buffers (48.1%); 0 WAL file(s) added, 0 removed, 6 recycled; write=0.025 s, sync=0.049 s, total=0.088 s; sync files=75, longest=0.025 s, average=0.001 s; distance=107597 kB, estimate=107597 kB; lsn=0/43D532B8, redo lsn=0/43D532B8
2026-09-20 16:30:38.135 UTC [1] LOG:  database system is shut down

PostgreSQL Database directory appears to contain a database; Skipping initialization

2026-09-20 16:30:48.599 UTC [1] LOG:  starting PostgreSQL 16.15 (Debian 16.15-1.pgdg13+2) on x86_64-pc-linux-gnu, compiled by gcc (Debian 14.2.0-19) 14.2.0, 64-bit
2026-09-20 16:30:48.600 UTC [1] LOG:  listening on IPv4 address "0.0.0.0", port 5432
2026-09-20 16:30:48.600 UTC [1] LOG:  listening on IPv6 address "::", port 5432
2026-09-20 16:30:48.604 UTC [1] LOG:  listening on Unix socket "/var/run/postgresql/.s.PGSQL.5432"
2026-09-20 16:30:48.610 UTC [29] LOG:  database system was shut down at 2026-09-20 16:30:38 UTC
2026-09-20 16:30:48.617 UTC [1] LOG:  database system is ready to accept connections
2026-09-20 16:31:03.447 UTC [1] LOG:  received fast shutdown request
2026-09-20 16:31:03.449 UTC [1] LOG:  aborting any active transactions
2026-09-20 16:31:03.451 UTC [1] LOG:  background worker "logical replication launcher" (PID 32) exited with exit code 1
2026-09-20 16:31:03.451 UTC [27] LOG:  shutting down
2026-09-20 16:31:03.453 UTC [27] LOG:  checkpoint starting: shutdown immediate
2026-09-20 16:31:03.540 UTC [27] LOG:  checkpoint complete: wrote 8430 buffers (51.5%); 0 WAL file(s) added, 0 removed, 7 recycled; write=0.028 s, sync=0.044 s, total=0.089 s; sync files=76, longest=0.024 s, average=0.001 s; distance=115609 kB, estimate=115609 kB; lsn=0/4AE39810, redo lsn=0/4AE39810
2026-09-20 16:31:03.551 UTC [1] LOG:  database system is shut down

PostgreSQL Database directory appears to contain a database; Skipping initialization

2026-09-20 16:31:13.978 UTC [1] LOG:  starting PostgreSQL 16.15 (Debian 16.15-1.pgdg13+2) on x86_64-pc-linux-gnu, compiled by gcc (Debian 14.2.0-19) 14.2.0, 64-bit
2026-09-20 16:31:13.978 UTC [1] LOG:  listening on IPv4 address "0.0.0.0", port 5432
2026-09-20 16:31:13.978 UTC [1] LOG:  listening on IPv6 address "::", port 5432
2026-09-20 16:31:13.982 UTC [1] LOG:  listening on Unix socket "/var/run/postgresql/.s.PGSQL.5432"
2026-09-20 16:31:13.988 UTC [29] LOG:  database system was shut down at 2026-09-20 16:31:03 UTC
2026-09-20 16:31:13.995 UTC [1] LOG:  database system is ready to accept connections
2026-09-20 16:36:13.883 UTC [27] LOG:  checkpoint starting: time
2026-09-20 16:37:23.228 UTC [27] LOG:  checkpoint complete: wrote 5976 buffers (36.5%); 1 WAL file(s) added, 8 removed, 0 recycled; write=69.094 s, sync=0.197 s, total=69.346 s; sync files=122, longest=0.038 s, average=0.002 s; distance=125506 kB, estimate=125506 kB; lsn=0/70C2D9F8, redo lsn=0/528CA200
2026-09-20 16:37:34.556 UTC [27] LOG:  checkpoint starting: wal
2026-09-20 16:38:26.705 UTC [27] LOG:  checkpoint complete: wrote 3602 buffers (22.0%); 0 WAL file(s) added, 0 removed, 33 recycled; write=51.881 s, sync=0.197 s, total=52.150 s; sync files=110, longest=0.038 s, average=0.002 s; distance=533361 kB, estimate=533361 kB; lsn=0/917F2148, redo lsn=0/731A6878
2026-09-20 16:38:39.269 UTC [27] LOG:  checkpoint starting: wal
2026-09-20 16:39:25.207 UTC [27] LOG:  checkpoint complete: wrote 4099 buffers (25.0%); 0 WAL file(s) added, 0 removed, 33 recycled; write=45.770 s, sync=0.112 s, total=45.939 s; sync files=107, longest=0.018 s, average=0.002 s; distance=543074 kB, estimate=543074 kB; lsn=0/B1B8A518, redo lsn=0/943FF3B0
2026-09-20 16:39:28.928 UTC [27] LOG:  checkpoint starting: wal
2026-09-20 16:39:58.846 UTC [268] LOG:  skipping vacuum of "tbl_cip" --- lock not available
2026-09-20 16:40:04.685 UTC [27] LOG:  checkpoint complete: wrote 2573 buffers (15.7%); 0 WAL file(s) added, 1 removed, 32 recycled; write=35.386 s, sync=0.260 s, total=35.758 s; sync files=104, longest=0.044 s, average=0.003 s; distance=540670 kB, estimate=542834 kB; lsn=0/D4077A48, redo lsn=0/B53FEE60
2026-09-20 16:40:19.189 UTC [27] LOG:  checkpoint starting: wal
2026-09-20 16:40:56.483 UTC [290] ERROR:  canceling autovacuum task
2026-09-20 16:40:56.483 UTC [290] CONTEXT:  while scanning block 34134 of relation "silver.tbl_ciclo_leitura"
	automatic vacuum of table "energia_db.silver.tbl_ciclo_leitura"
2026-09-20 16:40:56.483 UTC [290] LOG:  skipping vacuum of "tbl_cip" --- lock not available
2026-09-20 16:40:59.133 UTC [27] LOG:  checkpoint complete: wrote 1405 buffers (8.6%); 0 WAL file(s) added, 0 removed, 33 recycled; write=39.693 s, sync=0.176 s, total=39.944 s; sync files=102, longest=0.030 s, average=0.002 s; distance=537624 kB, estimate=542313 kB; lsn=0/F4629E68, redo lsn=0/D61051E0
2026-09-20 16:41:00.009 UTC [27] LOG:  checkpoint starting: wal
2026-09-20 16:41:38.152 UTC [27] LOG:  checkpoint complete: wrote 2613 buffers (15.9%); 0 WAL file(s) added, 0 removed, 33 recycled; write=37.903 s, sync=0.168 s, total=38.144 s; sync files=93, longest=0.038 s, average=0.002 s; distance=543722 kB, estimate=543722 kB; lsn=1/15ADB6A8, redo lsn=0/F73FFBB8
2026-09-20 16:41:38.909 UTC [27] LOG:  checkpoint starting: wal
2026-09-20 16:42:15.728 UTC [27] LOG:  checkpoint complete: wrote 4496 buffers (27.4%); 0 WAL file(s) added, 0 removed, 33 recycled; write=36.629 s, sync=0.119 s, total=36.820 s; sync files=103, longest=0.014 s, average=0.002 s; distance=538217 kB, estimate=543171 kB; lsn=1/3666B940, redo lsn=1/1819A060
2026-09-20 16:42:16.487 UTC [27] LOG:  checkpoint starting: wal
2026-09-20 16:42:40.470 UTC [27] LOG:  checkpoint complete: wrote 2884 buffers (17.6%); 0 WAL file(s) added, 0 removed, 33 recycled; write=23.668 s, sync=0.241 s, total=23.984 s; sync files=93, longest=0.028 s, average=0.003 s; distance=540640 kB, estimate=542918 kB; lsn=1/57A310F8, redo lsn=1/39192060
2026-09-20 16:42:52.868 UTC [27] LOG:  checkpoint starting: wal
2026-09-20 16:43:18.511 UTC [27] LOG:  checkpoint complete: wrote 788 buffers (4.8%); 0 WAL file(s) added, 0 removed, 33 recycled; write=25.358 s, sync=0.221 s, total=25.643 s; sync files=95, longest=0.034 s, average=0.003 s; distance=539085 kB, estimate=542535 kB; lsn=1/78699278, redo lsn=1/5A0056D0
2026-09-20 16:43:21.293 UTC [27] LOG:  checkpoints are occurring too frequently (29 seconds apart)
2026-09-20 16:43:21.293 UTC [27] HINT:  Consider increasing the configuration parameter "max_wal_size".
2026-09-20 16:43:21.293 UTC [27] LOG:  checkpoint starting: wal
2026-09-20 16:43:45.871 UTC [27] LOG:  checkpoint complete: wrote 3358 buffers (20.5%); 0 WAL file(s) added, 0 removed, 33 recycled; write=24.264 s, sync=0.234 s, total=24.579 s; sync files=85, longest=0.043 s, average=0.003 s; distance=541635 kB, estimate=542445 kB; lsn=1/997D7EB0, redo lsn=1/7B0F6688
2026-09-20 16:43:59.849 UTC [351] ERROR:  canceling autovacuum task
2026-09-20 16:43:59.849 UTC [351] CONTEXT:  while scanning block 53042 of relation "silver.tbl_ciclo_leitura"
	automatic vacuum of table "energia_db.silver.tbl_ciclo_leitura"
2026-09-20 16:43:59.850 UTC [351] LOG:  skipping vacuum of "tbl_cip" --- lock not available
2026-09-20 16:44:00.113 UTC [27] LOG:  checkpoint starting: wal
2026-09-20 16:44:24.678 UTC [27] LOG:  checkpoint complete: wrote 296 buffers (1.8%); 0 WAL file(s) added, 0 removed, 33 recycled; write=24.254 s, sync=0.220 s, total=24.565 s; sync files=100, longest=0.068 s, average=0.003 s; distance=543413 kB, estimate=543413 kB; lsn=1/BAA6C590, redo lsn=1/9C3A3AE8
2026-09-20 16:44:25.412 UTC [27] LOG:  checkpoints are occurring too frequently (25 seconds apart)
2026-09-20 16:44:25.412 UTC [27] HINT:  Consider increasing the configuration parameter "max_wal_size".
2026-09-20 16:44:25.412 UTC [27] LOG:  checkpoint starting: wal
2026-09-20 16:44:49.231 UTC [27] LOG:  checkpoint complete: wrote 3044 buffers (18.6%); 0 WAL file(s) added, 0 removed, 33 recycled; write=23.562 s, sync=0.187 s, total=23.820 s; sync files=85, longest=0.038 s, average=0.003 s; distance=539017 kB, estimate=542973 kB; lsn=1/DB78F8E0, redo lsn=1/BD206028
2026-09-20 16:44:50.793 UTC [27] LOG:  checkpoints are occurring too frequently (25 seconds apart)
2026-09-20 16:44:50.793 UTC [27] HINT:  Consider increasing the configuration parameter "max_wal_size".
2026-09-20 16:44:50.793 UTC [27] LOG:  checkpoint starting: wal
2026-09-20 16:45:12.453 UTC [27] LOG:  checkpoint complete: wrote 5527 buffers (33.7%); 0 WAL file(s) added, 0 removed, 33 recycled; write=21.361 s, sync=0.245 s, total=21.660 s; sync files=94, longest=0.084 s, average=0.003 s; distance=538712 kB, estimate=542547 kB; lsn=1/FC3F32F0, redo lsn=1/DE01C080
2026-09-20 16:45:15.569 UTC [27] LOG:  checkpoints are occurring too frequently (25 seconds apart)
2026-09-20 16:45:15.569 UTC [27] HINT:  Consider increasing the configuration parameter "max_wal_size".
2026-09-20 16:45:15.569 UTC [27] LOG:  checkpoint starting: wal
2026-09-20 16:45:37.841 UTC [27] LOG:  checkpoint complete: wrote 1767 buffers (10.8%); 0 WAL file(s) added, 0 removed, 33 recycled; write=22.056 s, sync=0.163 s, total=22.273 s; sync files=83, longest=0.034 s, average=0.002 s; distance=544425 kB, estimate=544425 kB; lsn=2/1D065798, redo lsn=1/FF3C6568
2026-09-20 16:45:39.220 UTC [27] LOG:  checkpoints are occurring too frequently (24 seconds apart)
2026-09-20 16:45:39.220 UTC [27] HINT:  Consider increasing the configuration parameter "max_wal_size".
2026-09-20 16:45:39.220 UTC [27] LOG:  checkpoint starting: wal
2026-09-20 16:45:55.820 UTC [389] ERROR:  canceling autovacuum task
2026-09-20 16:45:55.820 UTC [389] CONTEXT:  automatic analyze of table "energia_db.silver.tbl_fatura"
2026-09-20 16:46:05.729 UTC [27] LOG:  checkpoint complete: wrote 3786 buffers (23.1%); 0 WAL file(s) added, 1 removed, 32 recycled; write=26.283 s, sync=0.144 s, total=26.509 s; sync files=85, longest=0.039 s, average=0.002 s; distance=538031 kB, estimate=543785 kB; lsn=2/3F419D00, redo lsn=2/201323B0
2026-09-20 16:46:06.267 UTC [27] LOG:  checkpoints are occurring too frequently (27 seconds apart)
2026-09-20 16:46:06.267 UTC [27] HINT:  Consider increasing the configuration parameter "max_wal_size".
2026-09-20 16:46:06.267 UTC [27] LOG:  checkpoint starting: wal
2026-09-20 16:46:29.088 UTC [27] LOG:  checkpoint complete: wrote 3743 buffers (22.8%); 0 WAL file(s) added, 0 removed, 33 recycled; write=22.585 s, sync=0.175 s, total=22.822 s; sync files=81, longest=0.036 s, average=0.003 s; distance=543539 kB, estimate=543761 kB; lsn=2/5F0E17C8, redo lsn=2/413FF328
2026-09-20 16:46:30.867 UTC [27] LOG:  checkpoints are occurring too frequently (24 seconds apart)
2026-09-20 16:46:30.867 UTC [27] HINT:  Consider increasing the configuration parameter "max_wal_size".
2026-09-20 16:46:30.867 UTC [27] LOG:  checkpoint starting: wal
2026-09-20 16:46:52.919 UTC [27] LOG:  checkpoint complete: wrote 2093 buffers (12.8%); 0 WAL file(s) added, 0 removed, 33 recycled; write=21.857 s, sync=0.113 s, total=22.052 s; sync files=78, longest=0.024 s, average=0.002 s; distance=539274 kB, estimate=543312 kB; lsn=2/8078A7B8, redo lsn=2/622A1BF8
2026-09-20 16:46:53.452 UTC [27] LOG:  checkpoints are occurring too frequently (23 seconds apart)
2026-09-20 16:46:53.452 UTC [27] HINT:  Consider increasing the configuration parameter "max_wal_size".
2026-09-20 16:46:53.452 UTC [27] LOG:  checkpoint starting: wal
2026-09-20 16:47:17.718 UTC [27] LOG:  checkpoint complete: wrote 4352 buffers (26.6%); 0 WAL file(s) added, 0 removed, 33 recycled; write=24.005 s, sync=0.190 s, total=24.267 s; sync files=92, longest=0.035 s, average=0.003 s; distance=542106 kB, estimate=543191 kB; lsn=2/A1A6C1C8, redo lsn=2/83408540
2026-09-20 16:47:18.474 UTC [27] LOG:  checkpoints are occurring too frequently (25 seconds apart)
2026-09-20 16:47:18.474 UTC [27] HINT:  Consider increasing the configuration parameter "max_wal_size".
2026-09-20 16:47:18.474 UTC [27] LOG:  checkpoint starting: wal
2026-09-20 16:47:44.880 UTC [27] LOG:  checkpoint complete: wrote 4189 buffers (25.6%); 0 WAL file(s) added, 2 removed, 31 recycled; write=26.177 s, sync=0.152 s, total=26.407 s; sync files=76, longest=0.043 s, average=0.002 s; distance=539986 kB, estimate=542871 kB; lsn=2/C44BEF00, redo lsn=2/A435D0A0
2026-09-20 16:47:45.089 UTC [27] LOG:  checkpoints are occurring too frequently (27 seconds apart)
2026-09-20 16:47:45.089 UTC [27] HINT:  Consider increasing the configuration parameter "max_wal_size".
2026-09-20 16:47:45.089 UTC [27] LOG:  checkpoint starting: wal
2026-09-20 16:47:52.637 UTC [27] LOG:  checkpoint complete: wrote 2344 buffers (14.3%); 0 WAL file(s) added, 0 removed, 33 recycled; write=7.342 s, sync=0.133 s, total=7.548 s; sync files=23, longest=0.042 s, average=0.006 s; distance=541319 kB, estimate=542716 kB; lsn=2/E3592C20, redo lsn=2/C53FF020
2026-09-20 16:47:53.509 UTC [27] LOG:  checkpoints are occurring too frequently (8 seconds apart)
2026-09-20 16:47:53.509 UTC [27] HINT:  Consider increasing the configuration parameter "max_wal_size".
2026-09-20 16:47:53.509 UTC [27] LOG:  checkpoint starting: wal
2026-09-20 16:48:18.299 UTC [27] LOG:  checkpoint complete: wrote 3520 buffers (21.5%); 0 WAL file(s) added, 1 removed, 32 recycled; write=24.365 s, sync=0.340 s, total=24.790 s; sync files=84, longest=0.095 s, average=0.005 s; distance=540676 kB, estimate=542512 kB; lsn=3/51F5FB8, redo lsn=2/E64000E0
2026-09-20 16:48:20.829 UTC [27] LOG:  checkpoints are occurring too frequently (27 seconds apart)
2026-09-20 16:48:20.829 UTC [27] HINT:  Consider increasing the configuration parameter "max_wal_size".
2026-09-20 16:48:20.829 UTC [27] LOG:  checkpoint starting: wal
2026-09-20 16:48:44.295 UTC [27] LOG:  checkpoint complete: wrote 855 buffers (5.2%); 0 WAL file(s) added, 0 removed, 33 recycled; write=23.255 s, sync=0.139 s, total=23.467 s; sync files=82, longest=0.032 s, average=0.002 s; distance=540714 kB, estimate=542332 kB; lsn=3/25659178, redo lsn=3/740A9C8
2026-09-20 16:48:45.145 UTC [27] LOG:  checkpoints are occurring too frequently (25 seconds apart)
2026-09-20 16:48:45.145 UTC [27] HINT:  Consider increasing the configuration parameter "max_wal_size".
2026-09-20 16:48:45.145 UTC [27] LOG:  checkpoint starting: wal
2026-09-20 16:49:07.298 UTC [27] LOG:  checkpoint complete: wrote 3741 buffers (22.8%); 0 WAL file(s) added, 0 removed, 33 recycled; write=21.968 s, sync=0.124 s, total=22.153 s; sync files=28, longest=0.055 s, average=0.005 s; distance=540627 kB, estimate=542161 kB; lsn=3/4631D4A0, redo lsn=3/283FF8A8
2026-09-20 16:49:11.483 UTC [27] LOG:  checkpoints are occurring too frequently (26 seconds apart)
2026-09-20 16:49:11.483 UTC [27] HINT:  Consider increasing the configuration parameter "max_wal_size".
2026-09-20 16:49:11.483 UTC [27] LOG:  checkpoint starting: wal
2026-09-20 16:49:19.764 UTC [27] LOG:  checkpoint complete: wrote 1513 buffers (9.2%); 0 WAL file(s) added, 2 removed, 31 recycled; write=8.030 s, sync=0.164 s, total=8.282 s; sync files=83, longest=0.048 s, average=0.002 s; distance=539100 kB, estimate=541855 kB; lsn=3/697736B0, redo lsn=3/49276920
2026-09-20 16:49:19.792 UTC [27] LOG:  checkpoints are occurring too frequently (8 seconds apart)
2026-09-20 16:49:19.792 UTC [27] HINT:  Consider increasing the configuration parameter "max_wal_size".
2026-09-20 16:49:19.792 UTC [27] LOG:  checkpoint starting: wal
2026-09-20 16:49:43.333 UTC [27] LOG:  checkpoint complete: wrote 3738 buffers (22.8%); 0 WAL file(s) added, 0 removed, 33 recycled; write=23.349 s, sync=0.115 s, total=23.541 s; sync files=74, longest=0.037 s, average=0.002 s; distance=542248 kB, estimate=542248 kB; lsn=3/88866948, redo lsn=3/6A400CF0
2026-09-20 16:49:43.943 UTC [27] LOG:  checkpoints are occurring too frequently (24 seconds apart)
2026-09-20 16:49:43.943 UTC [27] HINT:  Consider increasing the configuration parameter "max_wal_size".
2026-09-20 16:49:43.943 UTC [27] LOG:  checkpoint starting: wal
2026-09-20 16:50:12.848 UTC [27] LOG:  checkpoint complete: wrote 2785 buffers (17.0%); 0 WAL file(s) added, 0 removed, 33 recycled; write=28.612 s, sync=0.215 s, total=28.905 s; sync files=82, longest=0.051 s, average=0.003 s; distance=539069 kB, estimate=541930 kB; lsn=3/A9902440, redo lsn=3/8B2701E8
2026-09-20 16:50:13.077 UTC [27] LOG:  checkpoint starting: wal
2026-09-20 16:50:21.781 UTC [27] LOG:  checkpoint complete: wrote 2569 buffers (15.7%); 0 WAL file(s) added, 1 removed, 32 recycled; write=8.493 s, sync=0.134 s, total=8.705 s; sync files=23, longest=0.038 s, average=0.006 s; distance=542264 kB, estimate=542264 kB; lsn=3/CB7A63F8, redo lsn=3/AC3FE5C8
2026-09-20 16:50:22.064 UTC [27] LOG:  checkpoints are occurring too frequently (9 seconds apart)
2026-09-20 16:50:22.064 UTC [27] HINT:  Consider increasing the configuration parameter "max_wal_size".
2026-09-20 16:50:22.064 UTC [27] LOG:  checkpoint starting: wal
2026-09-20 16:50:46.784 UTC [27] LOG:  checkpoint complete: wrote 6005 buffers (36.7%); 0 WAL file(s) added, 0 removed, 33 recycled; write=24.573 s, sync=0.074 s, total=24.721 s; sync files=74, longest=0.021 s, average=0.001 s; distance=540672 kB, estimate=542105 kB; lsn=3/EB609308, redo lsn=3/CD3FE7D8
2026-09-20 16:50:47.615 UTC [27] LOG:  checkpoints are occurring too frequently (25 seconds apart)
2026-09-20 16:50:47.615 UTC [27] HINT:  Consider increasing the configuration parameter "max_wal_size".
2026-09-20 16:50:47.615 UTC [27] LOG:  checkpoint starting: wal
2026-09-20 16:50:55.881 UTC [27] LOG:  checkpoint complete: wrote 4440 buffers (27.1%); 0 WAL file(s) added, 0 removed, 33 recycled; write=8.052 s, sync=0.131 s, total=8.266 s; sync files=14, longest=0.036 s, average=0.010 s; distance=537184 kB, estimate=541613 kB; lsn=4/C2CEC98, redo lsn=3/EE096AE8
2026-09-20 16:51:01.263 UTC [27] LOG:  checkpoints are occurring too frequently (14 seconds apart)
2026-09-20 16:51:01.263 UTC [27] HINT:  Consider increasing the configuration parameter "max_wal_size".
2026-09-20 16:51:01.263 UTC [27] LOG:  checkpoint starting: wal
2026-09-20 16:51:08.657 UTC [27] LOG:  checkpoint complete: wrote 40 buffers (0.2%); 0 WAL file(s) added, 0 removed, 33 recycled; write=7.119 s, sync=0.195 s, total=7.395 s; sync files=33, longest=0.094 s, average=0.006 s; distance=540137 kB, estimate=541466 kB; lsn=4/F15E528, redo lsn=4/F011110
2026-09-20 16:51:26.105 UTC [27] LOG:  checkpoints are occurring too frequently (25 seconds apart)
2026-09-20 16:51:26.105 UTC [27] HINT:  Consider increasing the configuration parameter "max_wal_size".
2026-09-20 16:51:26.105 UTC [27] LOG:  checkpoint starting: wal
2026-09-20 16:51:52.844 UTC [27] LOG:  checkpoint complete: wrote 2005 buffers (12.2%); 0 WAL file(s) added, 1 removed, 32 recycled; write=26.468 s, sync=0.198 s, total=26.740 s; sync files=90, longest=0.063 s, average=0.003 s; distance=544695 kB, estimate=544695 kB; lsn=4/4F5D2D88, redo lsn=4/303FEEB0
2026-09-20 16:51:53.271 UTC [27] LOG:  checkpoints are occurring too frequently (27 seconds apart)
2026-09-20 16:51:53.271 UTC [27] HINT:  Consider increasing the configuration parameter "max_wal_size".
2026-09-20 16:51:53.273 UTC [27] LOG:  checkpoint starting: wal
2026-09-20 16:52:01.905 UTC [27] LOG:  checkpoint complete: wrote 8068 buffers (49.2%); 0 WAL file(s) added, 1 removed, 32 recycled; write=8.466 s, sync=0.088 s, total=8.634 s; sync files=23, longest=0.040 s, average=0.004 s; distance=539332 kB, estimate=544159 kB; lsn=4/704152F0, redo lsn=4/512B0040
2026-09-20 16:52:02.087 UTC [27] LOG:  checkpoints are occurring too frequently (9 seconds apart)
2026-09-20 16:52:02.087 UTC [27] HINT:  Consider increasing the configuration parameter "max_wal_size".
2026-09-20 16:52:02.087 UTC [27] LOG:  checkpoint starting: wal
2026-09-20 16:52:29.027 UTC [27] LOG:  checkpoint complete: wrote 5000 buffers (30.5%); 0 WAL file(s) added, 0 removed, 33 recycled; write=26.697 s, sync=0.172 s, total=26.941 s; sync files=79, longest=0.058 s, average=0.003 s; distance=542023 kB, estimate=543945 kB; lsn=4/90ADA5A8, redo lsn=4/72401D50
2026-09-20 16:52:29.772 UTC [27] LOG:  checkpoints are occurring too frequently (27 seconds apart)
2026-09-20 16:52:29.772 UTC [27] HINT:  Consider increasing the configuration parameter "max_wal_size".
2026-09-20 16:52:29.772 UTC [27] LOG:  checkpoint starting: wal
2026-09-20 16:52:37.727 UTC [27] LOG:  checkpoint complete: wrote 6506 buffers (39.7%); 0 WAL file(s) added, 0 removed, 33 recycled; write=7.728 s, sync=0.152 s, total=7.956 s; sync files=12, longest=0.047 s, average=0.013 s; distance=537090 kB, estimate=543259 kB; lsn=4/B19C9858, redo lsn=4/93082580
2026-09-20 16:52:38.275 UTC [27] LOG:  checkpoints are occurring too frequently (9 seconds apart)
2026-09-20 16:52:38.275 UTC [27] HINT:  Consider increasing the configuration parameter "max_wal_size".
2026-09-20 16:52:38.275 UTC [27] LOG:  checkpoint starting: wal
2026-09-20 16:52:56.777 UTC [494] ERROR:  canceling autovacuum task
2026-09-20 16:52:56.777 UTC [494] CONTEXT:  automatic analyze of table "energia_db.silver.tbl_fatura"
2026-09-20 16:53:04.518 UTC [27] LOG:  checkpoint complete: wrote 6725 buffers (41.0%); 0 WAL file(s) added, 0 removed, 33 recycled; write=25.981 s, sync=0.190 s, total=26.243 s; sync files=82, longest=0.046 s, average=0.003 s; distance=540798 kB, estimate=543013 kB; lsn=4/D2645AB0, redo lsn=4/B40A2028
2026-09-20 16:53:05.372 UTC [27] LOG:  checkpoints are occurring too frequently (27 seconds apart)
2026-09-20 16:53:05.372 UTC [27] HINT:  Consider increasing the configuration parameter "max_wal_size".
2026-09-20 16:53:05.372 UTC [27] LOG:  checkpoint starting: wal
2026-09-20 16:53:13.461 UTC [27] LOG:  checkpoint complete: wrote 5898 buffers (36.0%); 0 WAL file(s) added, 1 removed, 32 recycled; write=7.831 s, sync=0.173 s, total=8.090 s; sync files=13, longest=0.049 s, average=0.014 s; distance=541854 kB, estimate=542897 kB; lsn=4/F47219D8, redo lsn=4/D51C9858
2026-09-20 16:53:13.792 UTC [27] LOG:  checkpoints are occurring too frequently (8 seconds apart)
2026-09-20 16:53:13.792 UTC [27] HINT:  Consider increasing the configuration parameter "max_wal_size".
2026-09-20 16:53:13.792 UTC [27] LOG:  checkpoint starting: wal
2026-09-20 16:53:38.201 UTC [27] LOG:  checkpoint complete: wrote 6134 buffers (37.4%); 0 WAL file(s) added, 0 removed, 33 recycled; write=24.105 s, sync=0.224 s, total=24.409 s; sync files=76, longest=0.065 s, average=0.003 s; distance=542192 kB, estimate=542827 kB; lsn=5/14DAB5B0, redo lsn=4/F6345BB0
2026-09-20 16:53:38.938 UTC [27] LOG:  checkpoints are occurring too frequently (25 seconds apart)
2026-09-20 16:53:38.938 UTC [27] HINT:  Consider increasing the configuration parameter "max_wal_size".
2026-09-20 16:53:38.938 UTC [27] LOG:  checkpoint starting: wal
2026-09-20 16:53:47.581 UTC [27] LOG:  checkpoint complete: wrote 5791 buffers (35.3%); 0 WAL file(s) added, 1 removed, 32 recycled; write=8.461 s, sync=0.090 s, total=8.644 s; sync files=12, longest=0.046 s, average=0.008 s; distance=540225 kB, estimate=542567 kB; lsn=5/3663B250, redo lsn=5/172D6240
2026-09-20 16:53:47.650 UTC [27] LOG:  checkpoints are occurring too frequently (9 seconds apart)
2026-09-20 16:53:47.650 UTC [27] HINT:  Consider increasing the configuration parameter "max_wal_size".
2026-09-20 16:53:47.650 UTC [27] LOG:  checkpoint starting: wal
2026-09-20 16:54:13.803 UTC [27] LOG:  checkpoint complete: wrote 2681 buffers (16.4%); 0 WAL file(s) added, 1 removed, 32 recycled; write=25.877 s, sync=0.199 s, total=26.154 s; sync files=79, longest=0.073 s, average=0.003 s; distance=539564 kB, estimate=542266 kB; lsn=5/57528B68, redo lsn=5/381C1500
2026-09-20 16:54:14.328 UTC [27] LOG:  checkpoints are occurring too frequently (27 seconds apart)
2026-09-20 16:54:14.328 UTC [27] HINT:  Consider increasing the configuration parameter "max_wal_size".
2026-09-20 16:54:14.328 UTC [27] LOG:  checkpoint starting: wal
2026-09-20 16:54:24.243 UTC [27] LOG:  checkpoint complete: wrote 5868 buffers (35.8%); 0 WAL file(s) added, 0 removed, 33 recycled; write=9.683 s, sync=0.131 s, total=9.916 s; sync files=12, longest=0.049 s, average=0.011 s; distance=542163 kB, estimate=542256 kB; lsn=5/77A7D420, redo lsn=5/593364C8
2026-09-20 16:54:24.265 UTC [27] LOG:  checkpoints are occurring too frequently (10 seconds apart)
2026-09-20 16:54:24.265 UTC [27] HINT:  Consider increasing the configuration parameter "max_wal_size".
2026-09-20 16:54:24.265 UTC [27] LOG:  checkpoint starting: wal
2026-09-20 16:54:51.530 UTC [27] LOG:  checkpoint complete: wrote 2775 buffers (16.9%); 0 WAL file(s) added, 1 removed, 32 recycled; write=27.110 s, sync=0.090 s, total=27.265 s; sync files=76, longest=0.031 s, average=0.002 s; distance=541503 kB, estimate=542181 kB; lsn=5/999AABB0, redo lsn=5/7A406350
2026-09-20 16:54:51.751 UTC [27] LOG:  checkpoints are occurring too frequently (27 seconds apart)
2026-09-20 16:54:51.751 UTC [27] HINT:  Consider increasing the configuration parameter "max_wal_size".
2026-09-20 16:54:51.751 UTC [27] LOG:  checkpoint starting: wal
2026-09-20 16:55:01.664 UTC [27] LOG:  checkpoint complete: wrote 5642 buffers (34.4%); 0 WAL file(s) added, 1 removed, 32 recycled; write=9.607 s, sync=0.226 s, total=9.913 s; sync files=29, longest=0.067 s, average=0.008 s; distance=540660 kB, estimate=542029 kB; lsn=5/BA601EA8, redo lsn=5/9B403380
2026-09-20 16:55:02.024 UTC [27] LOG:  checkpoints are occurring too frequently (11 seconds apart)
2026-09-20 16:55:02.024 UTC [27] HINT:  Consider increasing the configuration parameter "max_wal_size".
2026-09-20 16:55:02.025 UTC [27] LOG:  checkpoint starting: wal
2026-09-20 16:55:30.383 UTC [27] LOG:  checkpoint complete: wrote 243 buffers (1.5%); 0 WAL file(s) added, 2 removed, 31 recycled; write=27.953 s, sync=0.339 s, total=28.359 s; sync files=86, longest=0.074 s, average=0.004 s; distance=540707 kB, estimate=541897 kB; lsn=5/DCB218A8, redo lsn=5/BC40C358
2026-09-20 16:55:30.394 UTC [27] LOG:  checkpoints are occurring too frequently (28 seconds apart)
2026-09-20 16:55:30.394 UTC [27] HINT:  Consider increasing the configuration parameter "max_wal_size".
2026-09-20 16:55:30.394 UTC [27] LOG:  checkpoint starting: wal
2026-09-20 16:55:41.025 UTC [27] LOG:  checkpoint complete: wrote 5546 buffers (33.9%); 0 WAL file(s) added, 1 removed, 32 recycled; write=10.406 s, sync=0.142 s, total=10.632 s; sync files=12, longest=0.057 s, average=0.012 s; distance=540623 kB, estimate=541769 kB; lsn=5/FCC63588, redo lsn=5/DD400308
2026-09-20 16:55:41.166 UTC [27] LOG:  checkpoints are occurring too frequently (11 seconds apart)
2026-09-20 16:55:41.166 UTC [27] HINT:  Consider increasing the configuration parameter "max_wal_size".
2026-09-20 16:55:41.166 UTC [27] LOG:  checkpoint starting: wal
2026-09-20 16:56:08.258 UTC [27] LOG:  checkpoint complete: wrote 1977 buffers (12.1%); 0 WAL file(s) added, 2 removed, 31 recycled; write=26.767 s, sync=0.234 s, total=27.093 s; sync files=83, longest=0.082 s, average=0.003 s; distance=538495 kB, estimate=541442 kB; lsn=6/1E4005C8, redo lsn=5/FE1E0298
2026-09-20 16:56:08.258 UTC [27] LOG:  checkpoints are occurring too frequently (27 seconds apart)
2026-09-20 16:56:08.258 UTC [27] HINT:  Consider increasing the configuration parameter "max_wal_size".
2026-09-20 16:56:08.258 UTC [27] LOG:  checkpoint starting: wal
2026-09-20 16:56:16.861 UTC [27] LOG:  checkpoint complete: wrote 2937 buffers (17.9%); 0 WAL file(s) added, 0 removed, 34 recycled; write=8.395 s, sync=0.149 s, total=8.603 s; sync files=14, longest=0.074 s, average=0.011 s; distance=555812 kB, estimate=555812 kB; lsn=6/3DD808D8, redo lsn=6/200A9580
2026-09-20 16:56:19.564 UTC [27] LOG:  checkpoints are occurring too frequently (11 seconds apart)
2026-09-20 16:56:19.564 UTC [27] HINT:  Consider increasing the configuration parameter "max_wal_size".
2026-09-20 16:56:19.564 UTC [27] LOG:  checkpoint starting: wal
2026-09-20 16:56:49.559 UTC [27] LOG:  checkpoint complete: wrote 1725 buffers (10.5%); 0 WAL file(s) added, 0 removed, 33 recycled; write=29.766 s, sync=0.158 s, total=29.996 s; sync files=74, longest=0.081 s, average=0.003 s; distance=544095 kB, estimate=554640 kB; lsn=6/5FBFEA98, redo lsn=6/414011B0
2026-09-20 16:56:49.793 UTC [27] LOG:  checkpoint starting: wal
2026-09-20 16:56:56.481 UTC [27] LOG:  checkpoint complete: wrote 3105 buffers (19.0%); 0 WAL file(s) added, 0 removed, 33 recycled; write=6.446 s, sync=0.167 s, total=6.688 s; sync files=28, longest=0.077 s, average=0.006 s; distance=540667 kB, estimate=553243 kB; lsn=6/8010AFC0, redo lsn=6/62400060
2026-09-20 16:57:01.613 UTC [27] LOG:  checkpoints are occurring too frequently (12 seconds apart)
2026-09-20 16:57:01.613 UTC [27] HINT:  Consider increasing the configuration parameter "max_wal_size".
2026-09-20 16:57:01.613 UTC [27] LOG:  checkpoint starting: wal
2026-09-20 16:57:31.147 UTC [27] LOG:  checkpoint complete: wrote 1304 buffers (8.0%); 0 WAL file(s) added, 1 removed, 32 recycled; write=29.266 s, sync=0.194 s, total=29.534 s; sync files=79, longest=0.083 s, average=0.003 s; distance=540688 kB, estimate=551988 kB; lsn=6/A27C3C90, redo lsn=6/834043C8
2026-09-20 16:57:31.408 UTC [27] LOG:  checkpoint starting: wal
2026-09-20 16:57:38.150 UTC [27] LOG:  checkpoint complete: wrote 2497 buffers (15.2%); 0 WAL file(s) added, 0 removed, 33 recycled; write=6.537 s, sync=0.138 s, total=6.742 s; sync files=15, longest=0.079 s, average=0.010 s; distance=540661 kB, estimate=550855 kB; lsn=6/C2B77C68, redo lsn=6/A4401AC0
2026-09-20 16:57:42.515 UTC [27] LOG:  checkpoints are occurring too frequently (11 seconds apart)
2026-09-20 16:57:42.515 UTC [27] HINT:  Consider increasing the configuration parameter "max_wal_size".
2026-09-20 16:57:42.515 UTC [27] LOG:  checkpoint starting: wal
2026-09-20 16:57:48.419 UTC [27] LOG:  checkpoint complete: wrote 3366 buffers (20.5%); 0 WAL file(s) added, 0 removed, 33 recycled; write=5.669 s, sync=0.160 s, total=5.904 s; sync files=7, longest=0.089 s, average=0.023 s; distance=536804 kB, estimate=549450 kB; lsn=6/E30998F8, redo lsn=6/C503AB68
2026-09-20 16:57:49.561 UTC [27] LOG:  checkpoints are occurring too frequently (7 seconds apart)
2026-09-20 16:57:49.561 UTC [27] HINT:  Consider increasing the configuration parameter "max_wal_size".
2026-09-20 16:57:49.561 UTC [27] LOG:  checkpoint starting: wal
2026-09-20 16:58:15.180 UTC [27] LOG:  checkpoint complete: wrote 2692 buffers (16.4%); 0 WAL file(s) added, 0 removed, 33 recycled; write=25.310 s, sync=0.234 s, total=25.619 s; sync files=80, longest=0.095 s, average=0.003 s; distance=540800 kB, estimate=548585 kB; lsn=7/4535130, redo lsn=6/E605ABA8
2026-09-20 16:58:16.246 UTC [27] LOG:  checkpoints are occurring too frequently (27 seconds apart)
2026-09-20 16:58:16.246 UTC [27] HINT:  Consider increasing the configuration parameter "max_wal_size".
2026-09-20 16:58:16.246 UTC [27] LOG:  checkpoint starting: wal
2026-09-20 16:58:26.102 UTC [27] LOG:  checkpoint complete: wrote 3325 buffers (20.3%); 0 WAL file(s) added, 0 removed, 33 recycled; write=9.610 s, sync=0.150 s, total=9.857 s; sync files=12, longest=0.067 s, average=0.013 s; distance=540681 kB, estimate=547794 kB; lsn=7/2557FB28, redo lsn=7/705D1F0
2026-09-20 16:58:26.141 UTC [27] LOG:  checkpoints are occurring too frequently (10 seconds apart)
2026-09-20 16:58:26.141 UTC [27] HINT:  Consider increasing the configuration parameter "max_wal_size".
2026-09-20 16:58:26.142 UTC [27] LOG:  checkpoint starting: wal
2026-09-20 16:58:54.111 UTC [27] LOG:  checkpoint complete: wrote 2420 buffers (14.8%); 0 WAL file(s) added, 3 removed, 30 recycled; write=27.686 s, sync=0.193 s, total=27.970 s; sync files=74, longest=0.099 s, average=0.003 s; distance=544451 kB, estimate=547460 kB; lsn=7/49B48338, redo lsn=7/2840DEE8
2026-09-20 16:58:54.111 UTC [27] LOG:  checkpoints are occurring too frequently (28 seconds apart)
2026-09-20 16:58:54.111 UTC [27] HINT:  Consider increasing the configuration parameter "max_wal_size".
2026-09-20 16:58:54.111 UTC [27] LOG:  checkpoint starting: wal
2026-09-20 16:59:01.102 UTC [27] LOG:  checkpoint complete: wrote 2120 buffers (12.9%); 0 WAL file(s) added, 3 removed, 32 recycled; write=6.680 s, sync=0.210 s, total=6.991 s; sync files=16, longest=0.095 s, average=0.014 s; distance=571163 kB, estimate=571163 kB; lsn=7/6A19DBB0, redo lsn=7/4B1D4DA0
2026-09-20 16:59:02.436 UTC [27] LOG:  checkpoints are occurring too frequently (8 seconds apart)
2026-09-20 16:59:02.436 UTC [27] HINT:  Consider increasing the configuration parameter "max_wal_size".
2026-09-20 16:59:02.437 UTC [27] LOG:  checkpoint starting: wal
2026-09-20 16:59:11.083 UTC [27] LOG:  checkpoint complete: wrote 2767 buffers (16.9%); 0 WAL file(s) added, 0 removed, 33 recycled; write=8.291 s, sync=0.276 s, total=8.647 s; sync files=12, longest=0.092 s, average=0.023 s; distance=539045 kB, estimate=567951 kB; lsn=7/8A5ED1A8, redo lsn=7/6C03E450
2026-09-20 16:59:12.113 UTC [27] LOG:  checkpoints are occurring too frequently (10 seconds apart)
2026-09-20 16:59:12.113 UTC [27] HINT:  Consider increasing the configuration parameter "max_wal_size".
2026-09-20 16:59:12.113 UTC [27] LOG:  checkpoint starting: wal
2026-09-20 16:59:39.832 UTC [27] LOG:  checkpoint complete: wrote 2951 buffers (18.0%); 0 WAL file(s) added, 1 removed, 32 recycled; write=27.346 s, sync=0.285 s, total=27.720 s; sync files=82, longest=0.089 s, average=0.004 s; distance=540723 kB, estimate=565229 kB; lsn=7/AC857628, redo lsn=7/8D04B178
2026-09-20 16:59:40.170 UTC [27] LOG:  checkpoints are occurring too frequently (28 seconds apart)
2026-09-20 16:59:40.170 UTC [27] HINT:  Consider increasing the configuration parameter "max_wal_size".
2026-09-20 16:59:40.170 UTC [27] LOG:  checkpoint starting: wal
2026-09-20 16:59:46.563 UTC [27] LOG:  checkpoint complete: wrote 3773 buffers (23.0%); 0 WAL file(s) added, 1 removed, 32 recycled; write=6.168 s, sync=0.139 s, total=6.393 s; sync files=9, longest=0.077 s, average=0.016 s; distance=544364 kB, estimate=563142 kB; lsn=7/CD3FF5D0, redo lsn=7/AE3E6358
2026-09-20 16:59:49.435 UTC [27] LOG:  checkpoints are occurring too frequently (9 seconds apart)
2026-09-20 16:59:49.435 UTC [27] HINT:  Consider increasing the configuration parameter "max_wal_size".
2026-09-20 16:59:49.435 UTC [27] LOG:  checkpoint starting: wal
2026-09-20 16:59:56.602 UTC [27] LOG:  checkpoint complete: wrote 2511 buffers (15.3%); 0 WAL file(s) added, 0 removed, 33 recycled; write=6.887 s, sync=0.206 s, total=7.168 s; sync files=18, longest=0.102 s, average=0.012 s; distance=537443 kB, estimate=560572 kB; lsn=7/ED411648, redo lsn=7/CF0BF068
2026-09-20 16:59:57.681 UTC [27] LOG:  checkpoints are occurring too frequently (8 seconds apart)
2026-09-20 16:59:57.681 UTC [27] HINT:  Consider increasing the configuration parameter "max_wal_size".
2026-09-20 16:59:57.681 UTC [27] LOG:  checkpoint starting: wal
2026-09-20 17:00:24.229 UTC [27] LOG:  checkpoint complete: wrote 2715 buffers (16.6%); 0 WAL file(s) added, 2 removed, 31 recycled; write=26.131 s, sync=0.313 s, total=26.548 s; sync files=83, longest=0.101 s, average=0.004 s; distance=540035 kB, estimate=558518 kB; lsn=8/103A9DB8, redo lsn=7/F001FE78
2026-09-20 17:00:24.308 UTC [27] LOG:  checkpoints are occurring too frequently (27 seconds apart)
2026-09-20 17:00:24.308 UTC [27] HINT:  Consider increasing the configuration parameter "max_wal_size".
2026-09-20 17:00:24.308 UTC [27] LOG:  checkpoint starting: wal
2026-09-20 17:00:31.284 UTC [27] LOG:  checkpoint complete: wrote 3454 buffers (21.1%); 0 WAL file(s) added, 1 removed, 32 recycled; write=6.755 s, sync=0.139 s, total=6.977 s; sync files=9, longest=0.083 s, average=0.016 s; distance=544655 kB, estimate=557132 kB; lsn=8/303F7A10, redo lsn=8/11403D98
2026-09-20 17:00:31.453 UTC [27] LOG:  checkpoints are occurring too frequently (7 seconds apart)
2026-09-20 17:00:31.453 UTC [27] HINT:  Consider increasing the configuration parameter "max_wal_size".
2026-09-20 17:00:31.453 UTC [27] LOG:  checkpoint starting: wal
2026-09-20 17:00:41.096 UTC [27] LOG:  checkpoint complete: wrote 2413 buffers (14.7%); 0 WAL file(s) added, 0 removed, 33 recycled; write=9.387 s, sync=0.187 s, total=9.644 s; sync files=8, longest=0.099 s, average=0.024 s; distance=540659 kB, estimate=555485 kB; lsn=8/50501988, redo lsn=8/32400A38
2026-09-20 17:00:42.196 UTC [27] LOG:  checkpoints are occurring too frequently (11 seconds apart)
2026-09-20 17:00:42.196 UTC [27] HINT:  Consider increasing the configuration parameter "max_wal_size".
2026-09-20 17:00:42.196 UTC [27] LOG:  checkpoint starting: wal
2026-09-20 17:01:12.182 UTC [27] LOG:  checkpoint complete: wrote 2959 buffers (18.1%); 0 WAL file(s) added, 2 removed, 31 recycled; write=29.672 s, sync=0.227 s, total=29.986 s; sync files=81, longest=0.080 s, average=0.003 s; distance=537946 kB, estimate=553731 kB; lsn=8/73D08E28, redo lsn=8/531575A0
2026-09-20 17:01:12.182 UTC [27] LOG:  checkpoint starting: wal
2026-09-20 17:01:19.765 UTC [27] LOG:  checkpoint complete: wrote 2444 buffers (14.9%); 0 WAL file(s) added, 2 removed, 31 recycled; write=7.319 s, sync=0.163 s, total=7.584 s; sync files=9, longest=0.116 s, average=0.019 s; distance=551078 kB, estimate=553466 kB; lsn=8/94695468, redo lsn=8/74B80F58
2026-09-20 17:01:19.765 UTC [27] LOG:  checkpoints are occurring too frequently (7 seconds apart)
2026-09-20 17:01:19.765 UTC [27] HINT:  Consider increasing the configuration parameter "max_wal_size".
2026-09-20 17:01:19.765 UTC [27] LOG:  checkpoint starting: wal
2026-09-20 17:01:29.783 UTC [27] LOG:  checkpoint complete: wrote 2804 buffers (17.1%); 0 WAL file(s) added, 0 removed, 33 recycled; write=9.751 s, sync=0.189 s, total=10.019 s; sync files=9, longest=0.096 s, average=0.021 s; distance=533695 kB, estimate=551489 kB; lsn=8/B35068C8, redo lsn=8/954B0DD8
2026-09-20 17:01:30.912 UTC [27] LOG:  checkpoints are occurring too frequently (11 seconds apart)
2026-09-20 17:01:30.912 UTC [27] HINT:  Consider increasing the configuration parameter "max_wal_size".
2026-09-20 17:01:30.912 UTC [27] LOG:  checkpoint starting: wal
2026-09-20 17:01:59.693 UTC [27] LOG:  checkpoint complete: wrote 2844 buffers (17.4%); 0 WAL file(s) added, 2 removed, 31 recycled; write=28.471 s, sync=0.229 s, total=28.782 s; sync files=81, longest=0.085 s, average=0.003 s; distance=536933 kB, estimate=550033 kB; lsn=8/D6AFD260, redo lsn=8/B610A568
2026-09-20 17:01:59.693 UTC [27] LOG:  checkpoints are occurring too frequently (29 seconds apart)
2026-09-20 17:01:59.693 UTC [27] HINT:  Consider increasing the configuration parameter "max_wal_size".
2026-09-20 17:01:59.693 UTC [27] LOG:  checkpoint starting: wal
2026-09-20 17:02:07.339 UTC [27] LOG:  checkpoint complete: wrote 1888 buffers (11.5%); 0 WAL file(s) added, 1 removed, 32 recycled; write=7.394 s, sync=0.161 s, total=7.646 s; sync files=8, longest=0.122 s, average=0.020 s; distance=554170 kB, estimate=554170 kB; lsn=8/F6A03A20, redo lsn=8/D7E39038
2026-09-20 17:02:07.347 UTC [27] LOG:  checkpoints are occurring too frequently (8 seconds apart)
2026-09-20 17:02:07.347 UTC [27] HINT:  Consider increasing the configuration parameter "max_wal_size".
2026-09-20 17:02:07.347 UTC [27] LOG:  checkpoint starting: wal
2026-09-20 17:02:17.264 UTC [27] LOG:  checkpoint complete: wrote 2524 buffers (15.4%); 0 WAL file(s) added, 0 removed, 33 recycled; write=9.651 s, sync=0.197 s, total=9.917 s; sync files=9, longest=0.101 s, average=0.022 s; distance=530220 kB, estimate=551775 kB; lsn=9/16879FC8, redo lsn=8/F84041E0
2026-09-20 17:02:18.284 UTC [27] LOG:  checkpoints are occurring too frequently (11 seconds apart)
2026-09-20 17:02:18.284 UTC [27] HINT:  Consider increasing the configuration parameter "max_wal_size".
2026-09-20 17:02:18.284 UTC [27] LOG:  checkpoint starting: wal
2026-09-20 17:02:47.071 UTC [27] LOG:  checkpoint complete: wrote 2758 buffers (16.8%); 0 WAL file(s) added, 3 removed, 30 recycled; write=28.480 s, sync=0.231 s, total=28.787 s; sync files=76, longest=0.089 s, average=0.004 s; distance=538123 kB, estimate=550410 kB; lsn=9/3AFDC328, redo lsn=9/191870A0
2026-09-20 17:02:47.071 UTC [27] LOG:  checkpoints are occurring too frequently (29 seconds apart)
2026-09-20 17:02:47.071 UTC [27] HINT:  Consider increasing the configuration parameter "max_wal_size".
2026-09-20 17:02:47.071 UTC [27] LOG:  checkpoint starting: wal
2026-09-20 17:02:54.904 UTC [27] LOG:  checkpoint complete: wrote 1708 buffers (10.4%); 0 WAL file(s) added, 3 removed, 32 recycled; write=7.574 s, sync=0.158 s, total=7.834 s; sync files=8, longest=0.117 s, average=0.020 s; distance=575888 kB, estimate=575888 kB; lsn=9/5B9457B8, redo lsn=9/3C3EB270
2026-09-20 17:02:54.916 UTC [27] LOG:  checkpoints are occurring too frequently (7 seconds apart)
2026-09-20 17:02:54.916 UTC [27] HINT:  Consider increasing the configuration parameter "max_wal_size".
2026-09-20 17:02:54.916 UTC [27] LOG:  checkpoint starting: wal
2026-09-20 17:03:04.867 UTC [27] LOG:  checkpoint complete: wrote 2430 buffers (14.8%); 0 WAL file(s) added, 0 removed, 33 recycled; write=9.646 s, sync=0.222 s, total=9.951 s; sync files=25, longest=0.099 s, average=0.009 s; distance=540759 kB, estimate=572375 kB; lsn=9/7B977478, redo lsn=9/5D400F70
2026-09-20 17:03:05.750 UTC [27] LOG:  checkpoints are occurring too frequently (11 seconds apart)
2026-09-20 17:03:05.750 UTC [27] HINT:  Consider increasing the configuration parameter "max_wal_size".
2026-09-20 17:03:05.750 UTC [27] LOG:  checkpoint starting: wal
2026-09-20 17:07:35.049 UTC [27] LOG:  checkpoint complete: wrote 2713 buffers (16.6%); 0 WAL file(s) added, 0 removed, 33 recycled; write=269.243 s, sync=0.003 s, total=269.299 s; sync files=9, longest=0.001 s, average=0.001 s; distance=537899 kB, estimate=568927 kB; lsn=9/954B6598, redo lsn=9/7E14BDC0
2026-09-20 17:18:05.211 UTC [27] LOG:  checkpoint starting: time
2026-09-20 17:18:20.910 UTC [27] LOG:  checkpoint complete: wrote 157 buffers (1.0%); 0 WAL file(s) added, 0 removed, 23 recycled; write=15.649 s, sync=0.008 s, total=15.699 s; sync files=26, longest=0.003 s, average=0.001 s; distance=380336 kB, estimate=550068 kB; lsn=9/954B7E10, redo lsn=9/954B7DD8
2026-09-20 17:28:05.990 UTC [27] LOG:  checkpoint starting: time
2026-09-20 17:28:07.408 UTC [27] LOG:  checkpoint complete: wrote 14 buffers (0.1%); 0 WAL file(s) added, 0 removed, 0 recycled; write=1.405 s, sync=0.005 s, total=1.419 s; sync files=4, longest=0.004 s, average=0.002 s; distance=21 kB, estimate=495064 kB; lsn=9/954BD358, redo lsn=9/954BD320
2026-09-20 17:33:05.437 UTC [27] LOG:  checkpoint starting: time
2026-09-20 17:33:06.053 UTC [27] LOG:  checkpoint complete: wrote 6 buffers (0.0%); 0 WAL file(s) added, 0 removed, 0 recycled; write=0.602 s, sync=0.005 s, total=0.616 s; sync files=2, longest=0.004 s, average=0.003 s; distance=6 kB, estimate=445558 kB; lsn=9/954BECE0, redo lsn=9/954BECA8
2026-09-20 20:23:08.074 UTC [27] LOG:  checkpoint starting: time
2026-09-20 20:23:08.395 UTC [27] LOG:  checkpoint complete: wrote 3 buffers (0.0%); 0 WAL file(s) added, 0 removed, 0 recycled; write=0.309 s, sync=0.004 s, total=0.322 s; sync files=3, longest=0.003 s, average=0.002 s; distance=8 kB, estimate=401003 kB; lsn=9/954C0D20, redo lsn=9/954C0CE8
2026-09-20 22:07:40.978 UTC [1] LOG:  received fast shutdown request
2026-09-20 22:07:40.982 UTC [1] LOG:  aborting any active transactions
2026-09-20 22:07:40.985 UTC [1] LOG:  background worker "logical replication launcher" (PID 32) exited with exit code 1
2026-09-20 22:07:40.988 UTC [27] LOG:  shutting down
2026-09-20 22:07:40.990 UTC [27] LOG:  checkpoint starting: shutdown immediate
2026-09-20 22:07:41.004 UTC [27] LOG:  checkpoint complete: wrote 0 buffers (0.0%); 0 WAL file(s) added, 0 removed, 0 recycled; write=0.001 s, sync=0.001 s, total=0.016 s; sync files=0, longest=0.000 s, average=0.000 s; distance=0 kB, estimate=360902 kB; lsn=9/954C0DD0, redo lsn=9/954C0DD0
2026-09-20 22:07:41.025 UTC [1] LOG:  database system is shut down

PostgreSQL Database directory appears to contain a database; Skipping initialization

2026-09-20 22:13:14.442 UTC [1] LOG:  starting PostgreSQL 16.15 (Debian 16.15-1.pgdg13+2) on x86_64-pc-linux-gnu, compiled by gcc (Debian 14.2.0-19) 14.2.0, 64-bit
2026-09-20 22:13:14.443 UTC [1] LOG:  listening on IPv4 address "0.0.0.0", port 5432
2026-09-20 22:13:14.443 UTC [1] LOG:  listening on IPv6 address "::", port 5432
2026-09-20 22:13:14.447 UTC [1] LOG:  listening on Unix socket "/var/run/postgresql/.s.PGSQL.5432"
2026-09-20 22:13:14.456 UTC [31] LOG:  database system was shut down at 2026-09-20 22:07:40 UTC
2026-09-20 22:13:14.475 UTC [1] LOG:  database system is ready to accept connections
2026-09-20 22:18:14.826 UTC [29] LOG:  checkpoint starting: time
2026-09-20 22:18:40.110 UTC [29] LOG:  checkpoint complete: wrote 254 buffers (1.6%); 0 WAL file(s) added, 0 removed, 0 recycled; write=25.270 s, sync=0.006 s, total=25.284 s; sync files=12, longest=0.002 s, average=0.001 s; distance=3 kB, estimate=3 kB; lsn=9/954C1C58, redo lsn=9/954C1C20
2026-09-21 00:15:31.542 UTC [406] LOG:  could not send data to client: Broken pipe
2026-09-21 00:15:31.542 UTC [406] STATEMENT:  COPY silver.tbl_ciclo_leitura (id_ciclo, id_fatura, inicio_calculo, fim_calculo, quantidade_dias, criado_em) TO stdout;
2026-09-21 00:15:31.543 UTC [406] FATAL:  connection to client lost
2026-09-21 00:15:31.543 UTC [406] STATEMENT:  COPY silver.tbl_ciclo_leitura (id_ciclo, id_fatura, inicio_calculo, fim_calculo, quantidade_dias, criado_em) TO stdout;
2026-09-21 00:15:55.138 UTC [1] LOG:  received fast shutdown request
2026-09-21 00:15:55.140 UTC [1] LOG:  aborting any active transactions
2026-09-21 00:15:55.144 UTC [1] LOG:  background worker "logical replication launcher" (PID 34) exited with exit code 1
2026-09-21 00:15:55.145 UTC [29] LOG:  shutting down
2026-09-21 00:15:55.147 UTC [29] LOG:  checkpoint starting: shutdown immediate
2026-09-21 00:15:55.168 UTC [29] LOG:  checkpoint complete: wrote 0 buffers (0.0%); 0 WAL file(s) added, 0 removed, 0 recycled; write=0.007 s, sync=0.001 s, total=0.023 s; sync files=0, longest=0.000 s, average=0.000 s; distance=0 kB, estimate=3 kB; lsn=9/954C1D08, redo lsn=9/954C1D08
2026-09-21 00:15:55.179 UTC [1] LOG:  database system is shut down

PostgreSQL Database directory appears to contain a database; Skipping initialization

2026-09-22 10:52:24.073 UTC [1] LOG:  starting PostgreSQL 16.15 (Debian 16.15-1.pgdg13+2) on x86_64-pc-linux-gnu, compiled by gcc (Debian 14.2.0-19) 14.2.0, 64-bit
2026-09-22 10:52:24.074 UTC [1] LOG:  listening on IPv4 address "0.0.0.0", port 5432
2026-09-22 10:52:24.074 UTC [1] LOG:  listening on IPv6 address "::", port 5432
2026-09-22 10:52:24.078 UTC [1] LOG:  listening on Unix socket "/var/run/postgresql/.s.PGSQL.5432"
2026-09-22 10:52:24.087 UTC [29] LOG:  database system was shut down at 2026-09-21 00:15:55 UTC
2026-09-22 10:52:24.099 UTC [1] LOG:  database system is ready to accept connections
2026-09-22 10:57:24.172 UTC [27] LOG:  checkpoint starting: time
2026-09-22 10:57:24.188 UTC [27] LOG:  checkpoint complete: wrote 2 buffers (0.0%); 0 WAL file(s) added, 0 removed, 0 recycled; write=0.006 s, sync=0.002 s, total=0.016 s; sync files=3, longest=0.001 s, average=0.001 s; distance=0 kB, estimate=0 kB; lsn=9/954C1DF0, redo lsn=9/954C1DB8
2026-09-22 12:42:16.619 UTC [1] LOG:  received fast shutdown request
2026-09-22 12:42:16.621 UTC [1] LOG:  aborting any active transactions
2026-09-22 12:42:16.623 UTC [1] LOG:  background worker "logical replication launcher" (PID 32) exited with exit code 1
2026-09-22 12:42:16.623 UTC [27] LOG:  shutting down
2026-09-22 12:42:16.626 UTC [27] LOG:  checkpoint starting: shutdown immediate
2026-09-22 12:42:16.641 UTC [27] LOG:  checkpoint complete: wrote 0 buffers (0.0%); 0 WAL file(s) added, 0 removed, 0 recycled; write=0.001 s, sync=0.001 s, total=0.019 s; sync files=0, longest=0.000 s, average=0.000 s; distance=0 kB, estimate=0 kB; lsn=9/954C1EA0, redo lsn=9/954C1EA0
2026-09-22 12:42:16.645 UTC [1] LOG:  database system is shut down

PostgreSQL Database directory appears to contain a database; Skipping initialization

2026-09-22 22:22:19.120 UTC [1] LOG:  starting PostgreSQL 16.15 (Debian 16.15-1.pgdg13+2) on x86_64-pc-linux-gnu, compiled by gcc (Debian 14.2.0-19) 14.2.0, 64-bit
2026-09-22 22:22:19.120 UTC [1] LOG:  listening on IPv4 address "0.0.0.0", port 5432
2026-09-22 22:22:19.120 UTC [1] LOG:  listening on IPv6 address "::", port 5432
2026-09-22 22:22:19.125 UTC [1] LOG:  listening on Unix socket "/var/run/postgresql/.s.PGSQL.5432"
2026-09-22 22:22:19.134 UTC [29] LOG:  database system was shut down at 2026-09-22 12:42:16 UTC
2026-09-22 22:22:19.146 UTC [1] LOG:  database system is ready to accept connections
2026-09-22 22:27:19.212 UTC [27] LOG:  checkpoint starting: time
2026-09-22 22:27:19.223 UTC [27] LOG:  checkpoint complete: wrote 2 buffers (0.0%); 0 WAL file(s) added, 0 removed, 0 recycled; write=0.003 s, sync=0.001 s, total=0.012 s; sync files=3, longest=0.001 s, average=0.001 s; distance=0 kB, estimate=0 kB; lsn=9/954C1F88, redo lsn=9/954C1F50
2026-09-22 23:55:59.850 UTC [1] LOG:  received fast shutdown request
2026-09-22 23:55:59.852 UTC [1] LOG:  aborting any active transactions
2026-09-22 23:55:59.854 UTC [1] LOG:  background worker "logical replication launcher" (PID 32) exited with exit code 1
2026-09-22 23:55:59.854 UTC [27] LOG:  shutting down
2026-09-22 23:55:59.856 UTC [27] LOG:  checkpoint starting: shutdown immediate
2026-09-22 23:55:59.866 UTC [27] LOG:  checkpoint complete: wrote 0 buffers (0.0%); 0 WAL file(s) added, 0 removed, 0 recycled; write=0.001 s, sync=0.001 s, total=0.012 s; sync files=0, longest=0.000 s, average=0.000 s; distance=0 kB, estimate=0 kB; lsn=9/954C2050, redo lsn=9/954C2050
2026-09-22 23:55:59.870 UTC [1] LOG:  database system is shut down

PostgreSQL Database directory appears to contain a database; Skipping initialization

2026-09-23 23:16:01.860 UTC [1] LOG:  starting PostgreSQL 16.15 (Debian 16.15-1.pgdg13+2) on x86_64-pc-linux-gnu, compiled by gcc (Debian 14.2.0-19) 14.2.0, 64-bit
2026-09-23 23:16:01.860 UTC [1] LOG:  listening on IPv4 address "0.0.0.0", port 5432
2026-09-23 23:16:01.860 UTC [1] LOG:  listening on IPv6 address "::", port 5432
2026-09-23 23:16:01.864 UTC [1] LOG:  listening on Unix socket "/var/run/postgresql/.s.PGSQL.5432"
2026-09-23 23:16:01.870 UTC [30] LOG:  database system was shut down at 2026-09-22 23:55:59 UTC
2026-09-23 23:16:01.882 UTC [1] LOG:  database system is ready to accept connections
2026-09-23 23:21:01.959 UTC [28] LOG:  checkpoint starting: time
2026-09-23 23:21:01.970 UTC [28] LOG:  checkpoint complete: wrote 2 buffers (0.0%); 0 WAL file(s) added, 0 removed, 0 recycled; write=0.004 s, sync=0.001 s, total=0.012 s; sync files=3, longest=0.001 s, average=0.001 s; distance=0 kB, estimate=0 kB; lsn=9/954C2138, redo lsn=9/954C2100
2026-09-24 02:15:17.764 UTC [1] LOG:  received fast shutdown request
2026-09-24 02:15:17.766 UTC [1] LOG:  aborting any active transactions
2026-09-24 02:15:17.769 UTC [1] LOG:  background worker "logical replication launcher" (PID 33) exited with exit code 1
2026-09-24 02:15:17.770 UTC [28] LOG:  shutting down
2026-09-24 02:15:17.771 UTC [28] LOG:  checkpoint starting: shutdown immediate
2026-09-24 02:15:17.797 UTC [28] LOG:  checkpoint complete: wrote 0 buffers (0.0%); 0 WAL file(s) added, 0 removed, 0 recycled; write=0.013 s, sync=0.001 s, total=0.027 s; sync files=0, longest=0.000 s, average=0.000 s; distance=0 kB, estimate=0 kB; lsn=9/954C21E8, redo lsn=9/954C21E8
2026-09-24 02:15:17.804 UTC [1] LOG:  database system is shut down

PostgreSQL Database directory appears to contain a database; Skipping initialization

2026-09-26 16:11:09.021 UTC [1] LOG:  starting PostgreSQL 16.15 (Debian 16.15-1.pgdg13+2) on x86_64-pc-linux-gnu, compiled by gcc (Debian 14.2.0-19) 14.2.0, 64-bit
2026-09-26 16:11:09.022 UTC [1] LOG:  listening on IPv4 address "0.0.0.0", port 5432
2026-09-26 16:11:09.022 UTC [1] LOG:  listening on IPv6 address "::", port 5432
2026-09-26 16:11:09.026 UTC [1] LOG:  listening on Unix socket "/var/run/postgresql/.s.PGSQL.5432"
2026-09-26 16:11:09.034 UTC [29] LOG:  database system was shut down at 2026-09-24 02:15:17 UTC
2026-09-26 16:11:09.045 UTC [1] LOG:  database system is ready to accept connections
2026-09-26 16:16:09.114 UTC [27] LOG:  checkpoint starting: time
2026-09-26 16:16:09.130 UTC [27] LOG:  checkpoint complete: wrote 2 buffers (0.0%); 0 WAL file(s) added, 0 removed, 0 recycled; write=0.004 s, sync=0.003 s, total=0.016 s; sync files=3, longest=0.002 s, average=0.001 s; distance=0 kB, estimate=0 kB; lsn=9/954C22D0, redo lsn=9/954C2298
2026-09-26 17:43:12.062 UTC [27] LOG:  checkpoint starting: wal
2026-09-26 17:43:26.904 UTC [27] LOG:  checkpoint complete: wrote 2514 buffers (15.3%); 0 WAL file(s) added, 0 removed, 33 recycled; write=14.198 s, sync=0.551 s, total=14.844 s; sync files=67, longest=0.360 s, average=0.009 s; distance=539889 kB, estimate=539889 kB; lsn=9/D44A7538, redo lsn=9/B63FE908
2026-09-26 17:43:27.856 UTC [27] LOG:  checkpoints are occurring too frequently (15 seconds apart)
2026-09-26 17:43:27.856 UTC [27] HINT:  Consider increasing the configuration parameter "max_wal_size".
2026-09-26 17:43:27.856 UTC [27] LOG:  checkpoint starting: wal
2026-09-26 17:43:35.296 UTC [27] LOG:  checkpoint complete: wrote 2563 buffers (15.6%); 0 WAL file(s) added, 0 removed, 33 recycled; write=6.944 s, sync=0.418 s, total=7.441 s; sync files=6, longest=0.379 s, average=0.070 s; distance=537688 kB, estimate=539669 kB; lsn=9/F52A3FC8, redo lsn=9/D71149C0
2026-09-26 17:43:54.318 UTC [27] LOG:  checkpoints are occurring too frequently (27 seconds apart)
2026-09-26 17:43:54.318 UTC [27] HINT:  Consider increasing the configuration parameter "max_wal_size".
2026-09-26 17:43:54.318 UTC [27] LOG:  checkpoint starting: wal
2026-09-26 17:44:08.445 UTC [27] LOG:  checkpoint complete: wrote 58 buffers (0.4%); 0 WAL file(s) added, 0 removed, 33 recycled; write=13.834 s, sync=0.215 s, total=14.127 s; sync files=83, longest=0.115 s, average=0.003 s; distance=543660 kB, estimate=543660 kB; lsn=A/166BD370, redo lsn=9/F83FFA38
2026-09-26 17:44:09.663 UTC [27] LOG:  checkpoints are occurring too frequently (15 seconds apart)
2026-09-26 17:44:09.663 UTC [27] HINT:  Consider increasing the configuration parameter "max_wal_size".
2026-09-26 17:44:09.663 UTC [27] LOG:  checkpoint starting: wal
2026-09-26 17:44:21.386 UTC [27] LOG:  checkpoint complete: wrote 2471 buffers (15.1%); 0 WAL file(s) added, 0 removed, 33 recycled; write=11.502 s, sync=0.153 s, total=11.724 s; sync files=6, longest=0.089 s, average=0.026 s; distance=537111 kB, estimate=543005 kB; lsn=A/36CC1248, redo lsn=A/19085940
2026-09-26 17:44:23.192 UTC [27] LOG:  checkpoints are occurring too frequently (14 seconds apart)
2026-09-26 17:44:23.192 UTC [27] HINT:  Consider increasing the configuration parameter "max_wal_size".
2026-09-26 17:44:23.192 UTC [27] LOG:  checkpoint starting: wal
2026-09-26 17:44:30.330 UTC [27] LOG:  checkpoint complete: wrote 1742 buffers (10.6%); 0 WAL file(s) added, 0 removed, 33 recycled; write=6.844 s, sync=0.197 s, total=7.138 s; sync files=6, longest=0.124 s, average=0.033 s; distance=544235 kB, estimate=544235 kB; lsn=A/585A7EC8, redo lsn=A/3A4007A0
2026-09-26 17:44:31.636 UTC [27] LOG:  checkpoints are occurring too frequently (8 seconds apart)
2026-09-26 17:44:31.636 UTC [27] HINT:  Consider increasing the configuration parameter "max_wal_size".
2026-09-26 17:44:31.636 UTC [27] LOG:  checkpoint starting: wal
2026-09-26 17:44:59.203 UTC [27] LOG:  checkpoint complete: wrote 1907 buffers (11.6%); 0 WAL file(s) added, 1 removed, 32 recycled; write=26.895 s, sync=0.562 s, total=27.568 s; sync files=79, longest=0.303 s, average=0.008 s; distance=540664 kB, estimate=543878 kB; lsn=A/7AF2DDB8, redo lsn=A/5B3FEAA8
2026-09-26 17:44:59.462 UTC [27] LOG:  checkpoints are occurring too frequently (28 seconds apart)
2026-09-26 17:44:59.462 UTC [27] HINT:  Consider increasing the configuration parameter "max_wal_size".
2026-09-26 17:44:59.462 UTC [27] LOG:  checkpoint starting: wal
2026-09-26 17:45:07.425 UTC [27] LOG:  checkpoint complete: wrote 2229 buffers (13.6%); 0 WAL file(s) added, 2 removed, 31 recycled; write=7.615 s, sync=0.216 s, total=7.963 s; sync files=18, longest=0.098 s, average=0.012 s; distance=539750 kB, estimate=543465 kB; lsn=A/9C3FFC90, redo lsn=A/7C318628
2026-09-26 17:45:07.425 UTC [27] LOG:  checkpoints are occurring too frequently (8 seconds apart)
2026-09-26 17:45:07.425 UTC [27] HINT:  Consider increasing the configuration parameter "max_wal_size".
2026-09-26 17:45:07.425 UTC [27] LOG:  checkpoint starting: wal
2026-09-26 17:45:20.059 UTC [27] LOG:  checkpoint complete: wrote 2466 buffers (15.1%); 0 WAL file(s) added, 1 removed, 32 recycled; write=12.377 s, sync=0.182 s, total=12.635 s; sync files=12, longest=0.114 s, average=0.016 s; distance=547925 kB, estimate=547925 kB; lsn=A/BC488450, redo lsn=A/9DA2DA30
2026-09-26 17:45:20.396 UTC [27] LOG:  checkpoints are occurring too frequently (13 seconds apart)
2026-09-26 17:45:20.396 UTC [27] HINT:  Consider increasing the configuration parameter "max_wal_size".
2026-09-26 17:45:20.396 UTC [27] LOG:  checkpoint starting: wal
2026-09-26 17:45:50.897 UTC [27] LOG:  checkpoint complete: wrote 1937 buffers (11.8%); 0 WAL file(s) added, 0 removed, 33 recycled; write=30.364 s, sync=0.054 s, total=30.501 s; sync files=71, longest=0.006 s, average=0.001 s; distance=532722 kB, estimate=546404 kB; lsn=A/DBDBC6A0, redo lsn=A/BE26A3B0
2026-09-26 17:45:53.175 UTC [27] LOG:  checkpoint starting: wal
2026-09-26 17:45:59.447 UTC [27] LOG:  checkpoint complete: wrote 2263 buffers (13.8%); 0 WAL file(s) added, 0 removed, 33 recycled; write=5.959 s, sync=0.232 s, total=6.272 s; sync files=26, longest=0.116 s, average=0.009 s; distance=542311 kB, estimate=545995 kB; lsn=A/FD4C5510, redo lsn=A/DF404158
2026-09-26 17:46:00.691 UTC [27] LOG:  checkpoints are occurring too frequently (7 seconds apart)
2026-09-26 17:46:00.691 UTC [27] HINT:  Consider increasing the configuration parameter "max_wal_size".
2026-09-26 17:46:00.691 UTC [27] LOG:  checkpoint starting: wal
2026-09-26 17:46:08.718 UTC [27] LOG:  checkpoint complete: wrote 2283 buffers (13.9%); 0 WAL file(s) added, 0 removed, 33 recycled; write=7.812 s, sync=0.139 s, total=8.028 s; sync files=5, longest=0.086 s, average=0.028 s; distance=537357 kB, estimate=545131 kB; lsn=B/1DCD8DD8, redo lsn=B/C7590
2026-09-26 17:46:14.471 UTC [27] LOG:  checkpoints are occurring too frequently (14 seconds apart)
2026-09-26 17:46:14.471 UTC [27] HINT:  Consider increasing the configuration parameter "max_wal_size".
2026-09-26 17:46:14.471 UTC [27] LOG:  checkpoint starting: wal
2026-09-26 17:46:20.843 UTC [27] LOG:  checkpoint complete: wrote 562 buffers (3.4%); 0 WAL file(s) added, 0 removed, 33 recycled; write=6.136 s, sync=0.161 s, total=6.373 s; sync files=7, longest=0.131 s, average=0.023 s; distance=543979 kB, estimate=545016 kB; lsn=B/3F162A10, redo lsn=B/21402350
2026-09-26 17:46:22.185 UTC [27] LOG:  checkpoints are occurring too frequently (8 seconds apart)
2026-09-26 17:46:22.185 UTC [27] HINT:  Consider increasing the configuration parameter "max_wal_size".
2026-09-26 17:46:22.185 UTC [27] LOG:  checkpoint starting: wal
2026-09-26 17:46:52.145 UTC [27] LOG:  checkpoint complete: wrote 1834 buffers (11.2%); 0 WAL file(s) added, 2 removed, 31 recycled; write=29.726 s, sync=0.142 s, total=29.960 s; sync files=77, longest=0.064 s, average=0.002 s; distance=537344 kB, estimate=544249 kB; lsn=B/62614658, redo lsn=B/420C26B0
2026-09-26 17:46:52.145 UTC [27] LOG:  checkpoint starting: wal
2026-09-26 17:47:00.126 UTC [27] LOG:  checkpoint complete: wrote 2224 buffers (13.6%); 0 WAL file(s) added, 0 removed, 33 recycled; write=7.674 s, sync=0.237 s, total=7.982 s; sync files=18, longest=0.118 s, average=0.014 s; distance=550385 kB, estimate=550385 kB; lsn=B/81F2EB08, redo lsn=B/63A3ED00
2026-09-26 17:47:00.762 UTC [27] LOG:  checkpoints are occurring too frequently (8 seconds apart)
2026-09-26 17:47:00.762 UTC [27] HINT:  Consider increasing the configuration parameter "max_wal_size".
2026-09-26 17:47:00.762 UTC [27] LOG:  checkpoint starting: wal
2026-09-26 17:47:14.325 UTC [27] LOG:  checkpoint complete: wrote 2406 buffers (14.7%); 0 WAL file(s) added, 1 removed, 32 recycled; write=13.283 s, sync=0.196 s, total=13.564 s; sync files=11, longest=0.084 s, average=0.018 s; distance=534269 kB, estimate=548773 kB; lsn=B/A3F12850, redo lsn=B/843FE290
2026-09-26 17:47:14.412 UTC [27] LOG:  checkpoints are occurring too frequently (14 seconds apart)
2026-09-26 17:47:14.412 UTC [27] HINT:  Consider increasing the configuration parameter "max_wal_size".
2026-09-26 17:47:14.412 UTC [27] LOG:  checkpoint starting: wal
2026-09-26 17:47:22.422 UTC [27] LOG:  checkpoint complete: wrote 1821 buffers (11.1%); 0 WAL file(s) added, 0 removed, 33 recycled; write=7.786 s, sync=0.145 s, total=8.010 s; sync files=5, longest=0.105 s, average=0.029 s; distance=540679 kB, estimate=547964 kB; lsn=B/C34F96F8, redo lsn=B/A53FFF78
2026-09-26 17:47:48.813 UTC [27] LOG:  checkpoint starting: wal
2026-09-26 17:47:55.307 UTC [27] LOG:  checkpoint complete: wrote 46 buffers (0.3%); 0 WAL file(s) added, 0 removed, 33 recycled; write=6.224 s, sync=0.196 s, total=6.494 s; sync files=82, longest=0.125 s, average=0.003 s; distance=536889 kB, estimate=546857 kB; lsn=B/E43C54C0, redo lsn=B/C604E740
2026-09-26 17:47:56.581 UTC [27] LOG:  checkpoints are occurring too frequently (8 seconds apart)
2026-09-26 17:47:56.581 UTC [27] HINT:  Consider increasing the configuration parameter "max_wal_size".
2026-09-26 17:47:56.581 UTC [27] LOG:  checkpoint starting: wal
2026-09-26 17:48:00.899 UTC [27] LOG:  checkpoint complete: wrote 2064 buffers (12.6%); 0 WAL file(s) added, 0 removed, 33 recycled; write=4.084 s, sync=0.159 s, total=4.318 s; sync files=7, longest=0.109 s, average=0.023 s; distance=540439 kB, estimate=546215 kB; lsn=C/596B8D0, redo lsn=B/E7014590
2026-09-26 17:48:04.575 UTC [27] LOG:  checkpoints are occurring too frequently (8 seconds apart)
2026-09-26 17:48:04.575 UTC [27] HINT:  Consider increasing the configuration parameter "max_wal_size".
2026-09-26 17:48:04.575 UTC [27] LOG:  checkpoint starting: wal
2026-09-26 17:48:13.858 UTC [27] LOG:  checkpoint complete: wrote 1612 buffers (9.8%); 0 WAL file(s) added, 0 removed, 33 recycled; write=9.088 s, sync=0.110 s, total=9.283 s; sync files=5, longest=0.080 s, average=0.022 s; distance=540799 kB, estimate=545673 kB; lsn=C/2678A3F8, redo lsn=C/8034330
2026-09-26 17:48:14.173 UTC [27] LOG:  checkpoints are occurring too frequently (10 seconds apart)
2026-09-26 17:48:14.173 UTC [27] HINT:  Consider increasing the configuration parameter "max_wal_size".
2026-09-26 17:48:14.173 UTC [27] LOG:  checkpoint starting: wal
2026-09-26 17:48:22.104 UTC [27] LOG:  checkpoint complete: wrote 2102 buffers (12.8%); 0 WAL file(s) added, 0 removed, 33 recycled; write=7.697 s, sync=0.150 s, total=7.931 s; sync files=5, longest=0.111 s, average=0.030 s; distance=542236 kB, estimate=545329 kB; lsn=C/470B2798, redo lsn=C/291BB418
2026-09-26 17:48:47.940 UTC [27] LOG:  checkpoint starting: wal
2026-09-26 17:48:55.582 UTC [27] LOG:  checkpoint complete: wrote 8 buffers (0.0%); 0 WAL file(s) added, 0 removed, 33 recycled; write=7.320 s, sync=0.242 s, total=7.643 s; sync files=87, longest=0.132 s, average=0.003 s; distance=539466 kB, estimate=544743 kB; lsn=C/686CC4A8, redo lsn=C/4A08DE58
2026-09-26 17:48:56.798 UTC [27] LOG:  checkpoints are occurring too frequently (9 seconds apart)
2026-09-26 17:48:56.798 UTC [27] HINT:  Consider increasing the configuration parameter "max_wal_size".
2026-09-26 17:48:56.798 UTC [27] LOG:  checkpoint starting: wal
2026-09-26 17:49:01.620 UTC [27] LOG:  checkpoint complete: wrote 2174 buffers (13.3%); 0 WAL file(s) added, 1 removed, 32 recycled; write=4.594 s, sync=0.155 s, total=4.823 s; sync files=7, longest=0.101 s, average=0.023 s; distance=541135 kB, estimate=544382 kB; lsn=C/8A463AC8, redo lsn=C/6B101C28
2026-09-26 17:49:01.718 UTC [27] LOG:  checkpoints are occurring too frequently (5 seconds apart)
2026-09-26 17:49:01.718 UTC [27] HINT:  Consider increasing the configuration parameter "max_wal_size".
2026-09-26 17:49:01.718 UTC [27] LOG:  checkpoint starting: wal
2026-09-26 17:49:14.900 UTC [27] LOG:  checkpoint complete: wrote 1676 buffers (10.2%); 0 WAL file(s) added, 1 removed, 32 recycled; write=12.991 s, sync=0.109 s, total=13.182 s; sync files=5, longest=0.080 s, average=0.022 s; distance=543744 kB, estimate=544318 kB; lsn=C/ABEBB648, redo lsn=C/8C401EB0
2026-09-26 17:49:14.989 UTC [27] LOG:  checkpoints are occurring too frequently (13 seconds apart)
2026-09-26 17:49:14.989 UTC [27] HINT:  Consider increasing the configuration parameter "max_wal_size".
2026-09-26 17:49:14.990 UTC [27] LOG:  checkpoint starting: wal
2026-09-26 17:49:22.695 UTC [27] LOG:  checkpoint complete: wrote 1712 buffers (10.4%); 0 WAL file(s) added, 0 removed, 33 recycled; write=7.483 s, sync=0.146 s, total=7.706 s; sync files=5, longest=0.110 s, average=0.030 s; distance=540672 kB, estimate=543954 kB; lsn=C/CB628038, redo lsn=C/AD402030
2026-09-26 17:49:42.244 UTC [27] LOG:  checkpoints are occurring too frequently (28 seconds apart)
2026-09-26 17:49:42.244 UTC [27] HINT:  Consider increasing the configuration parameter "max_wal_size".
2026-09-26 17:49:42.244 UTC [27] LOG:  checkpoint starting: wal
2026-09-26 17:49:55.907 UTC [27] LOG:  checkpoint complete: wrote 51 buffers (0.3%); 0 WAL file(s) added, 0 removed, 33 recycled; write=13.329 s, sync=0.250 s, total=13.663 s; sync files=84, longest=0.138 s, average=0.003 s; distance=540667 kB, estimate=543625 kB; lsn=C/EC93D210, redo lsn=C/CE400F70
2026-09-26 17:49:57.051 UTC [27] LOG:  checkpoints are occurring too frequently (15 seconds apart)
2026-09-26 17:49:57.051 UTC [27] HINT:  Consider increasing the configuration parameter "max_wal_size".
2026-09-26 17:49:57.051 UTC [27] LOG:  checkpoint starting: wal
2026-09-26 17:50:03.057 UTC [27] LOG:  checkpoint complete: wrote 1416 buffers (8.6%); 0 WAL file(s) added, 2 removed, 31 recycled; write=5.659 s, sync=0.243 s, total=6.007 s; sync files=9, longest=0.111 s, average=0.027 s; distance=537964 kB, estimate=543059 kB; lsn=D/F126220, redo lsn=C/EF15C268
2026-09-26 17:50:03.124 UTC [27] LOG:  checkpoints are occurring too frequently (6 seconds apart)
2026-09-26 17:50:03.124 UTC [27] HINT:  Consider increasing the configuration parameter "max_wal_size".
2026-09-26 17:50:03.124 UTC [27] LOG:  checkpoint starting: wal
2026-09-26 17:50:16.771 UTC [27] LOG:  checkpoint complete: wrote 2235 buffers (13.6%); 0 WAL file(s) added, 1 removed, 32 recycled; write=13.368 s, sync=0.200 s, total=13.647 s; sync files=16, longest=0.078 s, average=0.013 s; distance=543378 kB, estimate=543378 kB; lsn=D/2FBE8258, redo lsn=D/10400B10
2026-09-26 17:50:16.879 UTC [27] LOG:  checkpoints are occurring too frequently (13 seconds apart)
2026-09-26 17:50:16.879 UTC [27] HINT:  Consider increasing the configuration parameter "max_wal_size".
2026-09-26 17:50:16.880 UTC [27] LOG:  checkpoint starting: wal
2026-09-26 17:50:24.406 UTC [27] LOG:  checkpoint complete: wrote 1445 buffers (8.8%); 0 WAL file(s) added, 0 removed, 33 recycled; write=7.288 s, sync=0.154 s, total=7.527 s; sync files=7, longest=0.118 s, average=0.022 s; distance=540690 kB, estimate=543109 kB; lsn=D/4F1CAFC0, redo lsn=D/31405518
2026-09-26 17:50:25.837 UTC [27] LOG:  checkpoints are occurring too frequently (9 seconds apart)
2026-09-26 17:50:25.837 UTC [27] HINT:  Consider increasing the configuration parameter "max_wal_size".
2026-09-26 17:50:25.837 UTC [27] LOG:  checkpoint starting: wal
2026-09-26 17:50:57.935 UTC [27] LOG:  checkpoint complete: wrote 1185 buffers (7.2%); 0 WAL file(s) added, 0 removed, 33 recycled; write=31.777 s, sync=0.244 s, total=32.098 s; sync files=79, longest=0.137 s, average=0.004 s; distance=537762 kB, estimate=542574 kB; lsn=D/70812A98, redo lsn=D/5212E048
2026-09-26 17:50:58.966 UTC [27] LOG:  checkpoint starting: wal
2026-09-26 17:51:05.977 UTC [27] LOG:  checkpoint complete: wrote 2602 buffers (15.9%); 0 WAL file(s) added, 0 removed, 33 recycled; write=6.777 s, sync=0.150 s, total=7.011 s; sync files=8, longest=0.110 s, average=0.019 s; distance=539721 kB, estimate=542289 kB; lsn=D/9146ABE8, redo lsn=D/73040620
2026-09-26 17:51:06.595 UTC [27] LOG:  checkpoints are occurring too frequently (8 seconds apart)
2026-09-26 17:51:06.595 UTC [27] HINT:  Consider increasing the configuration parameter "max_wal_size".
2026-09-26 17:51:06.595 UTC [27] LOG:  checkpoint starting: wal
2026-09-26 17:51:22.246 UTC [27] LOG:  checkpoint complete: wrote 2095 buffers (12.8%); 0 WAL file(s) added, 2 removed, 31 recycled; write=15.377 s, sync=0.195 s, total=15.651 s; sync files=9, longest=0.086 s, average=0.022 s; distance=544585 kB, estimate=544585 kB; lsn=D/B45A7320, redo lsn=D/94412D18
2026-09-26 17:51:22.256 UTC [27] LOG:  checkpoints are occurring too frequently (16 seconds apart)
2026-09-26 17:51:22.256 UTC [27] HINT:  Consider increasing the configuration parameter "max_wal_size".
2026-09-26 17:51:22.256 UTC [27] LOG:  checkpoint starting: wal
2026-09-26 17:51:29.786 UTC [27] LOG:  checkpoint complete: wrote 2023 buffers (12.3%); 0 WAL file(s) added, 0 removed, 33 recycled; write=7.304 s, sync=0.150 s, total=7.530 s; sync files=5, longest=0.115 s, average=0.030 s; distance=540598 kB, estimate=544187 kB; lsn=D/D3387B58, redo lsn=D/B5400678
2026-09-26 17:51:31.256 UTC [27] LOG:  checkpoints are occurring too frequently (9 seconds apart)
2026-09-26 17:51:31.256 UTC [27] HINT:  Consider increasing the configuration parameter "max_wal_size".
2026-09-26 17:51:31.256 UTC [27] LOG:  checkpoint starting: wal
2026-09-26 17:52:00.344 UTC [27] LOG:  checkpoint complete: wrote 1845 buffers (11.3%); 0 WAL file(s) added, 2 removed, 31 recycled; write=28.627 s, sync=0.356 s, total=29.088 s; sync files=84, longest=0.100 s, average=0.005 s; distance=540669 kB, estimate=543835 kB; lsn=D/F63EB878, redo lsn=D/D63FFB28
2026-09-26 17:52:00.345 UTC [27] LOG:  checkpoints are occurring too frequently (29 seconds apart)
2026-09-26 17:52:00.345 UTC [27] HINT:  Consider increasing the configuration parameter "max_wal_size".
2026-09-26 17:52:00.345 UTC [27] LOG:  checkpoint starting: wal
2026-09-26 17:52:07.334 UTC [27] LOG:  checkpoint complete: wrote 1669 buffers (10.2%); 0 WAL file(s) added, 0 removed, 33 recycled; write=6.669 s, sync=0.239 s, total=6.990 s; sync files=10, longest=0.128 s, average=0.024 s; distance=544400 kB, estimate=544400 kB; lsn=E/15A05710, redo lsn=D/F77A3C40
2026-09-26 17:52:08.477 UTC [27] LOG:  checkpoints are occurring too frequently (8 seconds apart)
2026-09-26 17:52:08.477 UTC [27] HINT:  Consider increasing the configuration parameter "max_wal_size".
2026-09-26 17:52:08.477 UTC [27] LOG:  checkpoint starting: wal
2026-09-26 17:52:12.250 UTC [27] LOG:  checkpoint complete: wrote 1219 buffers (7.4%); 0 WAL file(s) added, 1 removed, 32 recycled; write=3.469 s, sync=0.230 s, total=3.773 s; sync files=9, longest=0.124 s, average=0.026 s; distance=534546 kB, estimate=543414 kB; lsn=E/377BCC48, redo lsn=E/181A8458
2026-09-26 17:52:12.594 UTC [27] LOG:  checkpoints are occurring too frequently (4 seconds apart)
2026-09-26 17:52:12.594 UTC [27] HINT:  Consider increasing the configuration parameter "max_wal_size".
2026-09-26 17:52:12.594 UTC [27] LOG:  checkpoint starting: wal
2026-09-26 17:52:26.019 UTC [27] LOG:  checkpoint complete: wrote 2687 buffers (16.4%); 0 WAL file(s) added, 1 removed, 32 recycled; write=13.204 s, sync=0.138 s, total=13.425 s; sync files=13, longest=0.084 s, average=0.011 s; distance=539210 kB, estimate=542994 kB; lsn=E/5873A080, redo lsn=E/3903AE60
2026-09-26 17:52:26.061 UTC [27] LOG:  checkpoints are occurring too frequently (14 seconds apart)
2026-09-26 17:52:26.061 UTC [27] HINT:  Consider increasing the configuration parameter "max_wal_size".
2026-09-26 17:52:26.061 UTC [27] LOG:  checkpoint starting: wal
2026-09-26 17:52:33.474 UTC [27] LOG:  checkpoint complete: wrote 2033 buffers (12.4%); 0 WAL file(s) added, 0 removed, 33 recycled; write=7.191 s, sync=0.147 s, total=7.414 s; sync files=6, longest=0.115 s, average=0.025 s; distance=544565 kB, estimate=544565 kB; lsn=E/783C7478, redo lsn=E/5A4084B8
2026-09-26 17:52:34.938 UTC [27] LOG:  checkpoints are occurring too frequently (8 seconds apart)
2026-09-26 17:52:34.938 UTC [27] HINT:  Consider increasing the configuration parameter "max_wal_size".
2026-09-26 17:52:34.938 UTC [27] LOG:  checkpoint starting: wal
2026-09-26 17:53:06.945 UTC [27] LOG:  checkpoint complete: wrote 1633 buffers (10.0%); 0 WAL file(s) added, 1 removed, 32 recycled; write=31.808 s, sync=0.105 s, total=32.007 s; sync files=79, longest=0.040 s, average=0.002 s; distance=540037 kB, estimate=544112 kB; lsn=E/9AEC8628, redo lsn=E/7B369BB8
2026-09-26 17:53:06.945 UTC [27] LOG:  checkpoint starting: wal
2026-09-26 17:53:13.797 UTC [27] LOG:  checkpoint complete: wrote 1666 buffers (10.2%); 0 WAL file(s) added, 0 removed, 33 recycled; write=6.596 s, sync=0.181 s, total=6.853 s; sync files=8, longest=0.149 s, average=0.023 s; distance=545582 kB, estimate=545582 kB; lsn=E/BA9DB658, redo lsn=E/9C835618
2026-09-26 17:53:14.939 UTC [27] LOG:  checkpoints are occurring too frequently (8 seconds apart)
2026-09-26 17:53:14.939 UTC [27] HINT:  Consider increasing the configuration parameter "max_wal_size".
2026-09-26 17:53:14.939 UTC [27] LOG:  checkpoint starting: wal
2026-09-26 17:53:19.041 UTC [27] LOG:  checkpoint complete: wrote 2481 buffers (15.1%); 0 WAL file(s) added, 1 removed, 32 recycled; write=3.826 s, sync=0.179 s, total=4.102 s; sync files=5, longest=0.127 s, average=0.036 s; distance=532632 kB, estimate=544287 kB; lsn=E/DC400D18, redo lsn=E/BD05B7B8
2026-09-26 17:53:19.163 UTC [27] LOG:  checkpoints are occurring too frequently (5 seconds apart)
2026-09-26 17:53:19.163 UTC [27] HINT:  Consider increasing the configuration parameter "max_wal_size".
2026-09-26 17:53:19.163 UTC [27] LOG:  checkpoint starting: wal
2026-09-26 17:53:35.675 UTC [27] LOG:  checkpoint complete: wrote 1792 buffers (10.9%); 0 WAL file(s) added, 1 removed, 32 recycled; write=16.306 s, sync=0.116 s, total=16.512 s; sync files=8, longest=0.077 s, average=0.015 s; distance=541027 kB, estimate=543961 kB; lsn=E/FD546A08, redo lsn=E/DE0B4668
2026-09-26 17:53:35.693 UTC [27] LOG:  checkpoints are occurring too frequently (16 seconds apart)
2026-09-26 17:53:35.693 UTC [27] HINT:  Consider increasing the configuration parameter "max_wal_size".
2026-09-26 17:53:35.693 UTC [27] LOG:  checkpoint starting: wal
2026-09-26 17:53:42.488 UTC [27] LOG:  checkpoint complete: wrote 1939 buffers (11.8%); 0 WAL file(s) added, 0 removed, 33 recycled; write=6.561 s, sync=0.156 s, total=6.796 s; sync files=5, longest=0.126 s, average=0.032 s; distance=544057 kB, estimate=544057 kB; lsn=F/1D17AD00, redo lsn=E/FF402B60
2026-09-26 17:53:43.907 UTC [27] LOG:  checkpoints are occurring too frequently (8 seconds apart)
2026-09-26 17:53:43.907 UTC [27] HINT:  Consider increasing the configuration parameter "max_wal_size".
2026-09-26 17:53:43.907 UTC [27] LOG:  checkpoint starting: wal
2026-09-26 17:54:16.274 UTC [27] LOG:  checkpoint complete: wrote 1486 buffers (9.1%); 0 WAL file(s) added, 2 removed, 31 recycled; write=32.204 s, sync=0.059 s, total=32.368 s; sync files=81, longest=0.009 s, average=0.001 s; distance=536983 kB, estimate=543349 kB; lsn=F/40401820, redo lsn=F/20068A08
2026-09-26 17:54:16.275 UTC [27] LOG:  checkpoint starting: wal
2026-09-26 17:54:22.936 UTC [27] LOG:  checkpoint complete: wrote 1753 buffers (10.7%); 0 WAL file(s) added, 1 removed, 32 recycled; write=6.370 s, sync=0.189 s, total=6.662 s; sync files=8, longest=0.156 s, average=0.024 s; distance=556181 kB, estimate=556181 kB; lsn=F/600533F0, redo lsn=F/41F8E1D0
2026-09-26 17:54:23.963 UTC [27] LOG:  checkpoints are occurring too frequently (7 seconds apart)
2026-09-26 17:54:23.963 UTC [27] HINT:  Consider increasing the configuration parameter "max_wal_size".
2026-09-26 17:54:23.963 UTC [27] LOG:  checkpoint starting: wal
2026-09-26 17:54:28.633 UTC [27] LOG:  checkpoint complete: wrote 2424 buffers (14.8%); 0 WAL file(s) added, 1 removed, 32 recycled; write=4.424 s, sync=0.158 s, total=4.670 s; sync files=6, longest=0.123 s, average=0.027 s; distance=527148 kB, estimate=553278 kB; lsn=F/8141E6B0, redo lsn=F/62259528
2026-09-26 17:54:28.701 UTC [27] LOG:  checkpoints are occurring too frequently (5 seconds apart)
2026-09-26 17:54:28.701 UTC [27] HINT:  Consider increasing the configuration parameter "max_wal_size".
2026-09-26 17:54:28.701 UTC [27] LOG:  checkpoint starting: wal
2026-09-26 17:54:45.819 UTC [27] LOG:  checkpoint complete: wrote 1640 buffers (10.0%); 0 WAL file(s) added, 1 removed, 32 recycled; write=16.897 s, sync=0.121 s, total=17.118 s; sync files=9, longest=0.076 s, average=0.014 s; distance=542402 kB, estimate=552191 kB; lsn=F/A26C9CE8, redo lsn=F/8340A108
2026-09-26 17:54:45.850 UTC [27] LOG:  checkpoints are occurring too frequently (17 seconds apart)
2026-09-26 17:54:45.850 UTC [27] HINT:  Consider increasing the configuration parameter "max_wal_size".
2026-09-26 17:54:45.850 UTC [27] LOG:  checkpoint starting: wal
2026-09-26 17:54:52.461 UTC [27] LOG:  checkpoint complete: wrote 1790 buffers (10.9%); 0 WAL file(s) added, 0 removed, 33 recycled; write=6.355 s, sync=0.169 s, total=6.612 s; sync files=13, longest=0.129 s, average=0.013 s; distance=540650 kB, estimate=551036 kB; lsn=F/C2200870, redo lsn=F/A4404A00
2026-09-26 17:54:53.947 UTC [27] LOG:  checkpoints are occurring too frequently (8 seconds apart)
2026-09-26 17:54:53.947 UTC [27] HINT:  Consider increasing the configuration parameter "max_wal_size".
2026-09-26 17:54:53.947 UTC [27] LOG:  checkpoint starting: wal
2026-09-26 17:55:25.589 UTC [27] LOG:  checkpoint complete: wrote 2406 buffers (14.7%); 0 WAL file(s) added, 0 removed, 33 recycled; write=31.524 s, sync=0.043 s, total=31.642 s; sync files=77, longest=0.005 s, average=0.001 s; distance=537379 kB, estimate=549671 kB; lsn=F/E317C490, redo lsn=F/C50CD638
2026-09-26 17:55:25.783 UTC [27] LOG:  checkpoint starting: wal
2026-09-26 17:55:32.010 UTC [27] LOG:  checkpoint complete: wrote 2400 buffers (14.6%); 0 WAL file(s) added, 0 removed, 33 recycled; write=5.959 s, sync=0.192 s, total=6.227 s; sync files=12, longest=0.150 s, average=0.016 s; distance=543958 kB, estimate=549099 kB; lsn=10/43E37F0, redo lsn=F/E6402EA8
2026-09-26 17:55:33.343 UTC [27] LOG:  checkpoints are occurring too frequently (8 seconds apart)
2026-09-26 17:55:33.343 UTC [27] HINT:  Consider increasing the configuration parameter "max_wal_size".
2026-09-26 17:55:33.343 UTC [27] LOG:  checkpoint starting: wal
2026-09-26 17:55:38.434 UTC [27] LOG:  checkpoint complete: wrote 2471 buffers (15.1%); 0 WAL file(s) added, 0 removed, 33 recycled; write=4.831 s, sync=0.156 s, total=5.091 s; sync files=6, longest=0.128 s, average=0.026 s; distance=536813 kB, estimate=547871 kB; lsn=10/25EF6848, redo lsn=10/703E410
2026-09-26 17:55:38.501 UTC [27] LOG:  checkpoints are occurring too frequently (5 seconds apart)
2026-09-26 17:55:38.501 UTC [27] HINT:  Consider increasing the configuration parameter "max_wal_size".
2026-09-26 17:55:38.502 UTC [27] LOG:  checkpoint starting: wal
2026-09-26 17:55:55.858 UTC [27] LOG:  checkpoint complete: wrote 1890 buffers (11.5%); 0 WAL file(s) added, 1 removed, 32 recycled; write=17.090 s, sync=0.176 s, total=17.357 s; sync files=17, longest=0.084 s, average=0.011 s; distance=544529 kB, estimate=547537 kB; lsn=10/477C0780, redo lsn=10/284029F0
2026-09-26 17:55:55.915 UTC [27] LOG:  checkpoints are occurring too frequently (17 seconds apart)
2026-09-26 17:55:55.915 UTC [27] HINT:  Consider increasing the configuration parameter "max_wal_size".
2026-09-26 17:55:55.915 UTC [27] LOG:  checkpoint starting: wal
2026-09-26 17:56:02.595 UTC [27] LOG:  checkpoint complete: wrote 2303 buffers (14.1%); 0 WAL file(s) added, 0 removed, 33 recycled; write=6.442 s, sync=0.164 s, total=6.681 s; sync files=7, longest=0.131 s, average=0.024 s; distance=540685 kB, estimate=546851 kB; lsn=10/675654C8, redo lsn=10/494060A8
2026-09-26 17:56:04.024 UTC [27] LOG:  checkpoints are occurring too frequently (9 seconds apart)
2026-09-26 17:56:04.024 UTC [27] HINT:  Consider increasing the configuration parameter "max_wal_size".
2026-09-26 17:56:04.024 UTC [27] LOG:  checkpoint starting: wal
2026-09-26 17:56:37.756 UTC [27] LOG:  checkpoint complete: wrote 2097 buffers (12.8%); 0 WAL file(s) added, 1 removed, 32 recycled; write=33.455 s, sync=0.201 s, total=33.732 s; sync files=76, longest=0.145 s, average=0.003 s; distance=538840 kB, estimate=546050 kB; lsn=10/89515C20, redo lsn=10/6A23C3B8
2026-09-26 17:56:38.002 UTC [27] LOG:  checkpoint starting: wal
2026-09-26 17:56:43.926 UTC [27] LOG:  checkpoint complete: wrote 2748 buffers (16.8%); 0 WAL file(s) added, 0 removed, 33 recycled; write=5.652 s, sync=0.191 s, total=5.924 s; sync files=14, longest=0.161 s, average=0.014 s; distance=542480 kB, estimate=545693 kB; lsn=10/A92F7D00, redo lsn=10/8B400440
2026-09-26 17:56:45.342 UTC [27] LOG:  checkpoints are occurring too frequently (7 seconds apart)
2026-09-26 17:56:45.342 UTC [27] HINT:  Consider increasing the configuration parameter "max_wal_size".
2026-09-26 17:56:45.342 UTC [27] LOG:  checkpoint starting: wal
2026-09-26 17:56:50.710 UTC [27] LOG:  checkpoint complete: wrote 2438 buffers (14.9%); 0 WAL file(s) added, 1 removed, 32 recycled; write=5.114 s, sync=0.158 s, total=5.368 s; sync files=6, longest=0.127 s, average=0.027 s; distance=538220 kB, estimate=544946 kB; lsn=10/CB49ED28, redo lsn=10/AC19B4F0
2026-09-26 17:56:50.726 UTC [27] LOG:  checkpoints are occurring too frequently (5 seconds apart)
2026-09-26 17:56:50.726 UTC [27] HINT:  Consider increasing the configuration parameter "max_wal_size".
2026-09-26 17:56:50.726 UTC [27] LOG:  checkpoint starting: wal
2026-09-26 17:57:08.595 UTC [27] LOG:  checkpoint complete: wrote 2006 buffers (12.2%); 0 WAL file(s) added, 2 removed, 31 recycled; write=17.682 s, sync=0.090 s, total=17.870 s; sync files=17, longest=0.061 s, average=0.006 s; distance=543140 kB, estimate=544765 kB; lsn=10/ED4010C0, redo lsn=10/CD404790
2026-09-26 17:57:08.595 UTC [27] LOG:  checkpoints are occurring too frequently (18 seconds apart)
2026-09-26 17:57:08.595 UTC [27] HINT:  Consider increasing the configuration parameter "max_wal_size".
2026-09-26 17:57:08.595 UTC [27] LOG:  checkpoint starting: wal
2026-09-26 17:57:14.863 UTC [27] LOG:  checkpoint complete: wrote 2384 buffers (14.6%); 0 WAL file(s) added, 0 removed, 33 recycled; write=6.038 s, sync=0.156 s, total=6.268 s; sync files=7, longest=0.127 s, average=0.023 s; distance=540891 kB, estimate=544378 kB; lsn=11/C62F3B0, redo lsn=10/EE43B540
2026-09-26 17:57:16.188 UTC [27] LOG:  checkpoints are occurring too frequently (8 seconds apart)
2026-09-26 17:57:16.188 UTC [27] HINT:  Consider increasing the configuration parameter "max_wal_size".
2026-09-26 17:57:16.188 UTC [27] LOG:  checkpoint starting: wal
2026-09-26 17:57:51.786 UTC [27] LOG:  checkpoint complete: wrote 2196 buffers (13.4%); 0 WAL file(s) added, 1 removed, 32 recycled; write=35.443 s, sync=0.060 s, total=35.598 s; sync files=76, longest=0.021 s, average=0.001 s; distance=536812 kB, estimate=543621 kB; lsn=11/2EB4BD08, redo lsn=11/F0765D8
2026-09-26 17:57:51.870 UTC [27] LOG:  checkpoint starting: wal
2026-09-26 17:57:55.750 UTC [27] LOG:  checkpoint complete: wrote 3502 buffers (21.4%); 0 WAL file(s) added, 0 removed, 33 recycled; write=3.564 s, sync=0.227 s, total=3.880 s; sync files=15, longest=0.151 s, average=0.016 s; distance=540432 kB, estimate=543302 kB; lsn=11/4E228A40, redo lsn=11/3003A910
2026-09-26 17:57:57.172 UTC [27] LOG:  checkpoints are occurring too frequently (6 seconds apart)
2026-09-26 17:57:57.172 UTC [27] HINT:  Consider increasing the configuration parameter "max_wal_size".
2026-09-26 17:57:57.172 UTC [27] LOG:  checkpoint starting: wal
2026-09-26 17:58:02.930 UTC [27] LOG:  checkpoint complete: wrote 2297 buffers (14.0%); 0 WAL file(s) added, 0 removed, 33 recycled; write=5.424 s, sync=0.248 s, total=5.759 s; sync files=10, longest=0.137 s, average=0.025 s; distance=543087 kB, estimate=543281 kB; lsn=11/6F3C9600, redo lsn=11/51296658
2026-09-26 17:58:04.350 UTC [27] LOG:  checkpoints are occurring too frequently (7 seconds apart)
2026-09-26 17:58:04.350 UTC [27] HINT:  Consider increasing the configuration parameter "max_wal_size".
2026-09-26 17:58:04.350 UTC [27] LOG:  checkpoint starting: wal
2026-09-26 17:58:23.061 UTC [27] LOG:  checkpoint complete: wrote 2044 buffers (12.5%); 0 WAL file(s) added, 2 removed, 31 recycled; write=18.203 s, sync=0.393 s, total=18.712 s; sync files=19, longest=0.155 s, average=0.021 s; distance=539646 kB, estimate=542917 kB; lsn=11/92401F18, redo lsn=11/72195FF8
2026-09-26 17:58:23.061 UTC [27] LOG:  checkpoints are occurring too frequently (19 seconds apart)
2026-09-26 17:58:23.061 UTC [27] HINT:  Consider increasing the configuration parameter "max_wal_size".
2026-09-26 17:58:23.061 UTC [27] LOG:  checkpoint starting: wal
2026-09-26 17:58:26.961 UTC [27] LOG:  checkpoint complete: wrote 2490 buffers (15.2%); 0 WAL file(s) added, 0 removed, 33 recycled; write=3.646 s, sync=0.186 s, total=3.900 s; sync files=8, longest=0.158 s, average=0.024 s; distance=543712 kB, estimate=543712 kB; lsn=11/B15D5190, redo lsn=11/9348E218
2026-09-26 17:58:28.209 UTC [27] LOG:  checkpoints are occurring too frequently (5 seconds apart)
2026-09-26 17:58:28.209 UTC [27] HINT:  Consider increasing the configuration parameter "max_wal_size".
2026-09-26 17:58:28.209 UTC [27] LOG:  checkpoint starting: wal
2026-09-26 17:58:34.000 UTC [27] LOG:  checkpoint complete: wrote 2379 buffers (14.5%); 0 WAL file(s) added, 0 removed, 33 recycled; write=5.538 s, sync=0.165 s, total=5.791 s; sync files=6, longest=0.131 s, average=0.028 s; distance=536666 kB, estimate=543007 kB; lsn=11/D20CCCC8, redo lsn=11/B40A4AF0
2026-09-26 17:58:35.537 UTC [27] LOG:  checkpoints are occurring too frequently (7 seconds apart)
2026-09-26 17:58:35.537 UTC [27] HINT:  Consider increasing the configuration parameter "max_wal_size".
2026-09-26 17:58:35.537 UTC [27] LOG:  checkpoint starting: wal
2026-09-26 17:59:08.895 UTC [27] LOG:  checkpoint complete: wrote 1763 buffers (10.8%); 0 WAL file(s) added, 1 removed, 32 recycled; write=33.105 s, sync=0.178 s, total=33.359 s; sync files=75, longest=0.128 s, average=0.003 s; distance=541671 kB, estimate=542874 kB; lsn=11/F4927078, redo lsn=11/D519E6F8
2026-09-26 17:59:09.034 UTC [27] LOG:  checkpoint starting: wal
2026-09-26 17:59:14.523 UTC [27] LOG:  checkpoint complete: wrote 2308 buffers (14.1%); 0 WAL file(s) added, 0 removed, 33 recycled; write=5.241 s, sync=0.166 s, total=5.490 s; sync files=9, longest=0.134 s, average=0.019 s; distance=540732 kB, estimate=542660 kB; lsn=12/1408CC10, redo lsn=11/F61AD830
2026-09-26 17:59:16.081 UTC [27] LOG:  checkpoints are occurring too frequently (7 seconds apart)
2026-09-26 17:59:16.081 UTC [27] HINT:  Consider increasing the configuration parameter "max_wal_size".
2026-09-26 17:59:16.081 UTC [27] LOG:  checkpoint starting: wal
2026-09-26 17:59:21.349 UTC [27] LOG:  checkpoint complete: wrote 2313 buffers (14.1%); 0 WAL file(s) added, 0 removed, 33 recycled; write=5.016 s, sync=0.167 s, total=5.268 s; sync files=6, longest=0.142 s, average=0.028 s; distance=541228 kB, estimate=542516 kB; lsn=12/34F65E30, redo lsn=12/17238B20
2026-09-26 17:59:21.446 UTC [27] LOG:  checkpoints are occurring too frequently (5 seconds apart)
2026-09-26 17:59:21.446 UTC [27] HINT:  Consider increasing the configuration parameter "max_wal_size".
2026-09-26 17:59:21.446 UTC [27] LOG:  checkpoint starting: wal
2026-09-26 17:59:40.448 UTC [27] LOG:  checkpoint complete: wrote 2010 buffers (12.3%); 0 WAL file(s) added, 2 removed, 31 recycled; write=18.792 s, sync=0.126 s, total=19.003 s; sync files=9, longest=0.094 s, average=0.014 s; distance=542504 kB, estimate=542515 kB; lsn=12/5860D790, redo lsn=12/38402D40
2026-09-26 17:59:40.449 UTC [27] LOG:  checkpoints are occurring too frequently (19 seconds apart)
2026-09-26 17:59:40.449 UTC [27] HINT:  Consider increasing the configuration parameter "max_wal_size".
2026-09-26 17:59:40.449 UTC [27] LOG:  checkpoint starting: wal
2026-09-26 17:59:46.301 UTC [27] LOG:  checkpoint complete: wrote 2274 buffers (13.9%); 0 WAL file(s) added, 0 removed, 33 recycled; write=5.613 s, sync=0.162 s, total=5.853 s; sync files=6, longest=0.136 s, average=0.027 s; distance=546630 kB, estimate=546630 kB; lsn=12/77A04E30, redo lsn=12/599D4850
2026-09-26 17:59:47.556 UTC [27] LOG:  checkpoints are occurring too frequently (7 seconds apart)
2026-09-26 17:59:47.556 UTC [27] HINT:  Consider increasing the configuration parameter "max_wal_size".
2026-09-26 17:59:47.556 UTC [27] LOG:  checkpoint starting: wal
2026-09-26 18:00:05.341 UTC [27] LOG:  checkpoint complete: wrote 2288 buffers (14.0%); 0 WAL file(s) added, 0 removed, 33 recycled; write=17.557 s, sync=0.178 s, total=17.785 s; sync files=12, longest=0.144 s, average=0.015 s; distance=531652 kB, estimate=545132 kB; lsn=12/978D4A90, redo lsn=12/7A1058D8
2026-09-26 18:00:24.440 UTC [27] LOG:  checkpoint starting: wal
2026-09-26 18:00:27.863 UTC [27] LOG:  checkpoint complete: wrote 941 buffers (5.7%); 0 WAL file(s) added, 0 removed, 33 recycled; write=3.137 s, sync=0.215 s, total=3.423 s; sync files=77, longest=0.164 s, average=0.003 s; distance=543761 kB, estimate=544995 kB; lsn=12/B9650508, redo lsn=12/9B409D70
2026-09-26 18:00:29.000 UTC [27] LOG:  checkpoints are occurring too frequently (4 seconds apart)
2026-09-26 18:00:29.000 UTC [27] HINT:  Consider increasing the configuration parameter "max_wal_size".
2026-09-26 18:00:29.000 UTC [27] LOG:  checkpoint starting: wal
2026-09-26 18:00:34.190 UTC [27] LOG:  checkpoint complete: wrote 2336 buffers (14.3%); 0 WAL file(s) added, 0 removed, 33 recycled; write=4.940 s, sync=0.177 s, total=5.191 s; sync files=7, longest=0.146 s, average=0.026 s; distance=539574 kB, estimate=544453 kB; lsn=12/DA340238, redo lsn=12/BC2F7798
2026-09-26 18:00:35.619 UTC [27] LOG:  checkpoints are occurring too frequently (7 seconds apart)
2026-09-26 18:00:35.619 UTC [27] HINT:  Consider increasing the configuration parameter "max_wal_size".
2026-09-26 18:00:35.619 UTC [27] LOG:  checkpoint starting: wal
2026-09-26 18:00:39.489 UTC [27] LOG:  checkpoint complete: wrote 2328 buffers (14.2%); 0 WAL file(s) added, 1 removed, 32 recycled; write=3.603 s, sync=0.175 s, total=3.871 s; sync files=7, longest=0.138 s, average=0.025 s; distance=538888 kB, estimate=543897 kB; lsn=12/FC89DC40, redo lsn=12/DD1399C0
2026-09-26 18:00:39.551 UTC [27] LOG:  checkpoints are occurring too frequently (4 seconds apart)
2026-09-26 18:00:39.551 UTC [27] HINT:  Consider increasing the configuration parameter "max_wal_size".
2026-09-26 18:00:39.551 UTC [27] LOG:  checkpoint starting: wal
2026-09-26 18:00:58.744 UTC [27] LOG:  checkpoint complete: wrote 1604 buffers (9.8%); 0 WAL file(s) added, 2 removed, 31 recycled; write=18.899 s, sync=0.211 s, total=19.193 s; sync files=19, longest=0.087 s, average=0.012 s; distance=543522 kB, estimate=543859 kB; lsn=13/1E7FEA90, redo lsn=12/FE402480
2026-09-26 18:00:58.744 UTC [27] LOG:  checkpoints are occurring too frequently (19 seconds apart)
2026-09-26 18:00:58.744 UTC [27] HINT:  Consider increasing the configuration parameter "max_wal_size".
2026-09-26 18:00:58.744 UTC [27] LOG:  checkpoint starting: wal
2026-09-26 18:01:04.374 UTC [27] LOG:  checkpoint complete: wrote 2224 buffers (13.6%); 0 WAL file(s) added, 0 removed, 33 recycled; write=5.309 s, sync=0.233 s, total=5.630 s; sync files=8, longest=0.148 s, average=0.030 s; distance=550087 kB, estimate=550087 kB; lsn=13/3DF2FEB0, redo lsn=13/1FD34450
2026-09-26 18:01:05.442 UTC [27] LOG:  checkpoints are occurring too frequently (7 seconds apart)
2026-09-26 18:01:05.442 UTC [27] HINT:  Consider increasing the configuration parameter "max_wal_size".
2026-09-26 18:01:05.442 UTC [27] LOG:  checkpoint starting: wal
2026-09-26 18:01:10.883 UTC [27] LOG:  checkpoint complete: wrote 2336 buffers (14.3%); 0 WAL file(s) added, 0 removed, 33 recycled; write=5.143 s, sync=0.216 s, total=5.442 s; sync files=13, longest=0.150 s, average=0.017 s; distance=529630 kB, estimate=548042 kB; lsn=13/5E458BE0, redo lsn=13/4026BD28
2026-09-26 18:01:34.630 UTC [27] LOG:  checkpoints are occurring too frequently (29 seconds apart)
2026-09-26 18:01:34.630 UTC [27] HINT:  Consider increasing the configuration parameter "max_wal_size".
2026-09-26 18:01:34.630 UTC [27] LOG:  checkpoint starting: wal
2026-09-26 18:01:45.462 UTC [27] LOG:  checkpoint complete: wrote 14 buffers (0.1%); 0 WAL file(s) added, 0 removed, 33 recycled; write=10.528 s, sync=0.221 s, total=10.832 s; sync files=81, longest=0.165 s, average=0.003 s; distance=538730 kB, estimate=547111 kB; lsn=13/7FA516D8, redo lsn=13/610867A8
2026-09-26 18:01:46.169 UTC [27] LOG:  checkpoints are occurring too frequently (12 seconds apart)
2026-09-26 18:01:46.169 UTC [27] HINT:  Consider increasing the configuration parameter "max_wal_size".
2026-09-26 18:01:46.169 UTC [27] LOG:  checkpoint starting: wal
2026-09-26 18:01:51.061 UTC [27] LOG:  checkpoint complete: wrote 2239 buffers (13.7%); 0 WAL file(s) added, 0 removed, 33 recycled; write=4.641 s, sync=0.175 s, total=4.892 s; sync files=6, longest=0.149 s, average=0.030 s; distance=541165 kB, estimate=546516 kB; lsn=13/A01C5E30, redo lsn=13/82101D90
2026-09-26 18:01:52.507 UTC [27] LOG:  checkpoints are occurring too frequently (6 seconds apart)
2026-09-26 18:01:52.507 UTC [27] HINT:  Consider increasing the configuration parameter "max_wal_size".
2026-09-26 18:01:52.507 UTC [27] LOG:  checkpoint starting: wal
2026-09-26 18:01:57.065 UTC [27] LOG:  checkpoint complete: wrote 2234 buffers (13.6%); 0 WAL file(s) added, 0 removed, 33 recycled; write=4.308 s, sync=0.178 s, total=4.559 s; sync files=17, longest=0.145 s, average=0.011 s; distance=541333 kB, estimate=545998 kB; lsn=13/C134AAF0, redo lsn=13/A31A71F0
2026-09-26 18:01:57.530 UTC [27] LOG:  checkpoints are occurring too frequently (5 seconds apart)
2026-09-26 18:01:57.530 UTC [27] HINT:  Consider increasing the configuration parameter "max_wal_size".
2026-09-26 18:01:57.530 UTC [27] LOG:  checkpoint starting: wal
2026-09-26 18:02:18.577 UTC [27] LOG:  checkpoint complete: wrote 2014 buffers (12.3%); 0 WAL file(s) added, 1 removed, 32 recycled; write=20.799 s, sync=0.163 s, total=21.047 s; sync files=10, longest=0.068 s, average=0.017 s; distance=543097 kB, estimate=545708 kB; lsn=13/E36EDB68, redo lsn=13/C4405728
2026-09-26 18:02:18.608 UTC [27] LOG:  checkpoints are occurring too frequently (21 seconds apart)
2026-09-26 18:02:18.608 UTC [27] HINT:  Consider increasing the configuration parameter "max_wal_size".
2026-09-26 18:02:18.608 UTC [27] LOG:  checkpoint starting: wal
2026-09-26 18:02:24.008 UTC [27] LOG:  checkpoint complete: wrote 2166 buffers (13.2%); 0 WAL file(s) added, 0 removed, 33 recycled; write=5.138 s, sync=0.181 s, total=5.401 s; sync files=6, longest=0.155 s, average=0.031 s; distance=540693 kB, estimate=545206 kB; lsn=14/34AF020, redo lsn=13/E540AC88
2026-09-26 18:02:25.508 UTC [27] LOG:  checkpoints are occurring too frequently (7 seconds apart)
2026-09-26 18:02:25.508 UTC [27] HINT:  Consider increasing the configuration parameter "max_wal_size".
2026-09-26 18:02:25.508 UTC [27] LOG:  checkpoint starting: wal
2026-09-26 18:02:30.832 UTC [27] LOG:  checkpoint complete: wrote 2269 buffers (13.8%); 0 WAL file(s) added, 0 removed, 33 recycled; write=5.070 s, sync=0.181 s, total=5.325 s; sync files=6, longest=0.156 s, average=0.030 s; distance=537866 kB, estimate=544472 kB; lsn=14/24251B10, redo lsn=14/614D858
2026-09-26 18:02:54.672 UTC [27] LOG:  checkpoints are occurring too frequently (29 seconds apart)
2026-09-26 18:02:54.672 UTC [27] HINT:  Consider increasing the configuration parameter "max_wal_size".
2026-09-26 18:02:54.672 UTC [27] LOG:  checkpoint starting: wal
2026-09-26 18:03:09.622 UTC [27] LOG:  checkpoint complete: wrote 57 buffers (0.3%); 0 WAL file(s) added, 0 removed, 33 recycled; write=14.632 s, sync=0.238 s, total=14.951 s; sync files=82, longest=0.159 s, average=0.003 s; distance=540213 kB, estimate=544046 kB; lsn=14/45C70B68, redo lsn=14/270DAD60
2026-09-26 18:03:10.157 UTC [27] LOG:  checkpoints are occurring too frequently (16 seconds apart)
2026-09-26 18:03:10.157 UTC [27] HINT:  Consider increasing the configuration parameter "max_wal_size".
2026-09-26 18:03:10.157 UTC [27] LOG:  checkpoint starting: wal
2026-09-26 18:03:14.914 UTC [27] LOG:  checkpoint complete: wrote 2089 buffers (12.8%); 0 WAL file(s) added, 0 removed, 33 recycled; write=4.495 s, sync=0.180 s, total=4.757 s; sync files=6, longest=0.153 s, average=0.030 s; distance=540460 kB, estimate=543688 kB; lsn=14/6600E0A0, redo lsn=14/480A6030
2026-09-26 18:03:16.445 UTC [27] LOG:  checkpoints are occurring too frequently (6 seconds apart)
2026-09-26 18:03:16.445 UTC [27] HINT:  Consider increasing the configuration parameter "max_wal_size".
2026-09-26 18:03:16.445 UTC [27] LOG:  checkpoint starting: wal
2026-09-26 18:03:21.100 UTC [27] LOG:  checkpoint complete: wrote 2195 buffers (13.4%); 0 WAL file(s) added, 0 removed, 33 recycled; write=4.400 s, sync=0.183 s, total=4.655 s; sync files=6, longest=0.152 s, average=0.031 s; distance=541867 kB, estimate=543506 kB; lsn=14/8731FDA8, redo lsn=14/691D0FC8
2026-09-26 18:03:22.448 UTC [27] LOG:  checkpoints are occurring too frequently (6 seconds apart)
2026-09-26 18:03:22.448 UTC [27] HINT:  Consider increasing the configuration parameter "max_wal_size".
2026-09-26 18:03:22.448 UTC [27] LOG:  checkpoint starting: wal
2026-09-26 18:03:41.714 UTC [27] LOG:  checkpoint complete: wrote 2248 buffers (13.7%); 0 WAL file(s) added, 1 removed, 32 recycled; write=19.079 s, sync=0.099 s, total=19.267 s; sync files=10, longest=0.052 s, average=0.010 s; distance=542920 kB, estimate=543447 kB; lsn=14/A9606100, redo lsn=14/8A4030A8
2026-09-26 18:03:41.731 UTC [27] LOG:  checkpoints are occurring too frequently (19 seconds apart)
2026-09-26 18:03:41.731 UTC [27] HINT:  Consider increasing the configuration parameter "max_wal_size".
2026-09-26 18:03:41.731 UTC [27] LOG:  checkpoint starting: wal
2026-09-26 18:03:46.729 UTC [27] LOG:  checkpoint complete: wrote 2013 buffers (12.3%); 0 WAL file(s) added, 0 removed, 33 recycled; write=4.716 s, sync=0.195 s, total=4.999 s; sync files=5, longest=0.173 s, average=0.039 s; distance=538450 kB, estimate=542947 kB; lsn=14/C91B7F50, redo lsn=14/AB1D7B88
2026-09-26 18:03:48.229 UTC [27] LOG:  checkpoints are occurring too frequently (7 seconds apart)
2026-09-26 18:03:48.229 UTC [27] HINT:  Consider increasing the configuration parameter "max_wal_size".
2026-09-26 18:03:48.229 UTC [27] LOG:  checkpoint starting: wal
2026-09-26 18:03:52.931 UTC [27] LOG:  checkpoint complete: wrote 2218 buffers (13.5%); 0 WAL file(s) added, 0 removed, 33 recycled; write=4.438 s, sync=0.194 s, total=4.702 s; sync files=14, longest=0.162 s, average=0.014 s; distance=540281 kB, estimate=542681 kB; lsn=14/EA092088, redo lsn=14/CC176278
2026-09-26 18:03:54.574 UTC [27] LOG:  checkpoints are occurring too frequently (6 seconds apart)
2026-09-26 18:03:54.574 UTC [27] HINT:  Consider increasing the configuration parameter "max_wal_size".
2026-09-26 18:03:54.574 UTC [27] LOG:  checkpoint starting: wal
2026-09-26 18:04:28.670 UTC [27] LOG:  checkpoint complete: wrote 1430 buffers (8.7%); 0 WAL file(s) added, 2 removed, 31 recycled; write=33.889 s, sync=0.129 s, total=34.096 s; sync files=79, longest=0.067 s, average=0.002 s; distance=541805 kB, estimate=542593 kB; lsn=15/D75BBF8, redo lsn=14/ED291788
2026-09-26 18:04:28.670 UTC [27] LOG:  checkpoint starting: wal
2026-09-26 18:04:33.160 UTC [27] LOG:  checkpoint complete: wrote 2012 buffers (12.3%); 0 WAL file(s) added, 0 removed, 33 recycled; write=4.220 s, sync=0.197 s, total=4.491 s; sync files=9, longest=0.172 s, average=0.022 s; distance=550596 kB, estimate=550596 kB; lsn=15/2CCB92F0, redo lsn=15/EC42858
2026-09-26 18:04:34.301 UTC [27] LOG:  checkpoints are occurring too frequently (6 seconds apart)
2026-09-26 18:04:34.301 UTC [27] HINT:  Consider increasing the configuration parameter "max_wal_size".
2026-09-26 18:04:34.302 UTC [27] LOG:  checkpoint starting: wal
2026-09-26 18:04:38.709 UTC [27] LOG:  checkpoint complete: wrote 2107 buffers (12.9%); 0 WAL file(s) added, 0 removed, 33 recycled; write=4.139 s, sync=0.192 s, total=4.408 s; sync files=6, longest=0.168 s, average=0.032 s; distance=529703 kB, estimate=548506 kB; lsn=15/4D1E9560, redo lsn=15/2F18C608
2026-09-26 18:04:40.142 UTC [27] LOG:  checkpoints are occurring too frequently (6 seconds apart)
2026-09-26 18:04:40.142 UTC [27] HINT:  Consider increasing the configuration parameter "max_wal_size".
2026-09-26 18:04:40.142 UTC [27] LOG:  checkpoint starting: wal
2026-09-26 18:04:43.844 UTC [27] LOG:  checkpoint complete: wrote 2128 buffers (13.0%); 0 WAL file(s) added, 1 removed, 32 recycled; write=3.422 s, sync=0.187 s, total=3.702 s; sync files=6, longest=0.161 s, average=0.032 s; distance=540154 kB, estimate=547671 kB; lsn=15/6F400878, redo lsn=15/5010B058
2026-09-26 18:04:43.888 UTC [27] LOG:  checkpoints are occurring too frequently (3 seconds apart)
2026-09-26 18:04:43.888 UTC [27] HINT:  Consider increasing the configuration parameter "max_wal_size".
2026-09-26 18:04:43.888 UTC [27] LOG:  checkpoint starting: wal
2026-09-26 18:05:04.211 UTC [27] LOG:  checkpoint complete: wrote 2011 buffers (12.3%); 0 WAL file(s) added, 1 removed, 32 recycled; write=20.096 s, sync=0.136 s, total=20.324 s; sync files=20, longest=0.057 s, average=0.007 s; distance=543706 kB, estimate=547275 kB; lsn=15/90A5F318, redo lsn=15/71401970
2026-09-26 18:05:04.224 UTC [27] LOG:  checkpoints are occurring too frequently (21 seconds apart)
2026-09-26 18:05:04.224 UTC [27] HINT:  Consider increasing the configuration parameter "max_wal_size".
2026-09-26 18:05:04.224 UTC [27] LOG:  checkpoint starting: wal
2026-09-26 18:05:08.825 UTC [27] LOG:  checkpoint complete: wrote 2049 buffers (12.5%); 0 WAL file(s) added, 0 removed, 33 recycled; write=4.336 s, sync=0.193 s, total=4.602 s; sync files=7, longest=0.168 s, average=0.028 s; distance=540699 kB, estimate=546617 kB; lsn=15/B04ACD28, redo lsn=15/92408600
2026-09-26 18:05:10.254 UTC [27] LOG:  checkpoints are occurring too frequently (6 seconds apart)
2026-09-26 18:05:10.254 UTC [27] HINT:  Consider increasing the configuration parameter "max_wal_size".
2026-09-26 18:05:10.254 UTC [27] LOG:  checkpoint starting: wal
2026-09-26 18:05:14.698 UTC [27] LOG:  checkpoint complete: wrote 2094 buffers (12.8%); 0 WAL file(s) added, 0 removed, 33 recycled; write=4.181 s, sync=0.191 s, total=4.444 s; sync files=6, longest=0.166 s, average=0.032 s; distance=538728 kB, estimate=545828 kB; lsn=15/D11CF2C0, redo lsn=15/B32228E0
2026-09-26 18:05:16.218 UTC [27] LOG:  checkpoints are occurring too frequently (6 seconds apart)
2026-09-26 18:05:16.218 UTC [27] HINT:  Consider increasing the configuration parameter "max_wal_size".
2026-09-26 18:05:16.218 UTC [27] LOG:  checkpoint starting: wal
2026-09-26 18:05:51.121 UTC [27] LOG:  checkpoint complete: wrote 1982 buffers (12.1%); 0 WAL file(s) added, 1 removed, 32 recycled; write=34.740 s, sync=0.068 s, total=34.904 s; sync files=75, longest=0.013 s, average=0.001 s; distance=540850 kB, estimate=545330 kB; lsn=15/F371C3E0, redo lsn=15/D424F3A0
2026-09-26 18:05:51.445 UTC [27] LOG:  checkpoint starting: wal
2026-09-26 18:05:54.509 UTC [27] LOG:  checkpoint complete: wrote 3706 buffers (22.6%); 0 WAL file(s) added, 0 removed, 33 recycled; write=2.743 s, sync=0.242 s, total=3.064 s; sync files=17, longest=0.167 s, average=0.015 s; distance=542401 kB, estimate=545037 kB; lsn=16/139E18F8, redo lsn=15/F53FFA98
2026-09-26 18:05:55.438 UTC [27] LOG:  checkpoints are occurring too frequently (4 seconds apart)
2026-09-26 18:05:55.438 UTC [27] HINT:  Consider increasing the configuration parameter "max_wal_size".
2026-09-26 18:05:55.438 UTC [27] LOG:  checkpoint starting: wal
2026-09-26 18:05:59.827 UTC [27] LOG:  checkpoint complete: wrote 2156 buffers (13.2%); 0 WAL file(s) added, 0 removed, 33 recycled; write=4.038 s, sync=0.257 s, total=4.389 s; sync files=15, longest=0.157 s, average=0.018 s; distance=539763 kB, estimate=544510 kB; lsn=16/346A8558, redo lsn=16/1631C768
2026-09-26 18:06:01.160 UTC [27] LOG:  checkpoints are occurring too frequently (6 seconds apart)
2026-09-26 18:06:01.160 UTC [27] HINT:  Consider increasing the configuration parameter "max_wal_size".
2026-09-26 18:06:01.160 UTC [27] LOG:  checkpoint starting: wal
2026-09-26 18:06:05.309 UTC [27] LOG:  checkpoint complete: wrote 2096 buffers (12.8%); 0 WAL file(s) added, 0 removed, 33 recycled; write=3.827 s, sync=0.238 s, total=4.150 s; sync files=19, longest=0.167 s, average=0.013 s; distance=540165 kB, estimate=544075 kB; lsn=16/552DF4A8, redo lsn=16/3729DC20
2026-09-26 18:06:06.842 UTC [27] LOG:  checkpoints are occurring too frequently (5 seconds apart)
2026-09-26 18:06:06.842 UTC [27] HINT:  Consider increasing the configuration parameter "max_wal_size".
2026-09-26 18:06:06.842 UTC [27] LOG:  checkpoint starting: wal
2026-09-26 18:06:28.681 UTC [27] LOG:  checkpoint complete: wrote 1530 buffers (9.3%); 0 WAL file(s) added, 1 removed, 32 recycled; write=21.675 s, sync=0.077 s, total=21.839 s; sync files=13, longest=0.038 s, average=0.006 s; distance=539986 kB, estimate=543666 kB; lsn=16/7769B588, redo lsn=16/581F2428
2026-09-26 18:06:28.692 UTC [27] LOG:  checkpoints are occurring too frequently (22 seconds apart)
2026-09-26 18:06:28.692 UTC [27] HINT:  Consider increasing the configuration parameter "max_wal_size".
2026-09-26 18:06:28.692 UTC [27] LOG:  checkpoint starting: wal
2026-09-26 18:06:33.040 UTC [27] LOG:  checkpoint complete: wrote 1067 buffers (6.5%); 0 WAL file(s) added, 0 removed, 33 recycled; write=4.064 s, sync=0.211 s, total=4.349 s; sync files=5, longest=0.193 s, average=0.043 s; distance=542806 kB, estimate=543580 kB; lsn=16/97236098, redo lsn=16/79407DC0
2026-09-26 18:06:34.587 UTC [27] LOG:  checkpoints are occurring too frequently (6 seconds apart)
2026-09-26 18:06:34.587 UTC [27] HINT:  Consider increasing the configuration parameter "max_wal_size".
2026-09-26 18:06:34.587 UTC [27] LOG:  checkpoint starting: wal
2026-09-26 18:06:38.859 UTC [27] LOG:  checkpoint complete: wrote 2069 buffers (12.6%); 0 WAL file(s) added, 0 removed, 33 recycled; write=4.015 s, sync=0.184 s, total=4.273 s; sync files=6, longest=0.162 s, average=0.031 s; distance=537071 kB, estimate=542930 kB; lsn=16/B7E9F288, redo lsn=16/9A083D80
2026-09-26 18:06:40.406 UTC [27] LOG:  checkpoints are occurring too frequently (6 seconds apart)
2026-09-26 18:06:40.406 UTC [27] HINT:  Consider increasing the configuration parameter "max_wal_size".
2026-09-26 18:06:40.406 UTC [27] LOG:  checkpoint starting: wal
2026-09-26 18:07:07.752 UTC [27] LOG:  checkpoint complete: wrote 1907 buffers (11.6%); 0 WAL file(s) added, 0 removed, 33 recycled; write=27.066 s, sync=0.216 s, total=27.347 s; sync files=22, longest=0.172 s, average=0.010 s; distance=541151 kB, estimate=542752 kB; lsn=16/D8D72BE8, redo lsn=16/BB0FBC20
2026-09-26 18:07:19.619 UTC [27] LOG:  checkpoint starting: wal
2026-09-26 18:07:22.470 UTC [27] LOG:  checkpoint complete: wrote 685 buffers (4.2%); 0 WAL file(s) added, 0 removed, 33 recycled; write=2.549 s, sync=0.224 s, total=2.852 s; sync files=76, longest=0.177 s, average=0.003 s; distance=543806 kB, estimate=543806 kB; lsn=16/FA96AA98, redo lsn=16/DC40B7B8
2026-09-26 18:07:23.097 UTC [27] LOG:  checkpoints are occurring too frequently (4 seconds apart)
2026-09-26 18:07:23.097 UTC [27] HINT:  Consider increasing the configuration parameter "max_wal_size".
2026-09-26 18:07:23.098 UTC [27] LOG:  checkpoint starting: wal
2026-09-26 18:07:26.936 UTC [27] LOG:  checkpoint complete: wrote 1879 buffers (11.5%); 0 WAL file(s) added, 0 removed, 33 recycled; write=3.576 s, sync=0.186 s, total=3.839 s; sync files=6, longest=0.166 s, average=0.031 s; distance=539893 kB, estimate=543415 kB; lsn=17/1B0DB978, redo lsn=16/FD348EC8
2026-09-26 18:07:28.283 UTC [27] LOG:  checkpoints are occurring too frequently (5 seconds apart)
2026-09-26 18:07:28.283 UTC [27] HINT:  Consider increasing the configuration parameter "max_wal_size".
2026-09-26 18:07:28.283 UTC [27] LOG:  checkpoint starting: wal
2026-09-26 18:07:32.174 UTC [27] LOG:  checkpoint complete: wrote 1966 buffers (12.0%); 0 WAL file(s) added, 0 removed, 33 recycled; write=3.613 s, sync=0.193 s, total=3.891 s; sync files=6, longest=0.170 s, average=0.033 s; distance=537742 kB, estimate=542848 kB; lsn=17/3C2D27C8, redo lsn=17/1E06C8D0
2026-09-26 18:07:33.510 UTC [27] LOG:  checkpoints are occurring too frequently (5 seconds apart)
2026-09-26 18:07:33.510 UTC [27] HINT:  Consider increasing the configuration parameter "max_wal_size".
2026-09-26 18:07:33.510 UTC [27] LOG:  checkpoint starting: wal
2026-09-26 18:07:37.040 UTC [27] LOG:  checkpoint complete: wrote 2014 buffers (12.3%); 0 WAL file(s) added, 0 removed, 33 recycled; write=3.219 s, sync=0.197 s, total=3.530 s; sync files=6, longest=0.178 s, average=0.033 s; distance=542463 kB, estimate=542809 kB; lsn=17/5DAB1D58, redo lsn=17/3F22C768
2026-09-26 18:07:37.081 UTC [27] LOG:  checkpoints are occurring too frequently (4 seconds apart)
2026-09-26 18:07:37.081 UTC [27] HINT:  Consider increasing the configuration parameter "max_wal_size".
2026-09-26 18:07:37.081 UTC [27] LOG:  checkpoint starting: wal
2026-09-26 18:07:59.094 UTC [27] LOG:  checkpoint complete: wrote 1997 buffers (12.2%); 0 WAL file(s) added, 1 removed, 32 recycled; write=21.801 s, sync=0.132 s, total=22.014 s; sync files=23, longest=0.053 s, average=0.006 s; distance=542543 kB, estimate=542783 kB; lsn=17/7F402860, redo lsn=17/60400380
2026-09-26 18:07:59.119 UTC [27] LOG:  checkpoints are occurring too frequently (22 seconds apart)
2026-09-26 18:07:59.119 UTC [27] HINT:  Consider increasing the configuration parameter "max_wal_size".
2026-09-26 18:07:59.119 UTC [27] LOG:  checkpoint starting: wal
2026-09-26 18:08:03.186 UTC [27] LOG:  checkpoint complete: wrote 1490 buffers (9.1%); 0 WAL file(s) added, 0 removed, 33 recycled; write=3.780 s, sync=0.206 s, total=4.068 s; sync files=7, longest=0.187 s, average=0.030 s; distance=540707 kB, estimate=542575 kB; lsn=17/9F5BCB50, redo lsn=17/81409100
2026-09-26 18:08:04.522 UTC [27] LOG:  checkpoints are occurring too frequently (5 seconds apart)
2026-09-26 18:08:04.522 UTC [27] HINT:  Consider increasing the configuration parameter "max_wal_size".
2026-09-26 18:08:04.522 UTC [27] LOG:  checkpoint starting: wal
2026-09-26 18:08:08.509 UTC [27] LOG:  checkpoint complete: wrote 2091 buffers (12.8%); 0 WAL file(s) added, 0 removed, 33 recycled; write=3.718 s, sync=0.198 s, total=3.988 s; sync files=7, longest=0.173 s, average=0.029 s; distance=537652 kB, estimate=542083 kB; lsn=17/BFF4D3A0, redo lsn=17/A2116328
2026-09-26 18:08:09.989 UTC [27] LOG:  checkpoints are occurring too frequently (5 seconds apart)
2026-09-26 18:08:09.989 UTC [27] HINT:  Consider increasing the configuration parameter "max_wal_size".
2026-09-26 18:08:09.990 UTC [27] LOG:  checkpoint starting: wal
2026-09-26 18:08:13.791 UTC [27] LOG:  checkpoint complete: wrote 2025 buffers (12.4%); 0 WAL file(s) added, 0 removed, 33 recycled; write=3.529 s, sync=0.198 s, total=3.802 s; sync files=5, longest=0.177 s, average=0.040 s; distance=540754 kB, estimate=541950 kB; lsn=17/E10576C0, redo lsn=17/C312AEA0
2026-09-26 18:08:38.847 UTC [27] LOG:  checkpoints are occurring too frequently (29 seconds apart)
2026-09-26 18:08:38.847 UTC [27] HINT:  Consider increasing the configuration parameter "max_wal_size".
2026-09-26 18:08:38.847 UTC [27] LOG:  checkpoint starting: wal
2026-09-26 18:08:51.697 UTC [27] LOG:  checkpoint complete: wrote 24 buffers (0.1%); 0 WAL file(s) added, 1 removed, 32 recycled; write=12.528 s, sync=0.241 s, total=12.850 s; sync files=78, longest=0.174 s, average=0.004 s; distance=540033 kB, estimate=541758 kB; lsn=18/35FD9B0, redo lsn=17/E408B508
2026-09-26 18:08:51.974 UTC [27] LOG:  checkpoints are occurring too frequently (13 seconds apart)
2026-09-26 18:08:51.974 UTC [27] HINT:  Consider increasing the configuration parameter "max_wal_size".
2026-09-26 18:08:51.974 UTC [27] LOG:  checkpoint starting: wal
2026-09-26 18:08:55.889 UTC [27] LOG:  checkpoint complete: wrote 1954 buffers (11.9%); 0 WAL file(s) added, 0 removed, 33 recycled; write=3.585 s, sync=0.241 s, total=3.916 s; sync files=8, longest=0.175 s, average=0.031 s; distance=543242 kB, estimate=543242 kB; lsn=18/235DDD10, redo lsn=18/530DF00
2026-09-26 18:08:57.114 UTC [27] LOG:  checkpoints are occurring too frequently (6 seconds apart)
2026-09-26 18:08:57.114 UTC [27] HINT:  Consider increasing the configuration parameter "max_wal_size".
2026-09-26 18:08:57.114 UTC [27] LOG:  checkpoint starting: wal
2026-09-26 18:09:00.855 UTC [27] LOG:  checkpoint complete: wrote 1944 buffers (11.9%); 0 WAL file(s) added, 0 removed, 33 recycled; write=3.403 s, sync=0.254 s, total=3.742 s; sync files=8, longest=0.177 s, average=0.032 s; distance=539213 kB, estimate=542839 kB; lsn=18/44313B18, redo lsn=18/261A1690
2026-09-26 18:09:02.077 UTC [27] LOG:  checkpoints are occurring too frequently (5 seconds apart)
2026-09-26 18:09:02.077 UTC [27] HINT:  Consider increasing the configuration parameter "max_wal_size".
2026-09-26 18:09:02.077 UTC [27] LOG:  checkpoint starting: wal
2026-09-26 18:09:05.826 UTC [27] LOG:  checkpoint complete: wrote 1969 buffers (12.0%); 0 WAL file(s) added, 0 removed, 33 recycled; write=3.398 s, sync=0.260 s, total=3.750 s; sync files=7, longest=0.183 s, average=0.037 s; distance=540734 kB, estimate=542629 kB; lsn=18/655D37D0, redo lsn=18/471B0FD0
2026-09-26 18:09:06.762 UTC [27] LOG:  checkpoints are occurring too frequently (4 seconds apart)
2026-09-26 18:09:06.762 UTC [27] HINT:  Consider increasing the configuration parameter "max_wal_size".
2026-09-26 18:09:06.762 UTC [27] LOG:  checkpoint starting: wal
2026-09-26 18:09:30.488 UTC [27] LOG:  checkpoint complete: wrote 2268 buffers (13.8%); 0 WAL file(s) added, 1 removed, 32 recycled; write=23.018 s, sync=0.222 s, total=23.727 s; sync files=17, longest=0.112 s, average=0.014 s; distance=541268 kB, estimate=542493 kB; lsn=18/87AFC120, redo lsn=18/682462F8
2026-09-26 18:09:30.489 UTC [27] LOG:  checkpoints are occurring too frequently (24 seconds apart)
2026-09-26 18:09:30.489 UTC [27] HINT:  Consider increasing the configuration parameter "max_wal_size".
2026-09-26 18:09:30.489 UTC [27] LOG:  checkpoint starting: wal
2026-09-26 18:09:35.582 UTC [27] LOG:  checkpoint complete: wrote 2275 buffers (13.9%); 0 WAL file(s) added, 5 removed, 33 recycled; write=4.075 s, sync=0.592 s, total=5.094 s; sync files=6, longest=0.545 s, average=0.099 s; distance=620833 kB, estimate=620833 kB; lsn=18/AC2133E8, redo lsn=18/8E08E6F8
2026-09-26 18:09:36.738 UTC [27] LOG:  checkpoints are occurring too frequently (6 seconds apart)
2026-09-26 18:09:36.738 UTC [27] HINT:  Consider increasing the configuration parameter "max_wal_size".
2026-09-26 18:09:36.738 UTC [27] LOG:  checkpoint starting: wal
2026-09-26 18:09:41.480 UTC [27] LOG:  checkpoint complete: wrote 2371 buffers (14.5%); 0 WAL file(s) added, 0 removed, 33 recycled; write=3.817 s, sync=0.491 s, total=4.743 s; sync files=6, longest=0.430 s, average=0.082 s; distance=542368 kB, estimate=612986 kB; lsn=18/CD4047B8, redo lsn=18/AF2369B8
2026-09-26 18:09:42.483 UTC [27] LOG:  checkpoints are occurring too frequently (6 seconds apart)
2026-09-26 18:09:42.483 UTC [27] HINT:  Consider increasing the configuration parameter "max_wal_size".
2026-09-26 18:09:42.483 UTC [27] LOG:  checkpoint starting: wal
2026-09-26 18:09:47.290 UTC [27] LOG:  checkpoint complete: wrote 2216 buffers (13.5%); 0 WAL file(s) added, 0 removed, 33 recycled; write=3.899 s, sync=0.499 s, total=4.807 s; sync files=6, longest=0.440 s, average=0.083 s; distance=540845 kB, estimate=605772 kB; lsn=18/EE359A48, redo lsn=18/D0261F70
2026-09-26 18:09:48.366 UTC [27] LOG:  checkpoints are occurring too frequently (6 seconds apart)
2026-09-26 18:09:48.366 UTC [27] HINT:  Consider increasing the configuration parameter "max_wal_size".
2026-09-26 18:09:48.366 UTC [27] LOG:  checkpoint starting: wal
2026-09-26 18:10:25.083 UTC [27] LOG:  checkpoint complete: wrote 2267 buffers (13.8%); 0 WAL file(s) added, 2 removed, 31 recycled; write=36.470 s, sync=0.136 s, total=36.717 s; sync files=76, longest=0.069 s, average=0.002 s; distance=538441 kB, estimate=599039 kB; lsn=19/11F70B20, redo lsn=18/F10343F8
2026-09-26 18:10:25.083 UTC [27] LOG:  checkpoint starting: wal
2026-09-26 18:10:28.821 UTC [27] LOG:  checkpoint complete: wrote 1753 buffers (10.7%); 0 WAL file(s) added, 1 removed, 33 recycled; write=3.364 s, sync=0.297 s, total=3.738 s; sync files=9, longest=0.278 s, average=0.033 s; distance=562317 kB, estimate=595367 kB; lsn=19/31479420, redo lsn=19/135579F8
2026-09-26 18:10:29.963 UTC [27] LOG:  checkpoints are occurring too frequently (4 seconds apart)
2026-09-26 18:10:29.963 UTC [27] HINT:  Consider increasing the configuration parameter "max_wal_size".
2026-09-26 18:10:29.963 UTC [27] LOG:  checkpoint starting: wal
2026-09-26 18:10:33.466 UTC [27] LOG:  checkpoint complete: wrote 1946 buffers (11.9%); 0 WAL file(s) added, 0 removed, 33 recycled; write=3.216 s, sync=0.197 s, total=3.503 s; sync files=5, longest=0.178 s, average=0.040 s; distance=536282 kB, estimate=589458 kB; lsn=19/523819F8, redo lsn=19/3410E408
2026-09-26 18:10:34.640 UTC [27] LOG:  checkpoints are occurring too frequently (5 seconds apart)
2026-09-26 18:10:34.640 UTC [27] HINT:  Consider increasing the configuration parameter "max_wal_size".
2026-09-26 18:10:34.640 UTC [27] LOG:  checkpoint starting: wal
2026-09-26 18:10:38.111 UTC [27] LOG:  checkpoint complete: wrote 1908 buffers (11.6%); 0 WAL file(s) added, 0 removed, 33 recycled; write=3.193 s, sync=0.201 s, total=3.471 s; sync files=6, longest=0.180 s, average=0.034 s; distance=541032 kB, estimate=584616 kB; lsn=19/7364F478, redo lsn=19/55168638
2026-09-26 18:10:39.216 UTC [27] LOG:  checkpoints are occurring too frequently (5 seconds apart)
2026-09-26 18:10:39.216 UTC [27] HINT:  Consider increasing the configuration parameter "max_wal_size".
2026-09-26 18:10:39.216 UTC [27] LOG:  checkpoint starting: wal
2026-09-26 18:10:42.938 UTC [27] LOG:  checkpoint complete: wrote 1811 buffers (11.1%); 0 WAL file(s) added, 1 removed, 32 recycled; write=3.424 s, sync=0.204 s, total=3.722 s; sync files=6, longest=0.185 s, average=0.034 s; distance=541374 kB, estimate=580291 kB; lsn=19/95400EC0, redo lsn=19/762181E0
2026-09-26 18:10:42.950 UTC [27] LOG:  checkpoints are occurring too frequently (3 seconds apart)
2026-09-26 18:10:42.950 UTC [27] HINT:  Consider increasing the configuration parameter "max_wal_size".
2026-09-26 18:10:42.950 UTC [27] LOG:  checkpoint starting: wal
2026-09-26 18:11:08.834 UTC [27] LOG:  checkpoint complete: wrote 1983 buffers (12.1%); 0 WAL file(s) added, 2 removed, 31 recycled; write=25.095 s, sync=0.286 s, total=25.885 s; sync files=21, longest=0.113 s, average=0.014 s; distance=542645 kB, estimate=576527 kB; lsn=19/B7402508, redo lsn=19/97405880
2026-09-26 18:11:08.834 UTC [27] LOG:  checkpoints are occurring too frequently (26 seconds apart)
2026-09-26 18:11:08.834 UTC [27] HINT:  Consider increasing the configuration parameter "max_wal_size".
2026-09-26 18:11:08.834 UTC [27] LOG:  checkpoint starting: wal
2026-09-26 18:11:13.777 UTC [27] LOG:  checkpoint complete: wrote 2192 buffers (13.4%); 0 WAL file(s) added, 5 removed, 32 recycled; write=3.955 s, sync=0.546 s, total=4.944 s; sync files=7, longest=0.484 s, average=0.078 s; distance=616480 kB, estimate=616480 kB; lsn=19/DB190B68, redo lsn=19/BCE0D938
2026-09-26 18:11:14.400 UTC [27] LOG:  checkpoints are occurring too frequently (6 seconds apart)
2026-09-26 18:11:14.400 UTC [27] HINT:  Consider increasing the configuration parameter "max_wal_size".
2026-09-26 18:11:14.400 UTC [27] LOG:  checkpoint starting: wal
2026-09-26 18:11:20.222 UTC [27] LOG:  checkpoint complete: wrote 2143 buffers (13.1%); 0 WAL file(s) added, 0 removed, 33 recycled; write=3.745 s, sync=1.318 s, total=5.823 s; sync files=6, longest=1.121 s, average=0.220 s; distance=528805 kB, estimate=607712 kB; lsn=19/FBCFEA08, redo lsn=19/DD276DA0
2026-09-26 18:11:20.884 UTC [27] LOG:  checkpoints are occurring too frequently (6 seconds apart)
2026-09-26 18:11:20.884 UTC [27] HINT:  Consider increasing the configuration parameter "max_wal_size".
2026-09-26 18:11:20.884 UTC [27] LOG:  checkpoint starting: wal
2026-09-26 18:11:28.528 UTC [27] LOG:  checkpoint complete: wrote 2390 buffers (14.6%); 0 WAL file(s) added, 0 removed, 33 recycled; write=5.337 s, sync=1.703 s, total=7.644 s; sync files=5, longest=1.537 s, average=0.341 s; distance=539947 kB, estimate=600936 kB; lsn=1A/1C518E08, redo lsn=19/FE1C1D28
2026-09-26 18:11:29.360 UTC [27] LOG:  checkpoints are occurring too frequently (9 seconds apart)
2026-09-26 18:11:29.360 UTC [27] HINT:  Consider increasing the configuration parameter "max_wal_size".
2026-09-26 18:11:29.360 UTC [27] LOG:  checkpoint starting: wal
2026-09-26 18:11:56.955 UTC [762] ERROR:  canceling autovacuum task
2026-09-26 18:11:56.955 UTC [762] CONTEXT:  while scanning block 360379 of relation "silver.tbl_cip"
	automatic vacuum of table "energia_db.silver.tbl_cip"
2026-09-26 18:11:57.749 UTC [27] LOG:  checkpoint complete: wrote 2352 buffers (14.4%); 0 WAL file(s) added, 0 removed, 33 recycled; write=27.902 s, sync=0.258 s, total=28.390 s; sync files=22, longest=0.152 s, average=0.012 s; distance=539530 kB, estimate=594795 kB; lsn=1A/3CC42558, redo lsn=1A/1F0A4790
2026-09-26 18:12:10.091 UTC [27] LOG:  checkpoint starting: wal
2026-09-26 18:12:13.890 UTC [27] LOG:  checkpoint complete: wrote 576 buffers (3.5%); 0 WAL file(s) added, 1 removed, 32 recycled; write=2.737 s, sync=0.627 s, total=3.800 s; sync files=79, longest=0.455 s, average=0.008 s; distance=544153 kB, estimate=589731 kB; lsn=1A/5FE638B0, redo lsn=1A/4040ACD0
2026-09-26 18:12:13.891 UTC [27] LOG:  checkpoints are occurring too frequently (3 seconds apart)
2026-09-26 18:12:13.891 UTC [27] HINT:  Consider increasing the configuration parameter "max_wal_size".
2026-09-26 18:12:13.891 UTC [27] LOG:  checkpoint starting: wal
2026-09-26 18:12:18.222 UTC [27] LOG:  checkpoint complete: wrote 2127 buffers (13.0%); 0 WAL file(s) added, 0 removed, 33 recycled; write=3.448 s, sync=0.487 s, total=4.332 s; sync files=6, longest=0.443 s, average=0.082 s; distance=543354 kB, estimate=585093 kB; lsn=1A/7F736320, redo lsn=1A/616A9878
2026-09-26 18:12:19.047 UTC [27] LOG:  checkpoints are occurring too frequently (6 seconds apart)
2026-09-26 18:12:19.047 UTC [27] HINT:  Consider increasing the configuration parameter "max_wal_size".
2026-09-26 18:12:19.047 UTC [27] LOG:  checkpoint starting: wal
2026-09-26 18:12:23.320 UTC [27] LOG:  checkpoint complete: wrote 2070 buffers (12.6%); 0 WAL file(s) added, 0 removed, 33 recycled; write=3.331 s, sync=0.543 s, total=4.273 s; sync files=6, longest=0.490 s, average=0.091 s; distance=537391 kB, estimate=580323 kB; lsn=1A/A0343F08, redo lsn=1A/823755C8
2026-09-26 18:12:24.196 UTC [27] LOG:  checkpoints are occurring too frequently (5 seconds apart)
2026-09-26 18:12:24.196 UTC [27] HINT:  Consider increasing the configuration parameter "max_wal_size".
2026-09-26 18:12:24.197 UTC [27] LOG:  checkpoint starting: wal
2026-09-26 18:12:28.518 UTC [27] LOG:  checkpoint complete: wrote 2122 buffers (13.0%); 0 WAL file(s) added, 0 removed, 33 recycled; write=3.425 s, sync=0.498 s, total=4.322 s; sync files=5, longest=0.452 s, average=0.100 s; distance=539411 kB, estimate=576232 kB; lsn=1A/C16E5F90, redo lsn=1A/A323A1F0
2026-09-26 18:12:29.258 UTC [27] LOG:  checkpoints are occurring too frequently (5 seconds apart)
2026-09-26 18:12:29.258 UTC [27] HINT:  Consider increasing the configuration parameter "max_wal_size".
2026-09-26 18:12:29.258 UTC [27] LOG:  checkpoint starting: wal
2026-09-26 18:12:33.805 UTC [27] LOG:  checkpoint complete: wrote 2424 buffers (14.8%); 0 WAL file(s) added, 1 removed, 32 recycled; write=3.385 s, sync=0.577 s, total=4.548 s; sync files=6, longest=0.517 s, average=0.097 s; distance=540071 kB, estimate=572616 kB; lsn=1A/E3403C30, redo lsn=1A/C41A4030
2026-09-26 18:12:33.805 UTC [27] LOG:  checkpoints are occurring too frequently (4 seconds apart)
2026-09-26 18:12:33.805 UTC [27] HINT:  Consider increasing the configuration parameter "max_wal_size".
2026-09-26 18:12:33.805 UTC [27] LOG:  checkpoint starting: wal
2026-09-26 18:12:58.398 UTC [27] LOG:  checkpoint complete: wrote 1207 buffers (7.4%); 0 WAL file(s) added, 5 removed, 31 recycled; write=23.623 s, sync=0.445 s, total=24.594 s; sync files=10, longest=0.193 s, average=0.045 s; distance=603588 kB, estimate=603588 kB; lsn=1B/840E360, redo lsn=1A/E8F152E0
2026-09-26 18:12:58.398 UTC [27] LOG:  checkpoints are occurring too frequently (25 seconds apart)
2026-09-26 18:12:58.398 UTC [27] HINT:  Consider increasing the configuration parameter "max_wal_size".
2026-09-26 18:12:58.398 UTC [27] LOG:  checkpoint starting: wal
2026-09-26 18:13:03.276 UTC [27] LOG:  checkpoint complete: wrote 2385 buffers (14.6%); 0 WAL file(s) added, 6 removed, 33 recycled; write=3.694 s, sync=0.707 s, total=4.878 s; sync files=8, longest=0.527 s, average=0.089 s; distance=624353 kB, estimate=624353 kB; lsn=1B/2D5824A8, redo lsn=1B/F0CD938
2026-09-26 18:13:04.092 UTC [27] LOG:  checkpoints are occurring too frequently (6 seconds apart)
2026-09-26 18:13:04.092 UTC [27] HINT:  Consider increasing the configuration parameter "max_wal_size".
2026-09-26 18:13:04.093 UTC [27] LOG:  checkpoint starting: wal
2026-09-26 18:13:08.742 UTC [27] LOG:  checkpoint complete: wrote 2035 buffers (12.4%); 0 WAL file(s) added, 0 removed, 33 recycled; write=3.458 s, sync=0.755 s, total=4.650 s; sync files=6, longest=0.554 s, average=0.126 s; distance=542466 kB, estimate=616164 kB; lsn=1B/4EC71620, redo lsn=1B/3028E368
2026-09-26 18:13:09.366 UTC [27] LOG:  checkpoints are occurring too frequently (5 seconds apart)
2026-09-26 18:13:09.366 UTC [27] HINT:  Consider increasing the configuration parameter "max_wal_size".
2026-09-26 18:13:09.366 UTC [27] LOG:  checkpoint starting: wal
2026-09-26 18:13:13.752 UTC [27] LOG:  checkpoint complete: wrote 2334 buffers (14.2%); 0 WAL file(s) added, 0 removed, 33 recycled; write=3.369 s, sync=0.592 s, total=4.387 s; sync files=14, longest=0.444 s, average=0.043 s; distance=539635 kB, estimate=608511 kB; lsn=1B/6F9C42E8, redo lsn=1B/5118B260
2026-09-26 18:13:14.423 UTC [27] LOG:  checkpoints are occurring too frequently (5 seconds apart)
2026-09-26 18:13:14.423 UTC [27] HINT:  Consider increasing the configuration parameter "max_wal_size".
2026-09-26 18:13:14.423 UTC [27] LOG:  checkpoint starting: wal
2026-09-26 18:13:18.781 UTC [27] LOG:  checkpoint complete: wrote 2316 buffers (14.1%); 0 WAL file(s) added, 0 removed, 33 recycled; write=3.415 s, sync=0.546 s, total=4.359 s; sync files=7, longest=0.489 s, average=0.078 s; distance=539572 kB, estimate=601618 kB; lsn=1B/906B8EF8, redo lsn=1B/720784C0
2026-09-26 18:13:43.099 UTC [27] LOG:  checkpoints are occurring too frequently (29 seconds apart)
2026-09-26 18:13:43.099 UTC [27] HINT:  Consider increasing the configuration parameter "max_wal_size".
2026-09-26 18:13:43.099 UTC [27] LOG:  checkpoint starting: wal
2026-09-26 18:13:59.465 UTC [27] LOG:  checkpoint complete: wrote 58 buffers (0.4%); 0 WAL file(s) added, 1 removed, 32 recycled; write=15.844 s, sync=0.412 s, total=16.367 s; sync files=84, longest=0.344 s, average=0.005 s; distance=544282 kB, estimate=595884 kB; lsn=1B/B2A43B90, redo lsn=1B/933FF088
2026-09-26 18:13:59.594 UTC [27] LOG:  checkpoints are occurring too frequently (16 seconds apart)
2026-09-26 18:13:59.594 UTC [27] HINT:  Consider increasing the configuration parameter "max_wal_size".
2026-09-26 18:13:59.594 UTC [27] LOG:  checkpoint starting: wal
2026-09-26 18:14:02.764 UTC [27] LOG:  checkpoint complete: wrote 1845 buffers (11.3%); 0 WAL file(s) added, 0 removed, 33 recycled; write=2.880 s, sync=0.207 s, total=3.170 s; sync files=7, longest=0.184 s, average=0.030 s; distance=539733 kB, estimate=590269 kB; lsn=1B/D253CAF8, redo lsn=1B/B4314828
2026-09-26 18:14:03.698 UTC [27] LOG:  checkpoints are occurring too frequently (4 seconds apart)
2026-09-26 18:14:03.698 UTC [27] HINT:  Consider increasing the configuration parameter "max_wal_size".
2026-09-26 18:14:03.698 UTC [27] LOG:  checkpoint starting: wal
2026-09-26 18:14:06.865 UTC [27] LOG:  checkpoint complete: wrote 1579 buffers (9.6%); 0 WAL file(s) added, 0 removed, 33 recycled; write=2.867 s, sync=0.213 s, total=3.167 s; sync files=6, longest=0.192 s, average=0.036 s; distance=538912 kB, estimate=585133 kB; lsn=1B/F33FC478, redo lsn=1B/D515CAF0
2026-09-26 18:14:07.764 UTC [27] LOG:  checkpoints are occurring too frequently (4 seconds apart)
2026-09-26 18:14:07.764 UTC [27] HINT:  Consider increasing the configuration parameter "max_wal_size".
2026-09-26 18:14:07.764 UTC [27] LOG:  checkpoint starting: wal
2026-09-26 18:14:10.850 UTC [27] LOG:  checkpoint complete: wrote 1632 buffers (10.0%); 0 WAL file(s) added, 0 removed, 33 recycled; write=2.794 s, sync=0.209 s, total=3.086 s; sync files=5, longest=0.194 s, average=0.042 s; distance=539733 kB, estimate=580593 kB; lsn=1C/13FF92F0, redo lsn=1B/F6071EF8
2026-09-26 18:14:11.853 UTC [27] LOG:  checkpoints are occurring too frequently (4 seconds apart)
2026-09-26 18:14:11.853 UTC [27] HINT:  Consider increasing the configuration parameter "max_wal_size".
2026-09-26 18:14:11.853 UTC [27] LOG:  checkpoint starting: wal
2026-09-26 18:14:14.826 UTC [27] LOG:  checkpoint complete: wrote 1646 buffers (10.0%); 0 WAL file(s) added, 0 removed, 33 recycled; write=2.685 s, sync=0.216 s, total=2.974 s; sync files=6, longest=0.198 s, average=0.036 s; distance=543644 kB, estimate=576898 kB; lsn=1C/355008F0, redo lsn=1C/173590B0
2026-09-26 18:14:15.659 UTC [27] LOG:  checkpoints are occurring too frequently (4 seconds apart)
2026-09-26 18:14:15.659 UTC [27] HINT:  Consider increasing the configuration parameter "max_wal_size".
2026-09-26 18:14:15.659 UTC [27] LOG:  checkpoint starting: wal
2026-09-26 18:14:19.134 UTC [27] LOG:  checkpoint complete: wrote 1497 buffers (9.1%); 0 WAL file(s) added, 0 removed, 33 recycled; write=2.763 s, sync=0.314 s, total=3.476 s; sync files=6, longest=0.208 s, average=0.053 s; distance=538420 kB, estimate=573050 kB; lsn=1C/563EE788, redo lsn=1C/38126128
2026-09-26 18:14:28.220 UTC [27] LOG:  checkpoints are occurring too frequently (13 seconds apart)
2026-09-26 18:14:28.220 UTC [27] HINT:  Consider increasing the configuration parameter "max_wal_size".
2026-09-26 18:14:28.220 UTC [27] LOG:  checkpoint starting: wal
2026-09-26 18:14:44.780 UTC [27] LOG:  checkpoint complete: wrote 1520 buffers (9.3%); 0 WAL file(s) added, 1 removed, 32 recycled; write=15.718 s, sync=0.378 s, total=16.560 s; sync files=5, longest=0.209 s, average=0.076 s; distance=539719 kB, estimate=569717 kB; lsn=1C/784F7A08, redo lsn=1C/59038088
2026-09-26 18:14:44.780 UTC [27] LOG:  checkpoints are occurring too frequently (16 seconds apart)
2026-09-26 18:14:44.780 UTC [27] HINT:  Consider increasing the configuration parameter "max_wal_size".
2026-09-26 18:14:44.780 UTC [27] LOG:  checkpoint starting: wal
2026-09-26 18:14:49.324 UTC [27] LOG:  checkpoint complete: wrote 2135 buffers (13.0%); 0 WAL file(s) added, 4 removed, 32 recycled; write=3.515 s, sync=0.548 s, total=4.545 s; sync files=5, longest=0.501 s, average=0.110 s; distance=598306 kB, estimate=598306 kB; lsn=1C/9C0F43F0, redo lsn=1C/7D880A58
2026-09-26 18:14:49.755 UTC [27] LOG:  checkpoints are occurring too frequently (5 seconds apart)
2026-09-26 18:14:49.755 UTC [27] HINT:  Consider increasing the configuration parameter "max_wal_size".
2026-09-26 18:14:49.755 UTC [27] LOG:  checkpoint starting: wal
2026-09-26 18:14:54.326 UTC [27] LOG:  checkpoint complete: wrote 2148 buffers (13.1%); 0 WAL file(s) added, 0 removed, 33 recycled; write=3.644 s, sync=0.508 s, total=4.571 s; sync files=6, longest=0.465 s, average=0.085 s; distance=533211 kB, estimate=591796 kB; lsn=1C/BC64FAC0, redo lsn=1C/9E1377D0
2026-09-26 18:14:55.088 UTC [27] LOG:  checkpoints are occurring too frequently (6 seconds apart)
2026-09-26 18:14:55.088 UTC [27] HINT:  Consider increasing the configuration parameter "max_wal_size".
2026-09-26 18:14:55.088 UTC [27] LOG:  checkpoint starting: wal
2026-09-26 18:14:59.424 UTC [27] LOG:  checkpoint complete: wrote 2022 buffers (12.3%); 0 WAL file(s) added, 0 removed, 33 recycled; write=3.338 s, sync=0.545 s, total=4.336 s; sync files=6, longest=0.494 s, average=0.091 s; distance=540329 kB, estimate=586650 kB; lsn=1C/DD9CE4F8, redo lsn=1C/BF0E1E58
2026-09-26 18:15:00.024 UTC [27] LOG:  checkpoints are occurring too frequently (5 seconds apart)
2026-09-26 18:15:00.024 UTC [27] HINT:  Consider increasing the configuration parameter "max_wal_size".
2026-09-26 18:15:00.024 UTC [27] LOG:  checkpoint starting: wal
2026-09-26 18:15:04.235 UTC [27] LOG:  checkpoint complete: wrote 2109 buffers (12.9%); 0 WAL file(s) added, 0 removed, 33 recycled; write=3.184 s, sync=0.508 s, total=4.211 s; sync files=5, longest=0.453 s, average=0.102 s; distance=541835 kB, estimate=582168 kB; lsn=1C/FE67DD68, redo lsn=1C/E0204B80
2026-09-26 18:15:04.887 UTC [27] LOG:  checkpoints are occurring too frequently (4 seconds apart)
2026-09-26 18:15:04.887 UTC [27] HINT:  Consider increasing the configuration parameter "max_wal_size".
2026-09-26 18:15:04.887 UTC [27] LOG:  checkpoint starting: wal
2026-09-26 18:15:46.072 UTC [27] LOG:  checkpoint complete: wrote 2099 buffers (12.8%); 0 WAL file(s) added, 1 removed, 32 recycled; write=40.522 s, sync=0.241 s, total=41.185 s; sync files=75, longest=0.056 s, average=0.004 s; distance=541292 kB, estimate=578081 kB; lsn=1D/20C319C8, redo lsn=1D/129FD18
2026-09-26 18:15:46.200 UTC [27] LOG:  checkpoint starting: wal
2026-09-26 18:15:50.409 UTC [27] LOG:  checkpoint complete: wrote 2966 buffers (18.1%); 0 WAL file(s) added, 0 removed, 33 recycled; write=3.194 s, sync=0.597 s, total=4.209 s; sync files=14, longest=0.533 s, average=0.043 s; distance=542081 kB, estimate=574481 kB; lsn=1D/40B00620, redo lsn=1D/22400410
2026-09-26 18:15:50.937 UTC [27] LOG:  checkpoints are occurring too frequently (4 seconds apart)
2026-09-26 18:15:50.937 UTC [27] HINT:  Consider increasing the configuration parameter "max_wal_size".
2026-09-26 18:15:50.937 UTC [27] LOG:  checkpoint starting: wal
2026-09-26 18:15:55.147 UTC [27] LOG:  checkpoint complete: wrote 2373 buffers (14.5%); 0 WAL file(s) added, 0 removed, 33 recycled; write=3.145 s, sync=0.639 s, total=4.210 s; sync files=8, longest=0.476 s, average=0.080 s; distance=539558 kB, estimate=570988 kB; lsn=1D/61968448, redo lsn=1D/432E9DC8
2026-09-26 18:15:55.706 UTC [27] LOG:  checkpoints are occurring too frequently (5 seconds apart)
2026-09-26 18:15:55.706 UTC [27] HINT:  Consider increasing the configuration parameter "max_wal_size".
2026-09-26 18:15:55.706 UTC [27] LOG:  checkpoint starting: wal
2026-09-26 18:16:00.749 UTC [27] LOG:  checkpoint complete: wrote 1932 buffers (11.8%); 0 WAL file(s) added, 1 removed, 32 recycled; write=3.199 s, sync=0.875 s, total=5.044 s; sync files=9, longest=0.558 s, average=0.098 s; distance=540991 kB, estimate=567989 kB; lsn=1D/830B1408, redo lsn=1D/64339BC8
2026-09-26 18:16:00.760 UTC [27] LOG:  checkpoints are occurring too frequently (5 seconds apart)
2026-09-26 18:16:00.760 UTC [27] HINT:  Consider increasing the configuration parameter "max_wal_size".
2026-09-26 18:16:00.760 UTC [27] LOG:  checkpoint starting: wal
2026-09-26 18:16:04.943 UTC [27] LOG:  checkpoint complete: wrote 2688 buffers (16.4%); 0 WAL file(s) added, 0 removed, 33 recycled; write=3.058 s, sync=0.665 s, total=4.183 s; sync files=18, longest=0.552 s, average=0.038 s; distance=539093 kB, estimate=565099 kB; lsn=1D/A3C10C28, redo lsn=1D/851AF068
2026-09-26 18:16:05.471 UTC [27] LOG:  checkpoints are occurring too frequently (5 seconds apart)
2026-09-26 18:16:05.471 UTC [27] HINT:  Consider increasing the configuration parameter "max_wal_size".
2026-09-26 18:16:05.471 UTC [27] LOG:  checkpoint starting: wal
2026-09-26 18:16:09.570 UTC [27] LOG:  checkpoint complete: wrote 2327 buffers (14.2%); 0 WAL file(s) added, 1 removed, 32 recycled; write=3.063 s, sync=0.568 s, total=4.099 s; sync files=7, longest=0.506 s, average=0.081 s; distance=543040 kB, estimate=562893 kB; lsn=1D/C5114860, redo lsn=1D/A63FF398
2026-09-26 18:16:09.887 UTC [27] LOG:  checkpoints are occurring too frequently (4 seconds apart)
2026-09-26 18:16:09.887 UTC [27] HINT:  Consider increasing the configuration parameter "max_wal_size".
2026-09-26 18:16:09.887 UTC [27] LOG:  checkpoint starting: wal
2026-09-26 18:16:36.878 UTC [27] LOG:  checkpoint complete: wrote 2140 buffers (13.1%); 0 WAL file(s) added, 1 removed, 32 recycled; write=26.350 s, sync=0.212 s, total=26.991 s; sync files=13, longest=0.150 s, average=0.017 s; distance=536807 kB, estimate=560285 kB; lsn=1D/E60B4168, redo lsn=1D/C7039168
2026-09-26 18:16:37.015 UTC [27] LOG:  checkpoints are occurring too frequently (28 seconds apart)
2026-09-26 18:16:37.015 UTC [27] HINT:  Consider increasing the configuration parameter "max_wal_size".
2026-09-26 18:16:37.015 UTC [27] LOG:  checkpoint starting: wal
2026-09-26 18:16:41.353 UTC [27] LOG:  checkpoint complete: wrote 2612 buffers (15.9%); 0 WAL file(s) added, 0 removed, 33 recycled; write=3.282 s, sync=0.625 s, total=4.338 s; sync files=6, longest=0.574 s, average=0.105 s; distance=544583 kB, estimate=558714 kB; lsn=1E/6756388, redo lsn=1D/E840AFF0
2026-09-26 18:16:41.993 UTC [27] LOG:  checkpoints are occurring too frequently (4 seconds apart)
2026-09-26 18:16:41.993 UTC [27] HINT:  Consider increasing the configuration parameter "max_wal_size".
2026-09-26 18:16:41.993 UTC [27] LOG:  checkpoint starting: wal
2026-09-26 18:16:46.205 UTC [27] LOG:  checkpoint complete: wrote 2264 buffers (13.8%); 0 WAL file(s) added, 0 removed, 33 recycled; write=3.206 s, sync=0.589 s, total=4.212 s; sync files=6, longest=0.531 s, average=0.099 s; distance=538170 kB, estimate=556660 kB; lsn=1E/27396068, redo lsn=1E/9199A30
2026-09-26 18:16:46.925 UTC [27] LOG:  checkpoints are occurring too frequently (5 seconds apart)
2026-09-26 18:16:46.925 UTC [27] HINT:  Consider increasing the configuration parameter "max_wal_size".
2026-09-26 18:16:46.925 UTC [27] LOG:  checkpoint starting: wal
2026-09-26 18:16:51.045 UTC [27] LOG:  checkpoint complete: wrote 2169 buffers (13.2%); 0 WAL file(s) added, 0 removed, 33 recycled; write=3.176 s, sync=0.520 s, total=4.120 s; sync files=5, longest=0.482 s, average=0.104 s; distance=542633 kB, estimate=555257 kB; lsn=1E/486F8260, redo lsn=1E/2A383F18
2026-09-26 18:16:51.662 UTC [27] LOG:  checkpoints are occurring too frequently (5 seconds apart)
2026-09-26 18:16:51.662 UTC [27] HINT:  Consider increasing the configuration parameter "max_wal_size".
2026-09-26 18:16:51.662 UTC [27] LOG:  checkpoint starting: wal
2026-09-26 18:16:55.782 UTC [27] LOG:  checkpoint complete: wrote 2292 buffers (14.0%); 0 WAL file(s) added, 0 removed, 33 recycled; write=3.118 s, sync=0.572 s, total=4.121 s; sync files=6, longest=0.522 s, average=0.096 s; distance=540740 kB, estimate=553805 kB; lsn=1E/694F0478, redo lsn=1E/4B395000
2026-09-26 18:16:56.338 UTC [27] LOG:  checkpoints are occurring too frequently (5 seconds apart)
2026-09-26 18:16:56.338 UTC [27] HINT:  Consider increasing the configuration parameter "max_wal_size".
2026-09-26 18:16:56.338 UTC [27] LOG:  checkpoint starting: wal
2026-09-26 18:17:00.413 UTC [27] LOG:  checkpoint complete: wrote 1882 buffers (11.5%); 0 WAL file(s) added, 0 removed, 33 recycled; write=3.133 s, sync=0.508 s, total=4.076 s; sync files=5, longest=0.471 s, average=0.102 s; distance=537585 kB, estimate=552183 kB; lsn=1E/8A543878, redo lsn=1E/6C091468
2026-09-26 18:17:23.189 UTC [27] LOG:  checkpoints are occurring too frequently (27 seconds apart)
2026-09-26 18:17:23.189 UTC [27] HINT:  Consider increasing the configuration parameter "max_wal_size".
2026-09-26 18:17:23.189 UTC [27] LOG:  checkpoint starting: wal
2026-09-26 18:17:39.541 UTC [27] LOG:  checkpoint complete: wrote 62 buffers (0.4%); 0 WAL file(s) added, 2 removed, 31 recycled; write=15.932 s, sync=0.339 s, total=16.352 s; sync files=79, longest=0.273 s, average=0.005 s; distance=544184 kB, estimate=551383 kB; lsn=1E/AD90D920, redo lsn=1E/8D3FF630
2026-09-26 18:17:39.548 UTC [27] LOG:  checkpoints are occurring too frequently (16 seconds apart)
2026-09-26 18:17:39.548 UTC [27] HINT:  Consider increasing the configuration parameter "max_wal_size".
2026-09-26 18:17:39.548 UTC [27] LOG:  checkpoint starting: wal
2026-09-26 18:17:42.376 UTC [27] LOG:  checkpoint complete: wrote 1665 buffers (10.2%); 0 WAL file(s) added, 0 removed, 33 recycled; write=2.546 s, sync=0.209 s, total=2.828 s; sync files=5, longest=0.193 s, average=0.042 s; distance=540668 kB, estimate=550312 kB; lsn=1E/CCB44A90, redo lsn=1E/AE3FE810
2026-09-26 18:17:42.996 UTC [27] LOG:  checkpoints are occurring too frequently (3 seconds apart)
2026-09-26 18:17:42.996 UTC [27] HINT:  Consider increasing the configuration parameter "max_wal_size".
2026-09-26 18:17:42.997 UTC [27] LOG:  checkpoint starting: wal
2026-09-26 18:17:45.774 UTC [27] LOG:  checkpoint complete: wrote 1668 buffers (10.2%); 0 WAL file(s) added, 0 removed, 33 recycled; write=2.486 s, sync=0.218 s, total=2.778 s; sync files=6, longest=0.199 s, average=0.037 s; distance=539793 kB, estimate=549260 kB; lsn=1E/ED39A3D0, redo lsn=1E/CF322FB8
2026-09-26 18:17:46.495 UTC [27] LOG:  checkpoints are occurring too frequently (4 seconds apart)
2026-09-26 18:17:46.495 UTC [27] HINT:  Consider increasing the configuration parameter "max_wal_size".
2026-09-26 18:17:46.495 UTC [27] LOG:  checkpoint starting: wal
2026-09-26 18:17:49.357 UTC [27] LOG:  checkpoint complete: wrote 1642 buffers (10.0%); 0 WAL file(s) added, 0 removed, 33 recycled; write=2.561 s, sync=0.223 s, total=2.863 s; sync files=6, longest=0.199 s, average=0.037 s; distance=538317 kB, estimate=548166 kB; lsn=1F/EACEAB8, redo lsn=1E/F00D6688
2026-09-26 18:17:49.996 UTC [27] LOG:  checkpoints are occurring too frequently (3 seconds apart)
2026-09-26 18:17:49.996 UTC [27] HINT:  Consider increasing the configuration parameter "max_wal_size".
2026-09-26 18:17:49.996 UTC [27] LOG:  checkpoint starting: wal
2026-09-26 18:17:52.739 UTC [27] LOG:  checkpoint complete: wrote 1456 buffers (8.9%); 0 WAL file(s) added, 0 removed, 33 recycled; write=2.444 s, sync=0.225 s, total=2.743 s; sync files=12, longest=0.194 s, average=0.019 s; distance=541893 kB, estimate=547538 kB; lsn=1F/2F69DF48, redo lsn=1F/11207C18
2026-09-26 18:17:53.366 UTC [27] LOG:  checkpoints are occurring too frequently (4 seconds apart)
2026-09-26 18:17:53.366 UTC [27] HINT:  Consider increasing the configuration parameter "max_wal_size".
2026-09-26 18:17:53.366 UTC [27] LOG:  checkpoint starting: wal
2026-09-26 18:17:57.272 UTC [27] LOG:  checkpoint complete: wrote 1741 buffers (10.6%); 0 WAL file(s) added, 0 removed, 33 recycled; write=2.922 s, sync=0.572 s, total=3.907 s; sync files=6, longest=0.500 s, average=0.096 s; distance=538920 kB, estimate=546677 kB; lsn=1F/5074D520, redo lsn=1F/32051E30
2026-09-26 18:17:57.706 UTC [27] LOG:  checkpoints are occurring too frequently (4 seconds apart)
2026-09-26 18:17:57.706 UTC [27] HINT:  Consider increasing the configuration parameter "max_wal_size".
2026-09-26 18:17:57.706 UTC [27] LOG:  checkpoint starting: wal
2026-09-26 18:18:03.592 UTC [27] LOG:  checkpoint complete: wrote 1992 buffers (12.2%); 0 WAL file(s) added, 0 removed, 33 recycled; write=4.667 s, sync=0.673 s, total=5.886 s; sync files=5, longest=0.456 s, average=0.135 s; distance=540980 kB, estimate=546107 kB; lsn=1F/70D63378, redo lsn=1F/5309F1A0
2026-09-26 18:18:15.567 UTC [27] LOG:  checkpoints are occurring too frequently (18 seconds apart)
2026-09-26 18:18:15.567 UTC [27] HINT:  Consider increasing the configuration parameter "max_wal_size".
2026-09-26 18:18:15.567 UTC [27] LOG:  checkpoint starting: wal
2026-09-26 18:18:25.874 UTC [27] LOG:  checkpoint complete: wrote 1072 buffers (6.5%); 0 WAL file(s) added, 1 removed, 32 recycled; write=9.412 s, sync=0.336 s, total=10.307 s; sync files=6, longest=0.163 s, average=0.056 s; distance=540107 kB, estimate=545507 kB; lsn=1F/9390AE50, redo lsn=1F/740120A8
2026-09-26 18:18:25.874 UTC [27] LOG:  checkpoints are occurring too frequently (10 seconds apart)
2026-09-26 18:18:25.874 UTC [27] HINT:  Consider increasing the configuration parameter "max_wal_size".
2026-09-26 18:18:25.874 UTC [27] LOG:  checkpoint starting: wal
2026-09-26 18:18:30.170 UTC [27] LOG:  checkpoint complete: wrote 1715 buffers (10.5%); 0 WAL file(s) added, 5 removed, 32 recycled; write=3.201 s, sync=0.582 s, total=4.296 s; sync files=5, longest=0.538 s, average=0.117 s; distance=615526 kB, estimate=615526 kB; lsn=1F/B80D0B30, redo lsn=1F/9992BB98
2026-09-26 18:18:30.430 UTC [27] LOG:  checkpoints are occurring too frequently (5 seconds apart)
2026-09-26 18:18:30.430 UTC [27] HINT:  Consider increasing the configuration parameter "max_wal_size".
2026-09-26 18:18:30.430 UTC [27] LOG:  checkpoint starting: wal
2026-09-26 18:18:34.387 UTC [27] LOG:  checkpoint complete: wrote 2401 buffers (14.7%); 0 WAL file(s) added, 0 removed, 33 recycled; write=3.015 s, sync=0.508 s, total=3.958 s; sync files=5, longest=0.481 s, average=0.102 s; distance=532100 kB, estimate=607184 kB; lsn=1F/D83E2EB0, redo lsn=1F/BA0CCEC0
2026-09-26 18:18:35.014 UTC [27] LOG:  checkpoints are occurring too frequently (5 seconds apart)
2026-09-26 18:18:35.014 UTC [27] HINT:  Consider increasing the configuration parameter "max_wal_size".
2026-09-26 18:18:35.014 UTC [27] LOG:  checkpoint starting: wal
2026-09-26 18:18:39.099 UTC [27] LOG:  checkpoint complete: wrote 2334 buffers (14.2%); 0 WAL file(s) added, 0 removed, 33 recycled; write=3.030 s, sync=0.616 s, total=4.086 s; sync files=6, longest=0.546 s, average=0.103 s; distance=542741 kB, estimate=600739 kB; lsn=1F/F9835610, redo lsn=1F/DB2D24B0
2026-09-26 18:18:39.520 UTC [27] LOG:  checkpoints are occurring too frequently (4 seconds apart)
2026-09-26 18:18:39.520 UTC [27] HINT:  Consider increasing the configuration parameter "max_wal_size".
2026-09-26 18:18:39.521 UTC [27] LOG:  checkpoint starting: wal
2026-09-26 18:18:43.446 UTC [27] LOG:  checkpoint complete: wrote 2209 buffers (13.5%); 0 WAL file(s) added, 0 removed, 33 recycled; write=2.943 s, sync=0.534 s, total=3.926 s; sync files=5, longest=0.492 s, average=0.107 s; distance=538876 kB, estimate=594553 kB; lsn=20/1A629948, redo lsn=1F/FC111518
2026-09-26 18:18:43.967 UTC [27] LOG:  checkpoints are occurring too frequently (4 seconds apart)
2026-09-26 18:18:43.967 UTC [27] HINT:  Consider increasing the configuration parameter "max_wal_size".
2026-09-26 18:18:43.967 UTC [27] LOG:  checkpoint starting: wal
2026-09-26 18:18:47.930 UTC [27] LOG:  checkpoint complete: wrote 2262 buffers (13.8%); 0 WAL file(s) added, 0 removed, 33 recycled; write=2.980 s, sync=0.553 s, total=3.963 s; sync files=5, longest=0.511 s, average=0.111 s; distance=543669 kB, estimate=589465 kB; lsn=20/3B721F90, redo lsn=20/1D3FEB48
2026-09-26 18:18:48.375 UTC [27] LOG:  checkpoints are occurring too frequently (5 seconds apart)
2026-09-26 18:18:48.375 UTC [27] HINT:  Consider increasing the configuration parameter "max_wal_size".
2026-09-26 18:18:48.375 UTC [27] LOG:  checkpoint starting: wal
2026-09-26 18:19:29.049 UTC [27] LOG:  checkpoint complete: wrote 1873 buffers (11.4%); 0 WAL file(s) added, 0 removed, 33 recycled; write=39.880 s, sync=0.235 s, total=40.675 s; sync files=79, longest=0.041 s, average=0.003 s; distance=537589 kB, estimate=584277 kB; lsn=20/5C9284C0, redo lsn=20/3E0FC070
2026-09-26 18:19:29.049 UTC [27] LOG:  checkpoint starting: wal
2026-09-26 18:19:33.262 UTC [27] LOG:  checkpoint complete: wrote 2255 buffers (13.8%); 0 WAL file(s) added, 6 removed, 32 recycled; write=3.134 s, sync=0.605 s, total=4.214 s; sync files=9, longest=0.548 s, average=0.068 s; distance=630281 kB, estimate=630281 kB; lsn=20/834012E8, redo lsn=20/6487E4B0
2026-09-26 18:19:33.433 UTC [27] LOG:  checkpoints are occurring too frequently (4 seconds apart)
2026-09-26 18:19:33.433 UTC [27] HINT:  Consider increasing the configuration parameter "max_wal_size".
2026-09-26 18:19:33.433 UTC [27] LOG:  checkpoint starting: wal
2026-09-26 18:19:37.429 UTC [27] LOG:  checkpoint complete: wrote 2215 buffers (13.5%); 0 WAL file(s) added, 0 removed, 33 recycled; write=2.874 s, sync=0.529 s, total=3.996 s; sync files=4, longest=0.493 s, average=0.133 s; distance=533862 kB, estimate=620639 kB; lsn=20/A3C6DD68, redo lsn=20/851D7FC8
2026-09-26 18:19:37.710 UTC [27] LOG:  checkpoints are occurring too frequently (4 seconds apart)
2026-09-26 18:19:37.710 UTC [27] HINT:  Consider increasing the configuration parameter "max_wal_size".
2026-09-26 18:19:37.710 UTC [27] LOG:  checkpoint starting: wal
2026-09-26 18:19:41.571 UTC [27] LOG:  checkpoint complete: wrote 2027 buffers (12.4%); 0 WAL file(s) added, 1 removed, 32 recycled; write=2.884 s, sync=0.532 s, total=3.862 s; sync files=5, longest=0.485 s, average=0.107 s; distance=542216 kB, estimate=612796 kB; lsn=20/C5144338, redo lsn=20/A635A220
2026-09-26 18:19:41.824 UTC [27] LOG:  checkpoints are occurring too frequently (4 seconds apart)
2026-09-26 18:19:41.824 UTC [27] HINT:  Consider increasing the configuration parameter "max_wal_size".
2026-09-26 18:19:41.824 UTC [27] LOG:  checkpoint starting: wal
2026-09-26 18:19:45.722 UTC [27] LOG:  checkpoint complete: wrote 2110 buffers (12.9%); 0 WAL file(s) added, 1 removed, 32 recycled; write=2.860 s, sync=0.588 s, total=3.898 s; sync files=4, longest=0.546 s, average=0.147 s; distance=539213 kB, estimate=605438 kB; lsn=20/E6326800, redo lsn=20/C71ED850
2026-09-26 18:19:45.938 UTC [27] LOG:  checkpoints are occurring too frequently (4 seconds apart)
2026-09-26 18:19:45.938 UTC [27] HINT:  Consider increasing the configuration parameter "max_wal_size".
2026-09-26 18:19:45.938 UTC [27] LOG:  checkpoint starting: wal
2026-09-26 18:19:49.889 UTC [27] LOG:  checkpoint complete: wrote 2296 buffers (14.0%); 0 WAL file(s) added, 1 removed, 32 recycled; write=2.894 s, sync=0.572 s, total=3.952 s; sync files=5, longest=0.524 s, average=0.115 s; distance=540784 kB, estimate=598973 kB; lsn=21/7373670, redo lsn=20/E8209A70
2026-09-26 18:19:50.060 UTC [27] LOG:  checkpoints are occurring too frequently (5 seconds apart)
2026-09-26 18:19:50.060 UTC [27] HINT:  Consider increasing the configuration parameter "max_wal_size".
2026-09-26 18:19:50.060 UTC [27] LOG:  checkpoint starting: wal
2026-09-26 18:19:54.024 UTC [27] LOG:  checkpoint complete: wrote 2213 buffers (13.5%); 0 WAL file(s) added, 0 removed, 33 recycled; write=2.869 s, sync=0.663 s, total=3.965 s; sync files=6, longest=0.586 s, average=0.111 s; distance=541784 kB, estimate=593254 kB; lsn=21/27EF6F00, redo lsn=21/931FB00
2026-09-26 18:19:54.243 UTC [27] LOG:  checkpoints are occurring too frequently (4 seconds apart)
2026-09-26 18:19:54.243 UTC [27] HINT:  Consider increasing the configuration parameter "max_wal_size".
2026-09-26 18:19:54.244 UTC [27] LOG:  checkpoint starting: wal
2026-09-26 18:20:21.672 UTC [27] LOG:  checkpoint complete: wrote 1987 buffers (12.1%); 0 WAL file(s) added, 0 removed, 33 recycled; write=26.845 s, sync=0.201 s, total=27.429 s; sync files=15, longest=0.149 s, average=0.014 s; distance=538157 kB, estimate=587744 kB; lsn=21/48982988, redo lsn=21/2A0AAFC8
2026-09-26 18:20:21.840 UTC [27] LOG:  checkpoints are occurring too frequently (27 seconds apart)
2026-09-26 18:20:21.840 UTC [27] HINT:  Consider increasing the configuration parameter "max_wal_size".
2026-09-26 18:20:21.840 UTC [27] LOG:  checkpoint starting: wal
2026-09-26 18:20:25.776 UTC [27] LOG:  checkpoint complete: wrote 2265 buffers (13.8%); 0 WAL file(s) added, 0 removed, 33 recycled; write=2.878 s, sync=0.618 s, total=3.937 s; sync files=6, longest=0.570 s, average=0.103 s; distance=544093 kB, estimate=583379 kB; lsn=21/69D7ACF0, redo lsn=21/4B402480
2026-09-26 18:20:26.066 UTC [27] LOG:  checkpoints are occurring too frequently (5 seconds apart)
2026-09-26 18:20:26.066 UTC [27] HINT:  Consider increasing the configuration parameter "max_wal_size".
2026-09-26 18:20:26.066 UTC [27] LOG:  checkpoint starting: wal
2026-09-26 18:20:29.882 UTC [27] LOG:  checkpoint complete: wrote 2274 buffers (13.9%); 0 WAL file(s) added, 0 removed, 33 recycled; write=2.861 s, sync=0.525 s, total=3.816 s; sync files=4, longest=0.484 s, average=0.132 s; distance=538066 kB, estimate=578848 kB; lsn=21/8A6F6618, redo lsn=21/6C176E90
2026-09-26 18:20:30.372 UTC [27] LOG:  checkpoints are occurring too frequently (4 seconds apart)
2026-09-26 18:20:30.372 UTC [27] HINT:  Consider increasing the configuration parameter "max_wal_size".
2026-09-26 18:20:30.372 UTC [27] LOG:  checkpoint starting: wal
2026-09-26 18:20:34.091 UTC [27] LOG:  checkpoint complete: wrote 1879 buffers (11.5%); 0 WAL file(s) added, 0 removed, 33 recycled; write=2.784 s, sync=0.531 s, total=3.720 s; sync files=5, longest=0.477 s, average=0.107 s; distance=543275 kB, estimate=575290 kB; lsn=21/ABB76C80, redo lsn=21/8D401E20
2026-09-26 18:20:34.407 UTC [27] LOG:  checkpoints are occurring too frequently (4 seconds apart)
2026-09-26 18:20:34.407 UTC [27] HINT:  Consider increasing the configuration parameter "max_wal_size".
2026-09-26 18:20:34.407 UTC [27] LOG:  checkpoint starting: wal
2026-09-26 18:20:40.594 UTC [27] LOG:  checkpoint complete: wrote 2081 buffers (12.7%); 0 WAL file(s) added, 0 removed, 33 recycled; write=2.832 s, sync=2.921 s, total=6.188 s; sync files=4, longest=2.891 s, average=0.731 s; distance=536629 kB, estimate=571424 kB; lsn=21/CC54C1F0, redo lsn=21/AE00F450
2026-09-26 18:20:41.013 UTC [27] LOG:  checkpoints are occurring too frequently (7 seconds apart)
2026-09-26 18:20:41.013 UTC [27] HINT:  Consider increasing the configuration parameter "max_wal_size".
2026-09-26 18:20:41.013 UTC [27] LOG:  checkpoint starting: wal
2026-09-26 18:20:44.723 UTC [27] LOG:  checkpoint complete: wrote 2169 buffers (13.2%); 0 WAL file(s) added, 0 removed, 33 recycled; write=2.751 s, sync=0.537 s, total=3.710 s; sync files=5, longest=0.485 s, average=0.108 s; distance=544704 kB, estimate=568752 kB; lsn=21/EDF19EE8, redo lsn=21/CF3FF5C8
2026-09-26 18:20:45.027 UTC [27] LOG:  checkpoints are occurring too frequently (4 seconds apart)
2026-09-26 18:20:45.027 UTC [27] HINT:  Consider increasing the configuration parameter "max_wal_size".
2026-09-26 18:20:45.027 UTC [27] LOG:  checkpoint starting: wal
2026-09-26 18:20:49.009 UTC [27] LOG:  checkpoint complete: wrote 1937 buffers (11.8%); 0 WAL file(s) added, 1 removed, 32 recycled; write=2.888 s, sync=0.699 s, total=3.982 s; sync files=4, longest=0.633 s, average=0.175 s; distance=538195 kB, estimate=565696 kB; lsn=22/F28B400, redo lsn=21/F01941D8
2026-09-26 18:21:12.225 UTC [27] LOG:  checkpoints are occurring too frequently (27 seconds apart)
2026-09-26 18:21:12.225 UTC [27] HINT:  Consider increasing the configuration parameter "max_wal_size".
2026-09-26 18:21:12.225 UTC [27] LOG:  checkpoint starting: wal
2026-09-26 18:21:29.372 UTC [27] LOG:  checkpoint complete: wrote 66 buffers (0.4%); 0 WAL file(s) added, 2 removed, 31 recycled; write=16.057 s, sync=0.600 s, total=17.147 s; sync files=79, longest=0.393 s, average=0.008 s; distance=543155 kB, estimate=563442 kB; lsn=22/310B5028, redo lsn=22/11401140
2026-09-26 18:21:29.372 UTC [27] LOG:  checkpoints are occurring too frequently (17 seconds apart)
2026-09-26 18:21:29.372 UTC [27] HINT:  Consider increasing the configuration parameter "max_wal_size".
2026-09-26 18:21:29.380 UTC [27] LOG:  checkpoint starting: wal
2026-09-26 18:21:33.234 UTC [27] LOG:  checkpoint complete: wrote 2327 buffers (14.2%); 0 WAL file(s) added, 2 removed, 32 recycled; write=2.862 s, sync=0.559 s, total=3.862 s; sync files=4, longest=0.500 s, average=0.140 s; distance=563719 kB, estimate=563719 kB; lsn=22/52401498, redo lsn=22/33A82DF0
2026-09-26 18:21:33.404 UTC [27] LOG:  checkpoints are occurring too frequently (4 seconds apart)
2026-09-26 18:21:33.404 UTC [27] HINT:  Consider increasing the configuration parameter "max_wal_size".
2026-09-26 18:21:33.404 UTC [27] LOG:  checkpoint starting: wal
2026-09-26 18:21:37.290 UTC [27] LOG:  checkpoint complete: wrote 1944 buffers (11.9%); 0 WAL file(s) added, 1 removed, 32 recycled; write=2.844 s, sync=0.604 s, total=3.887 s; sync files=5, longest=0.542 s, average=0.121 s; distance=534004 kB, estimate=560747 kB; lsn=22/7307BAC8, redo lsn=22/544001D8
2026-09-26 18:21:37.540 UTC [27] LOG:  checkpoints are occurring too frequently (4 seconds apart)
2026-09-26 18:21:37.540 UTC [27] HINT:  Consider increasing the configuration parameter "max_wal_size".
2026-09-26 18:21:37.540 UTC [27] LOG:  checkpoint starting: wal
2026-09-26 18:21:41.360 UTC [27] LOG:  checkpoint complete: wrote 2006 buffers (12.2%); 0 WAL file(s) added, 0 removed, 33 recycled; write=2.859 s, sync=0.546 s, total=3.821 s; sync files=4, longest=0.501 s, average=0.137 s; distance=537814 kB, estimate=558454 kB; lsn=22/93C14028, redo lsn=22/75135C68
2026-09-26 18:21:41.582 UTC [27] LOG:  checkpoints are occurring too frequently (4 seconds apart)
2026-09-26 18:21:41.582 UTC [27] HINT:  Consider increasing the configuration parameter "max_wal_size".
2026-09-26 18:21:41.582 UTC [27] LOG:  checkpoint starting: wal
2026-09-26 18:21:45.244 UTC [27] LOG:  checkpoint complete: wrote 1830 buffers (11.2%); 0 WAL file(s) added, 0 removed, 33 recycled; write=2.667 s, sync=0.598 s, total=3.662 s; sync files=5, longest=0.561 s, average=0.120 s; distance=540166 kB, estimate=556625 kB; lsn=22/B475F170, redo lsn=22/960B7638
2026-09-26 18:21:45.605 UTC [27] LOG:  checkpoints are occurring too frequently (4 seconds apart)
2026-09-26 18:21:45.605 UTC [27] HINT:  Consider increasing the configuration parameter "max_wal_size".
2026-09-26 18:21:45.605 UTC [27] LOG:  checkpoint starting: wal
2026-09-26 18:21:49.345 UTC [27] LOG:  checkpoint complete: wrote 2108 buffers (12.9%); 0 WAL file(s) added, 0 removed, 33 recycled; write=2.697 s, sync=0.590 s, total=3.741 s; sync files=4, longest=0.551 s, average=0.148 s; distance=543487 kB, estimate=555311 kB; lsn=22/D5D4F420, redo lsn=22/B7377350
2026-09-26 18:21:49.641 UTC [27] LOG:  checkpoints are occurring too frequently (4 seconds apart)
2026-09-26 18:21:49.641 UTC [27] HINT:  Consider increasing the configuration parameter "max_wal_size".
2026-09-26 18:21:49.641 UTC [27] LOG:  checkpoint starting: wal
2026-09-26 18:21:53.557 UTC [27] LOG:  checkpoint complete: wrote 2165 buffers (13.2%); 0 WAL file(s) added, 1 removed, 32 recycled; write=2.858 s, sync=0.587 s, total=3.916 s; sync files=11, longest=0.524 s, average=0.054 s; distance=541056 kB, estimate=553886 kB; lsn=22/F7015680, redo lsn=22/D83D7718
2026-09-26 18:21:53.734 UTC [27] LOG:  checkpoints are occurring too frequently (4 seconds apart)
2026-09-26 18:21:53.734 UTC [27] HINT:  Consider increasing the configuration parameter "max_wal_size".
2026-09-26 18:21:53.734 UTC [27] LOG:  checkpoint starting: wal
2026-09-26 18:21:59.235 UTC [27] LOG:  checkpoint complete: wrote 1941 buffers (11.8%); 0 WAL file(s) added, 0 removed, 33 recycled; write=4.354 s, sync=0.664 s, total=5.502 s; sync files=12, longest=0.429 s, average=0.056 s; distance=540026 kB, estimate=552500 kB; lsn=23/170E52A0, redo lsn=22/F9335F50
2026-09-26 18:22:10.383 UTC [27] LOG:  checkpoints are occurring too frequently (17 seconds apart)
2026-09-26 18:22:10.383 UTC [27] HINT:  Consider increasing the configuration parameter "max_wal_size".
2026-09-26 18:22:10.383 UTC [27] LOG:  checkpoint starting: wal
2026-09-26 18:22:22.262 UTC [27] LOG:  checkpoint complete: wrote 1031 buffers (6.3%); 0 WAL file(s) added, 1 removed, 32 recycled; write=11.020 s, sync=0.307 s, total=11.879 s; sync files=5, longest=0.157 s, average=0.062 s; distance=537396 kB, estimate=550989 kB; lsn=23/39403148, redo lsn=23/1A003298
2026-09-26 18:22:22.262 UTC [27] LOG:  checkpoints are occurring too frequently (12 seconds apart)
2026-09-26 18:22:22.262 UTC [27] HINT:  Consider increasing the configuration parameter "max_wal_size".
2026-09-26 18:22:22.262 UTC [27] LOG:  checkpoint starting: wal
2026-09-26 18:22:26.442 UTC [27] LOG:  checkpoint complete: wrote 1931 buffers (11.8%); 0 WAL file(s) added, 5 removed, 32 recycled; write=3.078 s, sync=0.595 s, total=4.181 s; sync files=5, longest=0.547 s, average=0.119 s; distance=621442 kB, estimate=621442 kB; lsn=23/5E52ADA8, redo lsn=23/3FEE3DA0
2026-09-26 18:22:26.552 UTC [27] LOG:  checkpoints are occurring too frequently (4 seconds apart)
2026-09-26 18:22:26.552 UTC [27] HINT:  Consider increasing the configuration parameter "max_wal_size".
2026-09-26 18:22:26.552 UTC [27] LOG:  checkpoint starting: wal
2026-09-26 18:22:30.432 UTC [27] LOG:  checkpoint complete: wrote 2239 buffers (13.7%); 0 WAL file(s) added, 0 removed, 33 recycled; write=2.846 s, sync=0.602 s, total=3.881 s; sync files=4, longest=0.564 s, average=0.151 s; distance=529530 kB, estimate=612251 kB; lsn=23/7EF44EA8, redo lsn=23/60402660
2026-09-26 18:22:30.696 UTC [27] LOG:  checkpoints are occurring too frequently (4 seconds apart)
2026-09-26 18:22:30.696 UTC [27] HINT:  Consider increasing the configuration parameter "max_wal_size".
2026-09-26 18:22:30.696 UTC [27] LOG:  checkpoint starting: wal
2026-09-26 18:22:34.672 UTC [27] LOG:  checkpoint complete: wrote 2230 buffers (13.6%); 0 WAL file(s) added, 1 removed, 32 recycled; write=2.896 s, sync=0.589 s, total=3.977 s; sync files=5, longest=0.550 s, average=0.118 s; distance=538799 kB, estimate=604906 kB; lsn=23/A00E3518, redo lsn=23/8122E360
2026-09-26 18:22:34.885 UTC [27] LOG:  checkpoints are occurring too frequently (4 seconds apart)
2026-09-26 18:22:34.885 UTC [27] HINT:  Consider increasing the configuration parameter "max_wal_size".
2026-09-26 18:22:34.885 UTC [27] LOG:  checkpoint starting: wal
2026-09-26 18:22:38.723 UTC [27] LOG:  checkpoint complete: wrote 2096 buffers (12.8%); 0 WAL file(s) added, 1 removed, 32 recycled; write=2.833 s, sync=0.533 s, total=3.838 s; sync files=4, longest=0.495 s, average=0.134 s; distance=540399 kB, estimate=598455 kB; lsn=23/C11FD558, redo lsn=23/A21EA0A8
2026-09-26 18:22:38.892 UTC [27] LOG:  checkpoints are occurring too frequently (4 seconds apart)
2026-09-26 18:22:38.892 UTC [27] HINT:  Consider increasing the configuration parameter "max_wal_size".
2026-09-26 18:22:38.892 UTC [27] LOG:  checkpoint starting: wal
2026-09-26 18:22:42.594 UTC [27] LOG:  checkpoint complete: wrote 2150 buffers (13.1%); 0 WAL file(s) added, 0 removed, 33 recycled; write=2.709 s, sync=0.574 s, total=3.702 s; sync files=5, longest=0.524 s, average=0.115 s; distance=539596 kB, estimate=592569 kB; lsn=23/E1877AF8, redo lsn=23/C30DD330
2026-09-26 18:22:42.878 UTC [27] LOG:  checkpoints are occurring too frequently (4 seconds apart)
2026-09-26 18:22:42.878 UTC [27] HINT:  Consider increasing the configuration parameter "max_wal_size".
2026-09-26 18:22:42.878 UTC [27] LOG:  checkpoint starting: wal
2026-09-26 18:22:46.548 UTC [27] LOG:  checkpoint complete: wrote 2099 buffers (12.8%); 0 WAL file(s) added, 0 removed, 33 recycled; write=2.699 s, sync=0.559 s, total=3.670 s; sync files=4, longest=0.525 s, average=0.140 s; distance=539901 kB, estimate=587302 kB; lsn=24/2EFB478, redo lsn=23/E401C7F8
2026-09-26 18:22:46.771 UTC [27] LOG:  checkpoints are occurring too frequently (4 seconds apart)
2026-09-26 18:22:46.771 UTC [27] HINT:  Consider increasing the configuration parameter "max_wal_size".
2026-09-26 18:22:46.771 UTC [27] LOG:  checkpoint starting: wal
2026-09-26 18:23:39.520 UTC [27] LOG:  checkpoint complete: wrote 2040 buffers (12.5%); 0 WAL file(s) added, 0 removed, 33 recycled; write=52.074 s, sync=0.186 s, total=52.750 s; sync files=76, longest=0.028 s, average=0.003 s; distance=541355 kB, estimate=582708 kB; lsn=24/235BFE80, redo lsn=24/50C75E0
2026-09-26 18:23:39.520 UTC [27] LOG:  checkpoint starting: wal
2026-09-26 18:23:42.639 UTC [27] LOG:  checkpoint complete: wrote 1789 buffers (10.9%); 0 WAL file(s) added, 1 removed, 32 recycled; write=2.562 s, sync=0.433 s, total=3.119 s; sync files=10, longest=0.411 s, average=0.044 s; distance=552328 kB, estimate=579670 kB; lsn=24/452905B8, redo lsn=24/26C29790
2026-09-26 18:23:43.043 UTC [27] LOG:  checkpoints are occurring too frequently (4 seconds apart)
2026-09-26 18:23:43.043 UTC [27] HINT:  Consider increasing the configuration parameter "max_wal_size".
2026-09-26 18:23:43.043 UTC [27] LOG:  checkpoint starting: wal
2026-09-26 18:23:45.715 UTC [27] LOG:  checkpoint complete: wrote 1702 buffers (10.4%); 0 WAL file(s) added, 0 removed, 33 recycled; write=2.378 s, sync=0.216 s, total=2.673 s; sync files=5, longest=0.202 s, average=0.044 s; distance=532315 kB, estimate=574934 kB; lsn=24/655B3D80, redo lsn=24/47400660
2026-09-26 18:23:46.188 UTC [27] LOG:  checkpoints are occurring too frequently (3 seconds apart)
2026-09-26 18:23:46.188 UTC [27] HINT:  Consider increasing the configuration parameter "max_wal_size".
2026-09-26 18:23:46.188 UTC [27] LOG:  checkpoint starting: wal
2026-09-26 18:23:48.639 UTC [27] LOG:  checkpoint complete: wrote 1324 buffers (8.1%); 0 WAL file(s) added, 0 removed, 33 recycled; write=2.149 s, sync=0.219 s, total=2.452 s; sync files=4, longest=0.207 s, average=0.055 s; distance=537776 kB, estimate=571218 kB; lsn=24/864A2B98, redo lsn=24/6812C928
2026-09-26 18:23:49.175 UTC [27] LOG:  checkpoints are occurring too frequently (3 seconds apart)
2026-09-26 18:23:49.175 UTC [27] HINT:  Consider increasing the configuration parameter "max_wal_size".
2026-09-26 18:23:49.175 UTC [27] LOG:  checkpoint starting: wal
2026-09-26 18:23:51.768 UTC [27] LOG:  checkpoint complete: wrote 1748 buffers (10.7%); 0 WAL file(s) added, 0 removed, 33 recycled; write=2.273 s, sync=0.234 s, total=2.593 s; sync files=9, longest=0.204 s, average=0.026 s; distance=541389 kB, estimate=568235 kB; lsn=24/A76BC380, redo lsn=24/891E0060
2026-09-26 18:23:52.298 UTC [27] LOG:  checkpoints are occurring too frequently (3 seconds apart)
2026-09-26 18:23:52.298 UTC [27] HINT:  Consider increasing the configuration parameter "max_wal_size".
2026-09-26 18:23:52.298 UTC [27] LOG:  checkpoint starting: wal
2026-09-26 18:23:54.905 UTC [27] LOG:  checkpoint complete: wrote 1524 buffers (9.3%); 0 WAL file(s) added, 0 removed, 33 recycled; write=2.261 s, sync=0.254 s, total=2.607 s; sync files=13, longest=0.204 s, average=0.020 s; distance=542100 kB, estimate=565622 kB; lsn=24/C8D68D48, redo lsn=24/AA345390
2026-09-26 18:23:55.350 UTC [27] LOG:  checkpoints are occurring too frequently (3 seconds apart)
2026-09-26 18:23:55.350 UTC [27] HINT:  Consider increasing the configuration parameter "max_wal_size".
2026-09-26 18:23:55.350 UTC [27] LOG:  checkpoint starting: wal
2026-09-26 18:23:57.953 UTC [27] LOG:  checkpoint complete: wrote 1673 buffers (10.2%); 0 WAL file(s) added, 0 removed, 33 recycled; write=2.265 s, sync=0.248 s, total=2.604 s; sync files=7, longest=0.196 s, average=0.036 s; distance=539820 kB, estimate=563042 kB; lsn=24/E9B0FC98, redo lsn=24/CB270570
2026-09-26 18:23:58.413 UTC [27] LOG:  checkpoints are occurring too frequently (3 seconds apart)
2026-09-26 18:23:58.413 UTC [27] HINT:  Consider increasing the configuration parameter "max_wal_size".
2026-09-26 18:23:58.413 UTC [27] LOG:  checkpoint starting: wal
2026-09-26 18:24:01.035 UTC [27] LOG:  checkpoint complete: wrote 1260 buffers (7.7%); 0 WAL file(s) added, 1 removed, 32 recycled; write=2.271 s, sync=0.259 s, total=2.623 s; sync files=6, longest=0.210 s, average=0.044 s; distance=542284 kB, estimate=560966 kB; lsn=25/B078108, redo lsn=24/EC4035F8
2026-09-26 18:24:01.422 UTC [27] LOG:  checkpoints are occurring too frequently (3 seconds apart)
2026-09-26 18:24:01.422 UTC [27] HINT:  Consider increasing the configuration parameter "max_wal_size".
2026-09-26 18:24:01.423 UTC [27] LOG:  checkpoint starting: wal
2026-09-26 18:24:04.859 UTC [27] LOG:  checkpoint complete: wrote 1593 buffers (9.7%); 0 WAL file(s) added, 0 removed, 33 recycled; write=3.063 s, sync=0.299 s, total=3.438 s; sync files=7, longest=0.165 s, average=0.043 s; distance=537733 kB, estimate=558643 kB; lsn=25/2AF7E288, redo lsn=25/D124DC0
2026-09-26 18:24:15.290 UTC [27] LOG:  checkpoints are occurring too frequently (14 seconds apart)
2026-09-26 18:24:15.290 UTC [27] HINT:  Consider increasing the configuration parameter "max_wal_size".
2026-09-26 18:24:15.290 UTC [27] LOG:  checkpoint starting: wal
2026-09-26 18:24:30.138 UTC [27] LOG:  checkpoint complete: wrote 1429 buffers (8.7%); 0 WAL file(s) added, 2 removed, 31 recycled; write=13.977 s, sync=0.427 s, total=14.849 s; sync files=14, longest=0.209 s, average=0.031 s; distance=539570 kB, estimate=556735 kB; lsn=25/4EB54090, redo lsn=25/2E011910
2026-09-26 18:24:30.138 UTC [27] LOG:  checkpoints are occurring too frequently (15 seconds apart)
2026-09-26 18:24:30.138 UTC [27] HINT:  Consider increasing the configuration parameter "max_wal_size".
2026-09-26 18:24:30.138 UTC [27] LOG:  checkpoint starting: wal
2026-09-26 18:24:34.212 UTC [27] LOG:  checkpoint complete: wrote 2178 buffers (13.3%); 0 WAL file(s) added, 5 removed, 33 recycled; write=3.043 s, sync=0.562 s, total=4.074 s; sync files=6, longest=0.513 s, average=0.094 s; distance=628542 kB, estimate=628542 kB; lsn=25/72521740, redo lsn=25/545E1360
2026-09-26 18:24:34.477 UTC [27] LOG:  checkpoints are occurring too frequently (4 seconds apart)
2026-09-26 18:24:34.477 UTC [27] HINT:  Consider increasing the configuration parameter "max_wal_size".
2026-09-26 18:24:34.477 UTC [27] LOG:  checkpoint starting: wal
2026-09-26 18:24:38.333 UTC [27] LOG:  checkpoint complete: wrote 2108 buffers (12.9%); 0 WAL file(s) added, 1 removed, 32 recycled; write=2.842 s, sync=0.558 s, total=3.857 s; sync files=4, longest=0.522 s, average=0.140 s; distance=536075 kB, estimate=619295 kB; lsn=25/9431BB40, redo lsn=25/75164330
2026-09-26 18:24:38.574 UTC [27] LOG:  checkpoints are occurring too frequently (4 seconds apart)
2026-09-26 18:24:38.574 UTC [27] HINT:  Consider increasing the configuration parameter "max_wal_size".
2026-09-26 18:24:38.574 UTC [27] LOG:  checkpoint starting: wal
2026-09-26 18:24:42.273 UTC [27] LOG:  checkpoint complete: wrote 1928 buffers (11.8%); 0 WAL file(s) added, 0 removed, 33 recycled; write=2.696 s, sync=0.557 s, total=3.699 s; sync files=5, longest=0.512 s, average=0.112 s; distance=543338 kB, estimate=611700 kB; lsn=25/B48E57A8, redo lsn=25/963FEBB8
2026-09-26 18:24:42.533 UTC [27] LOG:  checkpoints are occurring too frequently (4 seconds apart)
2026-09-26 18:24:42.533 UTC [27] HINT:  Consider increasing the configuration parameter "max_wal_size".
2026-09-26 18:24:42.533 UTC [27] LOG:  checkpoint starting: wal
2026-09-26 18:24:46.360 UTC [27] LOG:  checkpoint complete: wrote 2192 buffers (13.4%); 0 WAL file(s) added, 1 removed, 32 recycled; write=2.735 s, sync=0.644 s, total=3.827 s; sync files=4, longest=0.593 s, average=0.161 s; distance=538016 kB, estimate=604331 kB; lsn=25/D60DBA18, redo lsn=25/B7166C58
2026-09-26 18:24:46.486 UTC [27] LOG:  checkpoints are occurring too frequently (4 seconds apart)
2026-09-26 18:24:46.486 UTC [27] HINT:  Consider increasing the configuration parameter "max_wal_size".
2026-09-26 18:24:46.486 UTC [27] LOG:  checkpoint starting: wal
2026-09-26 18:24:50.085 UTC [27] LOG:  checkpoint complete: wrote 2034 buffers (12.4%); 0 WAL file(s) added, 0 removed, 33 recycled; write=2.552 s, sync=0.589 s, total=3.599 s; sync files=4, longest=0.555 s, average=0.148 s; distance=539557 kB, estimate=597854 kB; lsn=25/F67D7680, redo lsn=25/D8050168
2026-09-26 18:24:50.343 UTC [27] LOG:  checkpoints are occurring too frequently (4 seconds apart)
2026-09-26 18:24:50.343 UTC [27] HINT:  Consider increasing the configuration parameter "max_wal_size".
2026-09-26 18:24:50.343 UTC [27] LOG:  checkpoint starting: wal
2026-09-26 18:24:53.960 UTC [27] LOG:  checkpoint complete: wrote 2291 buffers (14.0%); 0 WAL file(s) added, 0 removed, 33 recycled; write=2.618 s, sync=0.573 s, total=3.617 s; sync files=10, longest=0.516 s, average=0.058 s; distance=544443 kB, estimate=592513 kB; lsn=26/17B39580, redo lsn=25/F93FEEE8
2026-09-26 18:24:54.164 UTC [27] LOG:  checkpoints are occurring too frequently (4 seconds apart)
2026-09-26 18:24:54.164 UTC [27] HINT:  Consider increasing the configuration parameter "max_wal_size".
2026-09-26 18:24:54.171 UTC [27] LOG:  checkpoint starting: wal
2026-09-26 18:24:57.743 UTC [27] LOG:  checkpoint complete: wrote 1820 buffers (11.1%); 0 WAL file(s) added, 1 removed, 32 recycled; write=2.623 s, sync=0.620 s, total=3.579 s; sync files=4, longest=0.577 s, average=0.155 s; distance=537724 kB, estimate=587034 kB; lsn=26/392C7620, redo lsn=26/1A11E298
2026-09-26 18:25:26.592 UTC [27] LOG:  checkpoint starting: wal
2026-09-26 18:25:39.587 UTC [27] LOG:  checkpoint complete: wrote 7 buffers (0.0%); 0 WAL file(s) added, 1 removed, 32 recycled; write=11.844 s, sync=0.699 s, total=12.995 s; sync files=80, longest=0.424 s, average=0.009 s; distance=539819 kB, estimate=582312 kB; lsn=26/5AD8FC38, redo lsn=26/3B048F90
2026-09-26 18:25:39.587 UTC [27] LOG:  checkpoints are occurring too frequently (13 seconds apart)
2026-09-26 18:25:39.587 UTC [27] HINT:  Consider increasing the configuration parameter "max_wal_size".
2026-09-26 18:25:39.587 UTC [27] LOG:  checkpoint starting: wal
2026-09-26 18:25:43.506 UTC [27] LOG:  checkpoint complete: wrote 1973 buffers (12.0%); 0 WAL file(s) added, 2 removed, 32 recycled; write=2.833 s, sync=0.600 s, total=3.920 s; sync files=4, longest=0.521 s, average=0.150 s; distance=567676 kB, estimate=580849 kB; lsn=26/7C400150, redo lsn=26/5DAA8070
2026-09-26 18:25:43.573 UTC [27] LOG:  checkpoints are occurring too frequently (4 seconds apart)
2026-09-26 18:25:43.573 UTC [27] HINT:  Consider increasing the configuration parameter "max_wal_size".
2026-09-26 18:25:43.573 UTC [27] LOG:  checkpoint starting: wal
2026-09-26 18:25:47.306 UTC [27] LOG:  checkpoint complete: wrote 2162 buffers (13.2%); 0 WAL file(s) added, 1 removed, 32 recycled; write=2.577 s, sync=0.658 s, total=3.733 s; sync files=5, longest=0.610 s, average=0.132 s; distance=533406 kB, estimate=576104 kB; lsn=26/9D1FE308, redo lsn=26/7E38FBC8
2026-09-26 18:25:47.324 UTC [27] LOG:  checkpoints are occurring too frequently (4 seconds apart)
2026-09-26 18:25:47.324 UTC [27] HINT:  Consider increasing the configuration parameter "max_wal_size".
2026-09-26 18:25:47.324 UTC [27] LOG:  checkpoint starting: wal
2026-09-26 18:25:51.116 UTC [27] LOG:  checkpoint complete: wrote 2283 buffers (13.9%); 0 WAL file(s) added, 0 removed, 33 recycled; write=2.790 s, sync=0.550 s, total=3.793 s; sync files=4, longest=0.511 s, average=0.138 s; distance=537391 kB, estimate=572233 kB; lsn=26/BDE39360, redo lsn=26/9F05B9F8
2026-09-26 18:25:51.273 UTC [27] LOG:  checkpoints are occurring too frequently (4 seconds apart)
2026-09-26 18:25:51.273 UTC [27] HINT:  Consider increasing the configuration parameter "max_wal_size".
2026-09-26 18:25:51.278 UTC [27] LOG:  checkpoint starting: wal
2026-09-26 18:25:54.937 UTC [27] LOG:  checkpoint complete: wrote 1756 buffers (10.7%); 0 WAL file(s) added, 1 removed, 32 recycled; write=2.640 s, sync=0.639 s, total=3.664 s; sync files=13, longest=0.568 s, average=0.050 s; distance=541159 kB, estimate=569126 kB; lsn=26/DF395070, redo lsn=26/C00D58D8
2026-09-26 18:25:55.057 UTC [27] LOG:  checkpoints are occurring too frequently (4 seconds apart)
2026-09-26 18:25:55.057 UTC [27] HINT:  Consider increasing the configuration parameter "max_wal_size".
2026-09-26 18:25:55.057 UTC [27] LOG:  checkpoint starting: wal
2026-09-26 18:25:58.514 UTC [27] LOG:  checkpoint complete: wrote 1926 buffers (11.8%); 0 WAL file(s) added, 0 removed, 33 recycled; write=2.468 s, sync=0.565 s, total=3.458 s; sync files=6, longest=0.519 s, average=0.095 s; distance=539947 kB, estimate=566208 kB; lsn=26/FFC4D190, redo lsn=26/E10205C0
2026-09-26 18:25:58.745 UTC [27] LOG:  checkpoints are occurring too frequently (3 seconds apart)
2026-09-26 18:25:58.745 UTC [27] HINT:  Consider increasing the configuration parameter "max_wal_size".
2026-09-26 18:25:58.745 UTC [27] LOG:  checkpoint starting: wal
2026-09-26 18:26:02.482 UTC [27] LOG:  checkpoint complete: wrote 2116 buffers (12.9%); 0 WAL file(s) added, 1 removed, 32 recycled; write=2.680 s, sync=0.593 s, total=3.738 s; sync files=4, longest=0.535 s, average=0.149 s; distance=543848 kB, estimate=563972 kB; lsn=27/21400270, redo lsn=27/233A6B0
2026-09-26 18:26:02.558 UTC [27] LOG:  checkpoints are occurring too frequently (4 seconds apart)
2026-09-26 18:26:02.558 UTC [27] HINT:  Consider increasing the configuration parameter "max_wal_size".
2026-09-26 18:26:02.558 UTC [27] LOG:  checkpoint starting: wal
2026-09-26 18:26:06.543 UTC [27] LOG:  checkpoint complete: wrote 2107 buffers (12.9%); 0 WAL file(s) added, 1 removed, 32 recycled; write=2.607 s, sync=0.722 s, total=3.986 s; sync files=5, longest=0.615 s, average=0.145 s; distance=540789 kB, estimate=561654 kB; lsn=27/42400DA0, redo lsn=27/23357B50
2026-09-26 18:26:06.543 UTC [27] LOG:  checkpoints are occurring too frequently (4 seconds apart)
2026-09-26 18:26:06.543 UTC [27] HINT:  Consider increasing the configuration parameter "max_wal_size".
2026-09-26 18:26:06.543 UTC [27] LOG:  checkpoint starting: wal
2026-09-26 18:26:27.414 UTC [27] LOG:  checkpoint complete: wrote 2764 buffers (16.9%); 0 WAL file(s) added, 0 removed, 33 recycled; write=20.070 s, sync=0.259 s, total=20.871 s; sync files=5, longest=0.200 s, average=0.052 s; distance=540421 kB, estimate=559530 kB; lsn=27/61F11790, redo lsn=27/44319030
2026-09-26 18:26:34.206 UTC [27] LOG:  checkpoints are occurring too frequently (28 seconds apart)
2026-09-26 18:26:34.206 UTC [27] HINT:  Consider increasing the configuration parameter "max_wal_size".
2026-09-26 18:26:34.206 UTC [27] LOG:  checkpoint starting: wal
2026-09-26 18:26:40.347 UTC [27] LOG:  checkpoint complete: wrote 993 buffers (6.1%); 0 WAL file(s) added, 1 removed, 32 recycled; write=2.363 s, sync=3.267 s, total=6.141 s; sync files=7, longest=3.086 s, average=0.467 s; distance=541651 kB, estimate=557742 kB; lsn=27/846FC248, redo lsn=27/6540DD10
2026-09-26 18:26:40.347 UTC [27] LOG:  checkpoints are occurring too frequently (6 seconds apart)
2026-09-26 18:26:40.347 UTC [27] HINT:  Consider increasing the configuration parameter "max_wal_size".
2026-09-26 18:26:40.347 UTC [27] LOG:  checkpoint starting: wal
2026-09-26 18:26:44.067 UTC [27] LOG:  checkpoint complete: wrote 2391 buffers (14.6%); 0 WAL file(s) added, 2 removed, 32 recycled; write=2.756 s, sync=0.545 s, total=3.720 s; sync files=4, longest=0.507 s, average=0.137 s; distance=563660 kB, estimate=563660 kB; lsn=27/A64800E0, redo lsn=27/87A80E78
2026-09-26 18:26:44.092 UTC [27] LOG:  checkpoints are occurring too frequently (4 seconds apart)
2026-09-26 18:26:44.092 UTC [27] HINT:  Consider increasing the configuration parameter "max_wal_size".
2026-09-26 18:26:44.092 UTC [27] LOG:  checkpoint starting: wal
2026-09-26 18:26:47.836 UTC [27] LOG:  checkpoint complete: wrote 1772 buffers (10.8%); 0 WAL file(s) added, 0 removed, 33 recycled; write=2.753 s, sync=0.583 s, total=3.744 s; sync files=4, longest=0.553 s, average=0.146 s; distance=530476 kB, estimate=560341 kB; lsn=27/C6C307D0, redo lsn=27/A808BE80
2026-09-26 18:26:48.088 UTC [27] LOG:  checkpoints are occurring too frequently (4 seconds apart)
2026-09-26 18:26:48.088 UTC [27] HINT:  Consider increasing the configuration parameter "max_wal_size".
2026-09-26 18:26:48.088 UTC [27] LOG:  checkpoint starting: wal
2026-09-26 18:26:51.761 UTC [27] LOG:  checkpoint complete: wrote 2083 buffers (12.7%); 0 WAL file(s) added, 0 removed, 33 recycled; write=2.673 s, sync=0.545 s, total=3.674 s; sync files=5, longest=0.504 s, average=0.109 s; distance=541746 kB, estimate=558482 kB; lsn=27/E7BEF2A8, redo lsn=27/C9198990
2026-09-26 18:26:51.952 UTC [27] LOG:  checkpoints are occurring too frequently (3 seconds apart)
2026-09-26 18:26:51.952 UTC [27] HINT:  Consider increasing the configuration parameter "max_wal_size".
2026-09-26 18:26:51.952 UTC [27] LOG:  checkpoint starting: wal
2026-09-26 18:26:55.635 UTC [27] LOG:  checkpoint complete: wrote 2178 buffers (13.3%); 0 WAL file(s) added, 1 removed, 32 recycled; write=2.674 s, sync=0.612 s, total=3.683 s; sync files=4, longest=0.551 s, average=0.153 s; distance=540338 kB, estimate=556667 kB; lsn=28/9400170, redo lsn=27/EA1451B8
2026-09-26 18:26:55.688 UTC [27] LOG:  checkpoints are occurring too frequently (4 seconds apart)
2026-09-26 18:26:55.688 UTC [27] HINT:  Consider increasing the configuration parameter "max_wal_size".
2026-09-26 18:26:55.688 UTC [27] LOG:  checkpoint starting: wal
2026-09-26 18:26:59.468 UTC [27] LOG:  checkpoint complete: wrote 2165 buffers (13.2%); 0 WAL file(s) added, 1 removed, 32 recycled; write=2.748 s, sync=0.567 s, total=3.781 s; sync files=5, longest=0.528 s, average=0.114 s; distance=541279 kB, estimate=555129 kB; lsn=28/2A19F5F8, redo lsn=28/B1DCF90
2026-09-26 18:26:59.628 UTC [27] LOG:  checkpoints are occurring too frequently (4 seconds apart)
2026-09-26 18:26:59.628 UTC [27] HINT:  Consider increasing the configuration parameter "max_wal_size".
2026-09-26 18:26:59.628 UTC [27] LOG:  checkpoint starting: wal
2026-09-26 18:27:03.215 UTC [27] LOG:  checkpoint complete: wrote 1668 buffers (10.2%); 0 WAL file(s) added, 0 removed, 33 recycled; write=2.612 s, sync=0.543 s, total=3.588 s; sync files=4, longest=0.512 s, average=0.136 s; distance=541346 kB, estimate=553750 kB; lsn=28/4AD34F08, redo lsn=28/2C2857C0
2026-09-26 18:27:03.382 UTC [27] LOG:  checkpoints are occurring too frequently (4 seconds apart)
2026-09-26 18:27:03.382 UTC [27] HINT:  Consider increasing the configuration parameter "max_wal_size".
2026-09-26 18:27:03.382 UTC [27] LOG:  checkpoint starting: wal
2026-09-26 18:27:07.059 UTC [27] LOG:  checkpoint complete: wrote 1969 buffers (12.0%); 0 WAL file(s) added, 1 removed, 32 recycled; write=2.590 s, sync=0.599 s, total=3.678 s; sync files=4, longest=0.568 s, average=0.150 s; distance=541648 kB, estimate=552540 kB; lsn=28/6C132258, redo lsn=28/4D379B58
2026-09-26 18:27:30.863 UTC [27] LOG:  checkpoints are occurring too frequently (27 seconds apart)
2026-09-26 18:27:30.863 UTC [27] HINT:  Consider increasing the configuration parameter "max_wal_size".
2026-09-26 18:27:30.863 UTC [27] LOG:  checkpoint starting: wal
2026-09-26 18:27:48.784 UTC [27] LOG:  checkpoint complete: wrote 62 buffers (0.4%); 0 WAL file(s) added, 2 removed, 31 recycled; write=16.747 s, sync=0.726 s, total=17.921 s; sync files=79, longest=0.459 s, average=0.010 s; distance=539691 kB, estimate=551255 kB; lsn=28/8EB22E78, redo lsn=28/6E2849C8
2026-09-26 18:27:48.784 UTC [27] LOG:  checkpoints are occurring too frequently (18 seconds apart)
2026-09-26 18:27:48.784 UTC [27] HINT:  Consider increasing the configuration parameter "max_wal_size".
2026-09-26 18:27:48.786 UTC [27] LOG:  checkpoint starting: wal
2026-09-26 18:27:51.507 UTC [27] LOG:  checkpoint complete: wrote 1936 buffers (11.8%); 0 WAL file(s) added, 3 removed, 32 recycled; write=2.374 s, sync=0.228 s, total=2.723 s; sync files=5, longest=0.209 s, average=0.046 s; distance=574976 kB, estimate=574976 kB; lsn=28/B0336648, redo lsn=28/91404DA8
2026-09-26 18:27:51.507 UTC [27] LOG:  checkpoints are occurring too frequently (3 seconds apart)
2026-09-26 18:27:51.507 UTC [27] HINT:  Consider increasing the configuration parameter "max_wal_size".
2026-09-26 18:27:51.507 UTC [27] LOG:  checkpoint starting: wal
2026-09-26 18:27:53.986 UTC [27] LOG:  checkpoint complete: wrote 1690 buffers (10.3%); 0 WAL file(s) added, 0 removed, 31 recycled; write=2.152 s, sync=0.251 s, total=2.479 s; sync files=8, longest=0.205 s, average=0.032 s; distance=515906 kB, estimate=569069 kB; lsn=28/CFD0C480, redo lsn=28/B0BD56C0
2026-09-26 18:27:54.111 UTC [27] LOG:  checkpoints are occurring too frequently (3 seconds apart)
2026-09-26 18:27:54.111 UTC [27] HINT:  Consider increasing the configuration parameter "max_wal_size".
2026-09-26 18:27:54.113 UTC [27] LOG:  checkpoint starting: wal
2026-09-26 18:27:56.629 UTC [27] LOG:  checkpoint complete: wrote 1765 buffers (10.8%); 0 WAL file(s) added, 1 removed, 32 recycled; write=2.174 s, sync=0.261 s, total=2.518 s; sync files=8, longest=0.206 s, average=0.033 s; distance=530146 kB, estimate=565177 kB; lsn=28/F0400138, redo lsn=28/D118E1D8
2026-09-26 18:27:56.882 UTC [27] LOG:  checkpoints are occurring too frequently (2 seconds apart)
2026-09-26 18:27:56.882 UTC [27] HINT:  Consider increasing the configuration parameter "max_wal_size".
2026-09-26 18:27:56.882 UTC [27] LOG:  checkpoint starting: wal
2026-09-26 18:27:59.289 UTC [27] LOG:  checkpoint complete: wrote 1739 buffers (10.6%); 0 WAL file(s) added, 1 removed, 32 recycled; write=2.071 s, sync=0.251 s, total=2.407 s; sync files=5, longest=0.201 s, average=0.051 s; distance=543181 kB, estimate=562978 kB; lsn=29/110F6518, redo lsn=28/F2401908
2026-09-26 18:27:59.601 UTC [27] LOG:  checkpoints are occurring too frequently (3 seconds apart)
2026-09-26 18:27:59.601 UTC [27] HINT:  Consider increasing the configuration parameter "max_wal_size".
2026-09-26 18:27:59.601 UTC [27] LOG:  checkpoint starting: wal
2026-09-26 18:28:02.120 UTC [27] LOG:  checkpoint complete: wrote 1723 buffers (10.5%); 0 WAL file(s) added, 1 removed, 32 recycled; write=2.170 s, sync=0.268 s, total=2.520 s; sync files=12, longest=0.213 s, average=0.023 s; distance=539369 kB, estimate=560617 kB; lsn=29/32400B20, redo lsn=29/132BBF90
2026-09-26 18:28:02.406 UTC [27] LOG:  checkpoints are occurring too frequently (3 seconds apart)
2026-09-26 18:28:02.406 UTC [27] HINT:  Consider increasing the configuration parameter "max_wal_size".
2026-09-26 18:28:02.406 UTC [27] LOG:  checkpoint starting: wal
2026-09-26 18:28:05.785 UTC [27] LOG:  checkpoint complete: wrote 1667 buffers (10.2%); 0 WAL file(s) added, 1 removed, 32 recycled; write=2.257 s, sync=0.706 s, total=3.380 s; sync files=7, longest=0.574 s, average=0.101 s; distance=541575 kB, estimate=558712 kB; lsn=29/53A95AD0, redo lsn=29/3439DBA0
2026-09-26 18:28:05.785 UTC [27] LOG:  checkpoints are occurring too frequently (3 seconds apart)
2026-09-26 18:28:05.785 UTC [27] HINT:  Consider increasing the configuration parameter "max_wal_size".
2026-09-26 18:28:05.785 UTC [27] LOG:  checkpoint starting: wal
2026-09-26 18:28:09.497 UTC [27] LOG:  checkpoint complete: wrote 1965 buffers (12.0%); 0 WAL file(s) added, 1 removed, 32 recycled; write=2.551 s, sync=0.735 s, total=3.713 s; sync files=6, longest=0.597 s, average=0.123 s; distance=542242 kB, estimate=557065 kB; lsn=29/74F455E8, redo lsn=29/55526480
2026-09-26 18:28:09.498 UTC [27] LOG:  checkpoints are occurring too frequently (4 seconds apart)
2026-09-26 18:28:09.498 UTC [27] HINT:  Consider increasing the configuration parameter "max_wal_size".
2026-09-26 18:28:09.498 UTC [27] LOG:  checkpoint starting: wal
2026-09-26 18:28:13.694 UTC [27] LOG:  checkpoint complete: wrote 1860 buffers (11.4%); 0 WAL file(s) added, 3 removed, 30 recycled; write=3.025 s, sync=0.655 s, total=4.197 s; sync files=7, longest=0.514 s, average=0.094 s; distance=543729 kB, estimate=555732 kB; lsn=29/974016A0, redo lsn=29/768228F8
2026-09-26 18:28:13.694 UTC [27] LOG:  checkpoints are occurring too frequently (4 seconds apart)
2026-09-26 18:28:13.694 UTC [27] HINT:  Consider increasing the configuration parameter "max_wal_size".
2026-09-26 18:28:13.694 UTC [27] LOG:  checkpoint starting: wal
2026-09-26 18:28:41.194 UTC [27] LOG:  checkpoint complete: wrote 1205 buffers (7.4%); 0 WAL file(s) added, 5 removed, 32 recycled; write=26.266 s, sync=0.636 s, total=27.500 s; sync files=17, longest=0.562 s, average=0.038 s; distance=607553 kB, estimate=607553 kB; lsn=29/BA400880, redo lsn=29/9B9730D0
2026-09-26 18:28:41.194 UTC [27] LOG:  checkpoints are occurring too frequently (28 seconds apart)
2026-09-26 18:28:41.194 UTC [27] HINT:  Consider increasing the configuration parameter "max_wal_size".
2026-09-26 18:28:41.194 UTC [27] LOG:  checkpoint starting: wal
2026-09-26 18:28:45.021 UTC [27] LOG:  checkpoint complete: wrote 2136 buffers (13.0%); 0 WAL file(s) added, 7 removed, 32 recycled; write=2.671 s, sync=0.669 s, total=3.828 s; sync files=7, longest=0.615 s, average=0.096 s; distance=645353 kB, estimate=645353 kB; lsn=29/E152BA00, redo lsn=29/C2FAD790
2026-09-26 18:28:45.040 UTC [27] LOG:  checkpoints are occurring too frequently (4 seconds apart)
2026-09-26 18:28:45.040 UTC [27] HINT:  Consider increasing the configuration parameter "max_wal_size".
2026-09-26 18:28:45.040 UTC [27] LOG:  checkpoint starting: wal
2026-09-26 18:28:48.681 UTC [27] LOG:  checkpoint complete: wrote 1958 buffers (12.0%); 0 WAL file(s) added, 1 removed, 32 recycled; write=2.595 s, sync=0.602 s, total=3.642 s; sync files=4, longest=0.576 s, average=0.151 s; distance=528707 kB, estimate=633689 kB; lsn=2A/20CF0B0, redo lsn=29/E33FE480
2026-09-26 18:28:48.830 UTC [27] LOG:  checkpoints are occurring too frequently (3 seconds apart)
2026-09-26 18:28:48.830 UTC [27] HINT:  Consider increasing the configuration parameter "max_wal_size".
2026-09-26 18:28:48.830 UTC [27] LOG:  checkpoint starting: wal
2026-09-26 18:28:52.446 UTC [27] LOG:  checkpoint complete: wrote 2145 buffers (13.1%); 0 WAL file(s) added, 1 removed, 32 recycled; write=2.552 s, sync=0.619 s, total=3.617 s; sync files=5, longest=0.578 s, average=0.124 s; distance=540688 kB, estimate=624388 kB; lsn=2A/2354C930, redo lsn=2A/44026C0
2026-09-26 18:28:52.521 UTC [27] LOG:  checkpoints are occurring too frequently (4 seconds apart)
2026-09-26 18:28:52.521 UTC [27] HINT:  Consider increasing the configuration parameter "max_wal_size".
2026-09-26 18:28:52.521 UTC [27] LOG:  checkpoint starting: wal
2026-09-26 18:28:56.049 UTC [27] LOG:  checkpoint complete: wrote 2080 buffers (12.7%); 0 WAL file(s) added, 1 removed, 32 recycled; write=2.578 s, sync=0.561 s, total=3.528 s; sync files=4, longest=0.501 s, average=0.141 s; distance=540654 kB, estimate=616015 kB; lsn=2A/44403730, redo lsn=2A/253FDF18
2026-09-26 18:28:56.183 UTC [27] LOG:  checkpoints are occurring too frequently (4 seconds apart)
2026-09-26 18:28:56.183 UTC [27] HINT:  Consider increasing the configuration parameter "max_wal_size".
2026-09-26 18:28:56.183 UTC [27] LOG:  checkpoint starting: wal
2026-09-26 18:28:59.730 UTC [27] LOG:  checkpoint complete: wrote 2149 buffers (13.1%); 0 WAL file(s) added, 1 removed, 32 recycled; write=2.538 s, sync=0.612 s, total=3.547 s; sync files=4, longest=0.562 s, average=0.153 s; distance=540686 kB, estimate=608482 kB; lsn=2A/652D0720, redo lsn=2A/46401970
2026-09-26 18:28:59.851 UTC [27] LOG:  checkpoints are occurring too frequently (3 seconds apart)
2026-09-26 18:28:59.851 UTC [27] HINT:  Consider increasing the configuration parameter "max_wal_size".
2026-09-26 18:28:59.851 UTC [27] LOG:  checkpoint starting: wal
2026-09-26 18:29:03.332 UTC [27] LOG:  checkpoint complete: wrote 2188 buffers (13.4%); 0 WAL file(s) added, 1 removed, 32 recycled; write=2.482 s, sync=0.586 s, total=3.482 s; sync files=6, longest=0.528 s, average=0.098 s; distance=539806 kB, estimate=601615 kB; lsn=2A/864CA798, redo lsn=2A/67329498
2026-09-26 18:29:03.425 UTC [27] LOG:  checkpoints are occurring too frequently (4 seconds apart)
2026-09-26 18:29:03.425 UTC [27] HINT:  Consider increasing the configuration parameter "max_wal_size".
2026-09-26 18:29:03.426 UTC [27] LOG:  checkpoint starting: wal
2026-09-26 18:29:06.978 UTC [27] LOG:  checkpoint complete: wrote 2202 buffers (13.4%); 0 WAL file(s) added, 1 removed, 32 recycled; write=2.534 s, sync=0.587 s, total=3.553 s; sync files=4, longest=0.534 s, average=0.147 s; distance=541096 kB, estimate=595563 kB; lsn=2A/A74007D8, redo lsn=2A/883935B0
2026-09-26 18:29:07.060 UTC [27] LOG:  checkpoints are occurring too frequently (4 seconds apart)
2026-09-26 18:29:07.060 UTC [27] HINT:  Consider increasing the configuration parameter "max_wal_size".
2026-09-26 18:29:07.060 UTC [27] LOG:  checkpoint starting: wal
2026-09-26 18:29:10.786 UTC [27] LOG:  checkpoint complete: wrote 1804 buffers (11.0%); 0 WAL file(s) added, 1 removed, 32 recycled; write=2.439 s, sync=0.605 s, total=3.727 s; sync files=4, longest=0.553 s, average=0.151 s; distance=541114 kB, estimate=590118 kB; lsn=2A/C8400620, redo lsn=2A/A9402050
2026-09-26 18:29:10.788 UTC [27] LOG:  checkpoints are occurring too frequently (3 seconds apart)
2026-09-26 18:29:10.788 UTC [27] HINT:  Consider increasing the configuration parameter "max_wal_size".
2026-09-26 18:29:10.788 UTC [27] LOG:  checkpoint starting: wal
2026-09-26 18:29:53.081 UTC [27] LOG:  checkpoint complete: wrote 69 buffers (0.4%); 0 WAL file(s) added, 3 removed, 30 recycled; write=41.097 s, sync=0.730 s, total=42.293 s; sync files=76, longest=0.454 s, average=0.010 s; distance=539580 kB, estimate=585064 kB; lsn=2A/EB405838, redo lsn=2A/CA2F1410
2026-09-26 18:29:53.081 UTC [27] LOG:  checkpoint starting: wal
2026-09-26 18:29:56.813 UTC [27] LOG:  checkpoint complete: wrote 1928 buffers (11.8%); 0 WAL file(s) added, 3 removed, 32 recycled; write=2.557 s, sync=0.704 s, total=3.733 s; sync files=20, longest=0.557 s, average=0.036 s; distance=582584 kB, estimate=584816 kB; lsn=2B/C947628, redo lsn=2A/EDBDF588
2026-09-26 18:29:56.813 UTC [27] LOG:  checkpoints are occurring too frequently (3 seconds apart)
2026-09-26 18:29:56.813 UTC [27] HINT:  Consider increasing the configuration parameter "max_wal_size".
2026-09-26 18:29:56.813 UTC [27] LOG:  checkpoint starting: wal
2026-09-26 18:30:00.285 UTC [27] LOG:  checkpoint complete: wrote 1683 buffers (10.3%); 0 WAL file(s) added, 1 removed, 32 recycled; write=2.455 s, sync=0.565 s, total=3.472 s; sync files=6, longest=0.514 s, average=0.095 s; distance=541037 kB, estimate=580438 kB; lsn=2B/2D580620, redo lsn=2B/EC3AA88
2026-09-26 18:30:00.285 UTC [27] LOG:  checkpoints are occurring too frequently (4 seconds apart)
2026-09-26 18:30:00.285 UTC [27] HINT:  Consider increasing the configuration parameter "max_wal_size".
2026-09-26 18:30:00.285 UTC [27] LOG:  checkpoint starting: wal
2026-09-26 18:30:03.815 UTC [27] LOG:  checkpoint complete: wrote 2217 buffers (13.5%); 0 WAL file(s) added, 1 removed, 32 recycled; write=2.577 s, sync=0.560 s, total=3.530 s; sync files=4, longest=0.515 s, average=0.140 s; distance=535145 kB, estimate=575909 kB; lsn=2B/4E4B3C60, redo lsn=2B/2F6D4E88
2026-09-26 18:30:03.870 UTC [27] LOG:  checkpoints are occurring too frequently (3 seconds apart)
2026-09-26 18:30:03.870 UTC [27] HINT:  Consider increasing the configuration parameter "max_wal_size".
2026-09-26 18:30:03.870 UTC [27] LOG:  checkpoint starting: wal
2026-09-26 18:30:07.422 UTC [27] LOG:  checkpoint complete: wrote 1909 buffers (11.7%); 0 WAL file(s) added, 1 removed, 32 recycled; write=2.468 s, sync=0.624 s, total=3.552 s; sync files=5, longest=0.566 s, average=0.125 s; distance=536530 kB, estimate=571971 kB; lsn=2B/6F4000F8, redo lsn=2B/502C9860
2026-09-26 18:30:07.446 UTC [27] LOG:  checkpoints are occurring too frequently (4 seconds apart)
2026-09-26 18:30:07.446 UTC [27] HINT:  Consider increasing the configuration parameter "max_wal_size".
2026-09-26 18:30:07.446 UTC [27] LOG:  checkpoint starting: wal
2026-09-26 18:30:11.032 UTC [27] LOG:  checkpoint complete: wrote 1651 buffers (10.1%); 0 WAL file(s) added, 1 removed, 32 recycled; write=2.461 s, sync=0.572 s, total=3.586 s; sync files=4, longest=0.521 s, average=0.143 s; distance=540722 kB, estimate=568846 kB; lsn=2B/903FFC20, redo lsn=2B/712D60A0
2026-09-26 18:30:11.032 UTC [27] LOG:  checkpoints are occurring too frequently (4 seconds apart)
2026-09-26 18:30:11.032 UTC [27] HINT:  Consider increasing the configuration parameter "max_wal_size".
2026-09-26 18:30:11.032 UTC [27] LOG:  checkpoint starting: wal
2026-09-26 18:30:14.485 UTC [27] LOG:  checkpoint complete: wrote 2398 buffers (14.6%); 0 WAL file(s) added, 1 removed, 32 recycled; write=2.361 s, sync=0.640 s, total=3.454 s; sync files=4, longest=0.591 s, average=0.160 s; distance=545565 kB, estimate=566518 kB; lsn=2B/B13598C0, redo lsn=2B/9279D708
2026-09-26 18:30:14.544 UTC [27] LOG:  checkpoints are occurring too frequently (3 seconds apart)
2026-09-26 18:30:14.544 UTC [27] HINT:  Consider increasing the configuration parameter "max_wal_size".
2026-09-26 18:30:14.544 UTC [27] LOG:  checkpoint starting: wal
2026-09-26 18:30:18.140 UTC [27] LOG:  checkpoint complete: wrote 2036 buffers (12.4%); 0 WAL file(s) added, 1 removed, 32 recycled; write=2.606 s, sync=0.570 s, total=3.596 s; sync files=5, longest=0.520 s, average=0.114 s; distance=536975 kB, estimate=563564 kB; lsn=2B/D25B03F8, redo lsn=2B/B34015C8
2026-09-26 18:30:18.168 UTC [27] LOG:  checkpoints are occurring too frequently (4 seconds apart)
2026-09-26 18:30:18.168 UTC [27] HINT:  Consider increasing the configuration parameter "max_wal_size".
2026-09-26 18:30:18.168 UTC [27] LOG:  checkpoint starting: wal
2026-09-26 18:30:21.663 UTC [27] LOG:  checkpoint complete: wrote 1480 buffers (9.0%); 0 WAL file(s) added, 1 removed, 32 recycled; write=2.433 s, sync=0.612 s, total=3.495 s; sync files=4, longest=0.574 s, average=0.153 s; distance=539888 kB, estimate=561196 kB; lsn=2B/F341D9E8, redo lsn=2B/D433D7F8
2026-09-26 18:30:21.663 UTC [27] LOG:  checkpoints are occurring too frequently (3 seconds apart)
2026-09-26 18:30:21.663 UTC [27] HINT:  Consider increasing the configuration parameter "max_wal_size".
2026-09-26 18:30:21.663 UTC [27] LOG:  checkpoint starting: wal
2026-09-26 18:30:42.017 UTC [27] LOG:  checkpoint complete: wrote 2283 buffers (13.9%); 0 WAL file(s) added, 0 removed, 33 recycled; write=19.066 s, sync=0.897 s, total=20.354 s; sync files=5, longest=0.896 s, average=0.180 s; distance=545153 kB, estimate=559592 kB; lsn=2C/13310098, redo lsn=2B/F579DFC0
2026-09-26 18:30:51.557 UTC [27] LOG:  checkpoint starting: wal
2026-09-26 18:30:55.033 UTC [27] LOG:  checkpoint complete: wrote 812 buffers (5.0%); 0 WAL file(s) added, 1 removed, 32 recycled; write=2.373 s, sync=0.635 s, total=3.476 s; sync files=10, longest=0.448 s, average=0.064 s; distance=537024 kB, estimate=557335 kB; lsn=2C/35444D08, redo lsn=2C/1640E230
2026-09-26 18:30:55.033 UTC [27] LOG:  checkpoints are occurring too frequently (4 seconds apart)
2026-09-26 18:30:55.033 UTC [27] HINT:  Consider increasing the configuration parameter "max_wal_size".
2026-09-26 18:30:55.033 UTC [27] LOG:  checkpoint starting: wal
2026-09-26 18:30:58.779 UTC [27] LOG:  checkpoint complete: wrote 2296 buffers (14.0%); 0 WAL file(s) added, 2 removed, 32 recycled; write=2.500 s, sync=0.596 s, total=3.747 s; sync files=4, longest=0.554 s, average=0.149 s; distance=556453 kB, estimate=557247 kB; lsn=2C/5728FFB0, redo lsn=2C/38377658
2026-09-26 18:30:58.790 UTC [27] LOG:  checkpoints are occurring too frequently (3 seconds apart)
2026-09-26 18:30:58.790 UTC [27] HINT:  Consider increasing the configuration parameter "max_wal_size".
2026-09-26 18:30:58.790 UTC [27] LOG:  checkpoint starting: wal
2026-09-26 18:31:02.244 UTC [27] LOG:  checkpoint complete: wrote 1925 buffers (11.7%); 0 WAL file(s) added, 0 removed, 33 recycled; write=2.453 s, sync=0.545 s, total=3.454 s; sync files=5, longest=0.514 s, average=0.109 s; distance=541126 kB, estimate=555635 kB; lsn=2C/77E5CDC8, redo lsn=2C/593E8E68
2026-09-26 18:31:02.336 UTC [27] LOG:  checkpoints are occurring too frequently (4 seconds apart)
2026-09-26 18:31:02.336 UTC [27] HINT:  Consider increasing the configuration parameter "max_wal_size".
2026-09-26 18:31:02.336 UTC [27] LOG:  checkpoint starting: wal
2026-09-26 18:31:05.792 UTC [27] LOG:  checkpoint complete: wrote 1626 buffers (9.9%); 0 WAL file(s) added, 1 removed, 32 recycled; write=2.418 s, sync=0.603 s, total=3.457 s; sync files=4, longest=0.563 s, average=0.151 s; distance=539588 kB, estimate=554030 kB; lsn=2C/991AE3F8, redo lsn=2C/7A2DA030
2026-09-26 18:31:05.816 UTC [27] LOG:  checkpoints are occurring too frequently (3 seconds apart)
2026-09-26 18:31:05.816 UTC [27] HINT:  Consider increasing the configuration parameter "max_wal_size".
2026-09-26 18:31:05.816 UTC [27] LOG:  checkpoint starting: wal
2026-09-26 18:31:09.267 UTC [27] LOG:  checkpoint complete: wrote 2192 buffers (13.4%); 0 WAL file(s) added, 1 removed, 32 recycled; write=2.428 s, sync=0.572 s, total=3.451 s; sync files=4, longest=0.527 s, average=0.143 s; distance=541855 kB, estimate=552813 kB; lsn=2C/BA243A20, redo lsn=2C/9B401F78
2026-09-26 18:31:09.267 UTC [27] LOG:  checkpoints are occurring too frequently (4 seconds apart)
2026-09-26 18:31:09.267 UTC [27] HINT:  Consider increasing the configuration parameter "max_wal_size".
2026-09-26 18:31:09.267 UTC [27] LOG:  checkpoint starting: wal
2026-09-26 18:31:12.844 UTC [27] LOG:  checkpoint complete: wrote 2167 buffers (13.2%); 0 WAL file(s) added, 1 removed, 32 recycled; write=2.513 s, sync=0.639 s, total=3.577 s; sync files=5, longest=0.550 s, average=0.128 s; distance=539388 kB, estimate=551470 kB; lsn=2C/DB403048, redo lsn=2C/BC2C1250
2026-09-26 18:31:12.864 UTC [27] LOG:  checkpoints are occurring too frequently (3 seconds apart)
2026-09-26 18:31:12.864 UTC [27] HINT:  Consider increasing the configuration parameter "max_wal_size".
2026-09-26 18:31:12.864 UTC [27] LOG:  checkpoint starting: wal
2026-09-26 18:31:16.423 UTC [27] LOG:  checkpoint complete: wrote 1899 buffers (11.6%); 0 WAL file(s) added, 1 removed, 32 recycled; write=2.475 s, sync=0.620 s, total=3.559 s; sync files=4, longest=0.589 s, average=0.155 s; distance=538569 kB, estimate=550180 kB; lsn=2C/FC466E20, redo lsn=2C/DD0B39E0
2026-09-26 18:31:16.423 UTC [27] LOG:  checkpoints are occurring too frequently (4 seconds apart)
2026-09-26 18:31:16.423 UTC [27] HINT:  Consider increasing the configuration parameter "max_wal_size".
2026-09-26 18:31:16.423 UTC [27] LOG:  checkpoint starting: wal
2026-09-26 18:31:19.935 UTC [27] LOG:  checkpoint complete: wrote 1806 buffers (11.0%); 0 WAL file(s) added, 1 removed, 32 recycled; write=2.483 s, sync=0.563 s, total=3.513 s; sync files=4, longest=0.514 s, average=0.141 s; distance=545178 kB, estimate=549680 kB; lsn=2D/1D401840, redo lsn=2C/FE51A330
2026-09-26 18:31:19.935 UTC [27] LOG:  checkpoints are occurring too frequently (3 seconds apart)
2026-09-26 18:31:19.935 UTC [27] HINT:  Consider increasing the configuration parameter "max_wal_size".
2026-09-26 18:31:19.937 UTC [27] LOG:  checkpoint starting: wal
2026-09-26 18:31:26.115 UTC [27] LOG:  checkpoint complete: wrote 2179 buffers (13.3%); 0 WAL file(s) added, 1 removed, 32 recycled; write=2.470 s, sync=3.286 s, total=6.180 s; sync files=5, longest=3.222 s, average=0.657 s; distance=543583 kB, estimate=549070 kB; lsn=2D/3E472548, redo lsn=2D/1F7F1F48
2026-09-26 18:31:51.433 UTC [27] LOG:  checkpoint starting: wal
2026-09-26 18:32:09.555 UTC [27] LOG:  checkpoint complete: wrote 61 buffers (0.4%); 0 WAL file(s) added, 2 removed, 31 recycled; write=16.873 s, sync=0.801 s, total=18.122 s; sync files=85, longest=0.460 s, average=0.010 s; distance=536633 kB, estimate=547826 kB; lsn=2D/6091C620, redo lsn=2D/404004C8
2026-09-26 18:32:09.555 UTC [27] LOG:  checkpoints are occurring too frequently (18 seconds apart)
2026-09-26 18:32:09.555 UTC [27] HINT:  Consider increasing the configuration parameter "max_wal_size".
2026-09-26 18:32:09.555 UTC [27] LOG:  checkpoint starting: wal
2026-09-26 18:32:11.966 UTC [27] LOG:  checkpoint complete: wrote 1701 buffers (10.4%); 0 WAL file(s) added, 2 removed, 33 recycled; write=2.078 s, sync=0.224 s, total=2.411 s; sync files=5, longest=0.211 s, average=0.045 s; distance=570793 kB, estimate=570793 kB; lsn=2D/81437C50, redo lsn=2D/6316AC18
2026-09-26 18:32:12.372 UTC [27] LOG:  checkpoints are occurring too frequently (3 seconds apart)
2026-09-26 18:32:12.372 UTC [27] HINT:  Consider increasing the configuration parameter "max_wal_size".
2026-09-26 18:32:12.372 UTC [27] LOG:  checkpoint starting: wal
2026-09-26 18:32:14.722 UTC [27] LOG:  checkpoint complete: wrote 1685 buffers (10.3%); 0 WAL file(s) added, 1 removed, 32 recycled; write=2.050 s, sync=0.228 s, total=2.351 s; sync files=4, longest=0.212 s, average=0.057 s; distance=543189 kB, estimate=568033 kB; lsn=2D/A34B5EB8, redo lsn=2D/843E0138
2026-09-26 18:32:15.002 UTC [27] LOG:  checkpoints are occurring too frequently (2 seconds apart)
2026-09-26 18:32:15.002 UTC [27] HINT:  Consider increasing the configuration parameter "max_wal_size".
2026-09-26 18:32:15.002 UTC [27] LOG:  checkpoint starting: wal
2026-09-26 18:32:17.259 UTC [27] LOG:  checkpoint complete: wrote 1481 buffers (9.0%); 0 WAL file(s) added, 0 removed, 33 recycled; write=1.965 s, sync=0.218 s, total=2.258 s; sync files=5, longest=0.205 s, average=0.044 s; distance=540799 kB, estimate=565309 kB; lsn=2D/C3B586E8, redo lsn=2D/A53FFE90
2026-09-26 18:32:17.538 UTC [27] LOG:  checkpoints are occurring too frequently (3 seconds apart)
2026-09-26 18:32:17.538 UTC [27] HINT:  Consider increasing the configuration parameter "max_wal_size".
2026-09-26 18:32:17.538 UTC [27] LOG:  checkpoint starting: wal
2026-09-26 18:32:19.998 UTC [27] LOG:  checkpoint complete: wrote 1800 buffers (11.0%); 0 WAL file(s) added, 1 removed, 32 recycled; write=2.086 s, sync=0.296 s, total=2.460 s; sync files=4, longest=0.284 s, average=0.074 s; distance=540676 kB, estimate=562846 kB; lsn=2D/E50EA1D0, redo lsn=2D/C6400F20
2026-09-26 18:32:20.318 UTC [27] LOG:  checkpoints are occurring too frequently (3 seconds apart)
2026-09-26 18:32:20.318 UTC [27] HINT:  Consider increasing the configuration parameter "max_wal_size".
2026-09-26 18:32:20.318 UTC [27] LOG:  checkpoint starting: wal
2026-09-26 18:32:23.481 UTC [27] LOG:  checkpoint complete: wrote 1546 buffers (9.4%); 0 WAL file(s) added, 1 removed, 32 recycled; write=2.055 s, sync=0.608 s, total=3.163 s; sync files=5, longest=0.571 s, average=0.122 s; distance=540671 kB, estimate=560629 kB; lsn=2E/63C9C40, redo lsn=2D/E7400D68
2026-09-26 18:32:23.481 UTC [27] LOG:  checkpoints are occurring too frequently (3 seconds apart)
2026-09-26 18:32:23.481 UTC [27] HINT:  Consider increasing the configuration parameter "max_wal_size".
2026-09-26 18:32:23.481 UTC [27] LOG:  checkpoint starting: wal
2026-09-26 18:32:26.910 UTC [27] LOG:  checkpoint complete: wrote 1971 buffers (12.0%); 0 WAL file(s) added, 1 removed, 32 recycled; write=2.411 s, sync=0.584 s, total=3.430 s; sync files=4, longest=0.552 s, average=0.146 s; distance=546228 kB, estimate=559189 kB; lsn=2E/274575D0, redo lsn=2E/896E088
2026-09-26 18:32:26.927 UTC [27] LOG:  checkpoints are occurring too frequently (3 seconds apart)
2026-09-26 18:32:26.927 UTC [27] HINT:  Consider increasing the configuration parameter "max_wal_size".
2026-09-26 18:32:26.927 UTC [27] LOG:  checkpoint starting: wal
2026-09-26 18:32:30.246 UTC [27] LOG:  checkpoint complete: wrote 1874 buffers (11.4%); 0 WAL file(s) added, 0 removed, 33 recycled; write=2.347 s, sync=0.538 s, total=3.320 s; sync files=4, longest=0.511 s, average=0.135 s; distance=532434 kB, estimate=556513 kB; lsn=2E/47CD1BA0, redo lsn=2E/29162BC8
2026-09-26 18:32:30.259 UTC [27] LOG:  checkpoints are occurring too frequently (4 seconds apart)
2026-09-26 18:32:30.259 UTC [27] HINT:  Consider increasing the configuration parameter "max_wal_size".
2026-09-26 18:32:30.259 UTC [27] LOG:  checkpoint starting: wal
2026-09-26 18:32:33.764 UTC [27] LOG:  checkpoint complete: wrote 2257 buffers (13.8%); 0 WAL file(s) added, 1 removed, 32 recycled; write=2.427 s, sync=0.624 s, total=3.506 s; sync files=5, longest=0.564 s, average=0.125 s; distance=543346 kB, estimate=555196 kB; lsn=2E/696CB328, redo lsn=2E/4A3FF430
2026-09-26 18:32:33.765 UTC [27] LOG:  checkpoints are occurring too frequently (3 seconds apart)
2026-09-26 18:32:33.765 UTC [27] HINT:  Consider increasing the configuration parameter "max_wal_size".
2026-09-26 18:32:33.765 UTC [27] LOG:  checkpoint starting: wal
2026-09-26 18:32:37.590 UTC [27] LOG:  checkpoint complete: wrote 1754 buffers (10.7%); 0 WAL file(s) added, 1 removed, 32 recycled; write=2.666 s, sync=0.660 s, total=3.826 s; sync files=5, longest=0.599 s, average=0.132 s; distance=540863 kB, estimate=553763 kB; lsn=2E/8A8E0330, redo lsn=2E/6B42F2C8
2026-09-26 18:32:37.590 UTC [27] LOG:  checkpoints are occurring too frequently (4 seconds apart)
2026-09-26 18:32:37.590 UTC [27] HINT:  Consider increasing the configuration parameter "max_wal_size".
2026-09-26 18:32:37.590 UTC [27] LOG:  checkpoint starting: wal
2026-09-26 18:33:05.135 UTC [27] LOG:  checkpoint complete: wrote 1908 buffers (11.6%); 0 WAL file(s) added, 3 removed, 32 recycled; write=26.763 s, sync=0.197 s, total=27.546 s; sync files=9, longest=0.166 s, average=0.022 s; distance=583818 kB, estimate=583818 kB; lsn=2E/AD0F3558, redo lsn=2E/8EE51BD0
2026-09-26 18:33:05.135 UTC [27] LOG:  checkpoints are occurring too frequently (28 seconds apart)
2026-09-26 18:33:05.135 UTC [27] HINT:  Consider increasing the configuration parameter "max_wal_size".
2026-09-26 18:33:05.135 UTC [27] LOG:  checkpoint starting: wal
2026-09-26 18:33:08.881 UTC [27] LOG:  checkpoint complete: wrote 1377 buffers (8.4%); 0 WAL file(s) added, 4 removed, 32 recycled; write=2.633 s, sync=0.648 s, total=3.746 s; sync files=5, longest=0.596 s, average=0.130 s; distance=579318 kB, estimate=583368 kB; lsn=2E/D1468568, redo lsn=2E/B240F6C0
2026-09-26 18:33:08.881 UTC [27] LOG:  checkpoints are occurring too frequently (3 seconds apart)
2026-09-26 18:33:08.881 UTC [27] HINT:  Consider increasing the configuration parameter "max_wal_size".
2026-09-26 18:33:08.881 UTC [27] LOG:  checkpoint starting: wal
2026-09-26 18:33:12.392 UTC [27] LOG:  checkpoint complete: wrote 1736 buffers (10.6%); 0 WAL file(s) added, 1 removed, 32 recycled; write=2.470 s, sync=0.626 s, total=3.511 s; sync files=5, longest=0.583 s, average=0.126 s; distance=546414 kB, estimate=579672 kB; lsn=2E/F2479BE8, redo lsn=2E/D39AB218
2026-09-26 18:33:12.405 UTC [27] LOG:  checkpoints are occurring too frequently (4 seconds apart)
2026-09-26 18:33:12.405 UTC [27] HINT:  Consider increasing the configuration parameter "max_wal_size".
2026-09-26 18:33:12.411 UTC [27] LOG:  checkpoint starting: wal
2026-09-26 18:33:15.857 UTC [27] LOG:  checkpoint complete: wrote 2118 buffers (12.9%); 0 WAL file(s) added, 1 removed, 32 recycled; write=2.402 s, sync=0.567 s, total=3.452 s; sync files=4, longest=0.531 s, average=0.142 s; distance=531393 kB, estimate=574845 kB; lsn=2F/1310F400, redo lsn=2E/F409B7A0
2026-09-26 18:33:15.870 UTC [27] LOG:  checkpoints are occurring too frequently (3 seconds apart)
2026-09-26 18:33:15.870 UTC [27] HINT:  Consider increasing the configuration parameter "max_wal_size".
2026-09-26 18:33:15.870 UTC [27] LOG:  checkpoint starting: wal
2026-09-26 18:33:19.389 UTC [27] LOG:  checkpoint complete: wrote 1724 buffers (10.5%); 0 WAL file(s) added, 1 removed, 32 recycled; write=2.520 s, sync=0.602 s, total=3.519 s; sync files=4, longest=0.558 s, average=0.151 s; distance=543994 kB, estimate=571759 kB; lsn=2F/34298600, redo lsn=2F/153DA140
2026-09-26 18:33:19.487 UTC [27] LOG:  checkpoints are occurring too frequently (4 seconds apart)
2026-09-26 18:33:19.487 UTC [27] HINT:  Consider increasing the configuration parameter "max_wal_size".
2026-09-26 18:33:19.487 UTC [27] LOG:  checkpoint starting: wal
2026-09-26 18:33:23.028 UTC [27] LOG:  checkpoint complete: wrote 2124 buffers (13.0%); 0 WAL file(s) added, 1 removed, 32 recycled; write=2.516 s, sync=0.590 s, total=3.541 s; sync files=5, longest=0.548 s, average=0.118 s; distance=540844 kB, estimate=568668 kB; lsn=2F/5554D7C0, redo lsn=2F/36405290
2026-09-26 18:33:23.035 UTC [27] LOG:  checkpoints are occurring too frequently (4 seconds apart)
2026-09-26 18:33:23.035 UTC [27] HINT:  Consider increasing the configuration parameter "max_wal_size".
2026-09-26 18:33:23.035 UTC [27] LOG:  checkpoint starting: wal
2026-09-26 18:33:26.472 UTC [27] LOG:  checkpoint complete: wrote 1682 buffers (10.3%); 0 WAL file(s) added, 1 removed, 32 recycled; write=2.439 s, sync=0.573 s, total=3.438 s; sync files=4, longest=0.532 s, average=0.144 s; distance=540428 kB, estimate=565844 kB; lsn=2F/76400098, redo lsn=2F/573C85C0
2026-09-26 18:33:26.491 UTC [27] LOG:  checkpoints are occurring too frequently (3 seconds apart)
2026-09-26 18:33:26.491 UTC [27] HINT:  Consider increasing the configuration parameter "max_wal_size".
2026-09-26 18:33:26.491 UTC [27] LOG:  checkpoint starting: wal
2026-09-26 18:33:29.963 UTC [27] LOG:  checkpoint complete: wrote 2083 buffers (12.7%); 0 WAL file(s) added, 1 removed, 32 recycled; write=2.362 s, sync=0.636 s, total=3.472 s; sync files=4, longest=0.575 s, average=0.159 s; distance=540898 kB, estimate=563349 kB; lsn=2F/9740BCE0, redo lsn=2F/78400FC8
2026-09-26 18:33:29.963 UTC [27] LOG:  checkpoints are occurring too frequently (3 seconds apart)
2026-09-26 18:33:29.963 UTC [27] HINT:  Consider increasing the configuration parameter "max_wal_size".
2026-09-26 18:33:29.963 UTC [27] LOG:  checkpoint starting: wal
2026-09-26 18:33:33.403 UTC [27] LOG:  checkpoint complete: wrote 1818 buffers (11.1%); 0 WAL file(s) added, 1 removed, 32 recycled; write=2.404 s, sync=0.611 s, total=3.441 s; sync files=5, longest=0.557 s, average=0.123 s; distance=544137 kB, estimate=561428 kB; lsn=2F/B85CAA78, redo lsn=2F/99763640
2026-09-26 18:33:33.423 UTC [27] LOG:  checkpoints are occurring too frequently (4 seconds apart)
2026-09-26 18:33:33.423 UTC [27] HINT:  Consider increasing the configuration parameter "max_wal_size".
2026-09-26 18:33:33.423 UTC [27] LOG:  checkpoint starting: wal
2026-09-26 18:33:36.874 UTC [27] LOG:  checkpoint complete: wrote 1803 buffers (11.0%); 0 WAL file(s) added, 1 removed, 32 recycled; write=2.347 s, sync=0.647 s, total=3.451 s; sync files=4, longest=0.606 s, average=0.162 s; distance=535680 kB, estimate=558853 kB; lsn=2F/D908A6A8, redo lsn=2F/BA2838D8
2026-09-26 18:33:36.874 UTC [27] LOG:  checkpoints are occurring too frequently (3 seconds apart)
2026-09-26 18:33:36.874 UTC [27] HINT:  Consider increasing the configuration parameter "max_wal_size".
2026-09-26 18:33:36.874 UTC [27] LOG:  checkpoint starting: wal
2026-09-26 18:34:19.649 UTC [27] LOG:  checkpoint complete: wrote 2093 buffers (12.8%); 0 WAL file(s) added, 2 removed, 31 recycled; write=41.770 s, sync=0.609 s, total=42.775 s; sync files=74, longest=0.372 s, average=0.009 s; distance=544181 kB, estimate=557386 kB; lsn=2F/FBB64390, redo lsn=2F/DB5F0F20
2026-09-26 18:34:19.649 UTC [27] LOG:  checkpoint starting: wal
2026-09-26 18:34:22.125 UTC [27] LOG:  checkpoint complete: wrote 1653 buffers (10.1%); 0 WAL file(s) added, 4 removed, 32 recycled; write=2.169 s, sync=0.223 s, total=2.477 s; sync files=8, longest=0.206 s, average=0.028 s; distance=594108 kB, estimate=594108 kB; lsn=30/1E505178, redo lsn=2F/FFA20110
2026-09-26 18:34:22.250 UTC [27] LOG:  checkpoints are occurring too frequently (3 seconds apart)
2026-09-26 18:34:22.250 UTC [27] HINT:  Consider increasing the configuration parameter "max_wal_size".
2026-09-26 18:34:22.250 UTC [27] LOG:  checkpoint starting: wal
2026-09-26 18:34:24.524 UTC [27] LOG:  checkpoint complete: wrote 1698 buffers (10.4%); 0 WAL file(s) added, 1 removed, 32 recycled; write=1.957 s, sync=0.222 s, total=2.274 s; sync files=4, longest=0.213 s, average=0.056 s; distance=530747 kB, estimate=587772 kB; lsn=30/3F159EC0, redo lsn=30/2006ED98
2026-09-26 18:34:24.709 UTC [27] LOG:  checkpoints are occurring too frequently (2 seconds apart)
2026-09-26 18:34:24.709 UTC [27] HINT:  Consider increasing the configuration parameter "max_wal_size".
2026-09-26 18:34:24.709 UTC [27] LOG:  checkpoint starting: wal
2026-09-26 18:34:27.122 UTC [27] LOG:  checkpoint complete: wrote 1483 buffers (9.1%); 0 WAL file(s) added, 1 removed, 32 recycled; write=2.068 s, sync=0.271 s, total=2.413 s; sync files=4, longest=0.254 s, average=0.068 s; distance=544345 kB, estimate=583429 kB; lsn=30/60D59380, redo lsn=30/41405580
2026-09-26 18:34:27.316 UTC [27] LOG:  checkpoints are occurring too frequently (3 seconds apart)
2026-09-26 18:34:27.316 UTC [27] HINT:  Consider increasing the configuration parameter "max_wal_size".
2026-09-26 18:34:27.316 UTC [27] LOG:  checkpoint starting: wal
2026-09-26 18:34:29.557 UTC [27] LOG:  checkpoint complete: wrote 1445 buffers (8.8%); 0 WAL file(s) added, 0 removed, 33 recycled; write=1.938 s, sync=0.220 s, total=2.241 s; sync files=5, longest=0.209 s, average=0.044 s; distance=538142 kB, estimate=578901 kB; lsn=30/80C58F10, redo lsn=30/6218D090
2026-09-26 18:34:29.803 UTC [27] LOG:  checkpoints are occurring too frequently (2 seconds apart)
2026-09-26 18:34:29.803 UTC [27] HINT:  Consider increasing the configuration parameter "max_wal_size".
2026-09-26 18:34:29.803 UTC [27] LOG:  checkpoint starting: wal
2026-09-26 18:34:32.055 UTC [27] LOG:  checkpoint complete: wrote 1780 buffers (10.9%); 0 WAL file(s) added, 0 removed, 33 recycled; write=1.949 s, sync=0.225 s, total=2.253 s; sync files=4, longest=0.215 s, average=0.057 s; distance=543179 kB, estimate=575328 kB; lsn=30/A1C678F8, redo lsn=30/833FFE50
2026-09-26 18:34:32.277 UTC [27] LOG:  checkpoints are occurring too frequently (3 seconds apart)
2026-09-26 18:34:32.277 UTC [27] HINT:  Consider increasing the configuration parameter "max_wal_size".
2026-09-26 18:34:32.277 UTC [27] LOG:  checkpoint starting: wal
2026-09-26 18:34:35.372 UTC [27] LOG:  checkpoint complete: wrote 1614 buffers (9.9%); 0 WAL file(s) added, 1 removed, 32 recycled; write=2.051 s, sync=0.646 s, total=3.096 s; sync files=5, longest=0.586 s, average=0.130 s; distance=540672 kB, estimate=571863 kB; lsn=30/C3689498, redo lsn=30/A4400190
2026-09-26 18:34:35.411 UTC [27] LOG:  checkpoints are occurring too frequently (3 seconds apart)
2026-09-26 18:34:35.411 UTC [27] HINT:  Consider increasing the configuration parameter "max_wal_size".
2026-09-26 18:34:35.411 UTC [27] LOG:  checkpoint starting: wal
2026-09-26 18:34:38.649 UTC [27] LOG:  checkpoint complete: wrote 1858 buffers (11.3%); 0 WAL file(s) added, 1 removed, 32 recycled; write=2.262 s, sync=0.565 s, total=3.238 s; sync files=4, longest=0.531 s, average=0.142 s; distance=538852 kB, estimate=568562 kB; lsn=30/E4454BB8, redo lsn=30/C52391D8
2026-09-26 18:34:38.681 UTC [27] LOG:  checkpoints are occurring too frequently (3 seconds apart)
2026-09-26 18:34:38.681 UTC [27] HINT:  Consider increasing the configuration parameter "max_wal_size".
2026-09-26 18:34:38.681 UTC [27] LOG:  checkpoint starting: wal
2026-09-26 18:34:42.104 UTC [27] LOG:  checkpoint complete: wrote 2047 buffers (12.5%); 0 WAL file(s) added, 1 removed, 32 recycled; write=2.297 s, sync=0.625 s, total=3.424 s; sync files=4, longest=0.572 s, average=0.157 s; distance=542075 kB, estimate=565913 kB; lsn=31/533AC10, redo lsn=30/E6398120
2026-09-26 18:34:42.104 UTC [27] LOG:  checkpoints are occurring too frequently (4 seconds apart)
2026-09-26 18:34:42.104 UTC [27] HINT:  Consider increasing the configuration parameter "max_wal_size".
2026-09-26 18:34:42.104 UTC [27] LOG:  checkpoint starting: wal
2026-09-26 18:34:45.507 UTC [27] LOG:  checkpoint complete: wrote 2190 buffers (13.4%); 0 WAL file(s) added, 1 removed, 32 recycled; write=2.306 s, sync=0.612 s, total=3.404 s; sync files=6, longest=0.554 s, average=0.102 s; distance=550481 kB, estimate=564370 kB; lsn=31/26640188, redo lsn=31/7D2C860
2026-09-26 18:34:45.508 UTC [27] LOG:  checkpoints are occurring too frequently (3 seconds apart)
2026-09-26 18:34:45.508 UTC [27] HINT:  Consider increasing the configuration parameter "max_wal_size".
2026-09-26 18:34:45.508 UTC [27] LOG:  checkpoint starting: wal
2026-09-26 18:34:49.300 UTC [27] LOG:  checkpoint complete: wrote 1644 buffers (10.0%); 0 WAL file(s) added, 2 removed, 31 recycled; write=2.723 s, sync=0.606 s, total=3.793 s; sync files=5, longest=0.431 s, average=0.122 s; distance=538877 kB, estimate=561821 kB; lsn=31/487B3398, redo lsn=31/28B6BEF0
2026-09-26 18:34:49.300 UTC [27] LOG:  checkpoints are occurring too frequently (4 seconds apart)
2026-09-26 18:34:49.300 UTC [27] HINT:  Consider increasing the configuration parameter "max_wal_size".
2026-09-26 18:34:49.304 UTC [27] LOG:  checkpoint starting: wal
2026-09-26 18:35:16.766 UTC [27] LOG:  checkpoint complete: wrote 1449 buffers (8.8%); 0 WAL file(s) added, 2 removed, 33 recycled; write=26.793 s, sync=0.228 s, total=27.466 s; sync files=10, longest=0.170 s, average=0.023 s; distance=568382 kB, estimate=568382 kB; lsn=31/6953B5F0, redo lsn=31/4B67BAE0
2026-09-26 18:35:16.856 UTC [27] LOG:  checkpoints are occurring too frequently (27 seconds apart)
2026-09-26 18:35:16.856 UTC [27] HINT:  Consider increasing the configuration parameter "max_wal_size".
2026-09-26 18:35:16.856 UTC [27] LOG:  checkpoint starting: wal
2026-09-26 18:35:20.169 UTC [27] LOG:  checkpoint complete: wrote 1666 buffers (10.2%); 0 WAL file(s) added, 1 removed, 32 recycled; write=2.282 s, sync=0.619 s, total=3.314 s; sync files=6, longest=0.558 s, average=0.104 s; distance=538182 kB, estimate=565362 kB; lsn=31/8B421668, redo lsn=31/6C40D530
2026-09-26 18:35:20.170 UTC [27] LOG:  checkpoints are occurring too frequently (4 seconds apart)
2026-09-26 18:35:20.170 UTC [27] HINT:  Consider increasing the configuration parameter "max_wal_size".
2026-09-26 18:35:20.170 UTC [27] LOG:  checkpoint starting: wal
2026-09-26 18:35:23.813 UTC [27] LOG:  checkpoint complete: wrote 1876 buffers (11.5%); 0 WAL file(s) added, 1 removed, 32 recycled; write=2.504 s, sync=0.687 s, total=3.643 s; sync files=5, longest=0.621 s, average=0.138 s; distance=544669 kB, estimate=563293 kB; lsn=31/AC5E69A8, redo lsn=31/8D7F4CB8
2026-09-26 18:35:23.813 UTC [27] LOG:  checkpoints are occurring too frequently (3 seconds apart)
2026-09-26 18:35:23.813 UTC [27] HINT:  Consider increasing the configuration parameter "max_wal_size".
2026-09-26 18:35:23.813 UTC [27] LOG:  checkpoint starting: wal
2026-09-26 18:35:27.146 UTC [27] LOG:  checkpoint complete: wrote 1672 buffers (10.2%); 0 WAL file(s) added, 1 removed, 32 recycled; write=2.337 s, sync=0.558 s, total=3.334 s; sync files=4, longest=0.511 s, average=0.140 s; distance=546314 kB, estimate=561595 kB; lsn=31/CD66D110, redo lsn=31/AED778B0
2026-09-26 18:35:27.146 UTC [27] LOG:  checkpoints are occurring too frequently (4 seconds apart)
2026-09-26 18:35:27.146 UTC [27] HINT:  Consider increasing the configuration parameter "max_wal_size".
2026-09-26 18:35:27.146 UTC [27] LOG:  checkpoint starting: wal
2026-09-26 18:35:31.198 UTC [27] LOG:  checkpoint complete: wrote 1680 buffers (10.3%); 0 WAL file(s) added, 1 removed, 32 recycled; write=2.950 s, sync=0.644 s, total=4.053 s; sync files=4, longest=0.612 s, average=0.161 s; distance=530179 kB, estimate=558454 kB; lsn=31/EE87C170, redo lsn=31/CF3385C8
2026-09-26 18:35:31.199 UTC [27] LOG:  checkpoints are occurring too frequently (4 seconds apart)
2026-09-26 18:35:31.199 UTC [27] HINT:  Consider increasing the configuration parameter "max_wal_size".
2026-09-26 18:35:31.199 UTC [27] LOG:  checkpoint starting: wal
2026-09-26 18:35:34.642 UTC [27] LOG:  checkpoint complete: wrote 2099 buffers (12.8%); 0 WAL file(s) added, 1 removed, 33 recycled; write=2.342 s, sync=0.649 s, total=3.444 s; sync files=5, longest=0.608 s, average=0.131 s; distance=553785 kB, estimate=557987 kB; lsn=32/F6B4108, redo lsn=31/F1006A08
2026-09-26 18:35:34.763 UTC [27] LOG:  checkpoints are occurring too frequently (3 seconds apart)
2026-09-26 18:35:34.763 UTC [27] HINT:  Consider increasing the configuration parameter "max_wal_size".
2026-09-26 18:35:34.763 UTC [27] LOG:  checkpoint starting: wal
2026-09-26 18:35:38.168 UTC [27] LOG:  checkpoint complete: wrote 1502 buffers (9.2%); 0 WAL file(s) added, 1 removed, 32 recycled; write=2.370 s, sync=0.586 s, total=3.405 s; sync files=4, longest=0.550 s, average=0.147 s; distance=544317 kB, estimate=556620 kB; lsn=32/314DED60, redo lsn=32/12396198
2026-09-26 18:35:38.186 UTC [27] LOG:  checkpoints are occurring too frequently (4 seconds apart)
2026-09-26 18:35:38.186 UTC [27] HINT:  Consider increasing the configuration parameter "max_wal_size".
2026-09-26 18:35:38.186 UTC [27] LOG:  checkpoint starting: wal
2026-09-26 18:35:41.494 UTC [27] LOG:  checkpoint complete: wrote 1979 buffers (12.1%); 0 WAL file(s) added, 1 removed, 32 recycled; write=2.230 s, sync=0.603 s, total=3.309 s; sync files=4, longest=0.560 s, average=0.151 s; distance=539373 kB, estimate=554895 kB; lsn=32/5240BE78, redo lsn=32/33251628
2026-09-26 18:35:41.494 UTC [27] LOG:  checkpoints are occurring too frequently (3 seconds apart)
2026-09-26 18:35:41.494 UTC [27] HINT:  Consider increasing the configuration parameter "max_wal_size".
2026-09-26 18:35:41.494 UTC [27] LOG:  checkpoint starting: wal
2026-09-26 18:35:44.849 UTC [27] LOG:  checkpoint complete: wrote 2402 buffers (14.7%); 0 WAL file(s) added, 1 removed, 32 recycled; write=2.349 s, sync=0.566 s, total=3.355 s; sync files=5, longest=0.523 s, average=0.114 s; distance=552058 kB, estimate=554611 kB; lsn=32/7362D060, redo lsn=32/54D700E0
2026-09-26 18:35:44.849 UTC [27] LOG:  checkpoints are occurring too frequently (3 seconds apart)
2026-09-26 18:35:44.849 UTC [27] HINT:  Consider increasing the configuration parameter "max_wal_size".
2026-09-26 18:35:44.849 UTC [27] LOG:  checkpoint starting: wal
2026-09-26 18:35:48.334 UTC [27] LOG:  checkpoint complete: wrote 1709 buffers (10.4%); 0 WAL file(s) added, 1 removed, 32 recycled; write=2.397 s, sync=0.620 s, total=3.486 s; sync files=4, longest=0.568 s, average=0.155 s; distance=541303 kB, estimate=553281 kB; lsn=32/945EA500, redo lsn=32/75E0DD70
2026-09-26 18:35:48.334 UTC [27] LOG:  checkpoints are occurring too frequently (4 seconds apart)
2026-09-26 18:35:48.334 UTC [27] HINT:  Consider increasing the configuration parameter "max_wal_size".
2026-09-26 18:35:48.334 UTC [27] LOG:  checkpoint starting: wal
2026-09-26 18:36:31.465 UTC [27] LOG:  checkpoint complete: wrote 1720 buffers (10.5%); 0 WAL file(s) added, 2 removed, 31 recycled; write=42.408 s, sync=0.291 s, total=43.132 s; sync files=72, longest=0.025 s, average=0.005 s; distance=530050 kB, estimate=550957 kB; lsn=32/B6F57070, redo lsn=32/963AE7B8
2026-09-26 18:36:31.465 UTC [27] LOG:  checkpoint starting: wal
2026-09-26 18:36:34.521 UTC [27] LOG:  checkpoint complete: wrote 4238 buffers (25.9%); 0 WAL file(s) added, 3 removed, 32 recycled; write=2.039 s, sync=0.565 s, total=3.056 s; sync files=12, longest=0.508 s, average=0.048 s; distance=578512 kB, estimate=578512 kB; lsn=32/D8ADA048, redo lsn=32/B98A2B00
2026-09-26 18:36:34.521 UTC [27] LOG:  checkpoints are occurring too frequently (3 seconds apart)
2026-09-26 18:36:34.521 UTC [27] HINT:  Consider increasing the configuration parameter "max_wal_size".
2026-09-26 18:36:34.521 UTC [27] LOG:  checkpoint starting: wal
2026-09-26 18:36:37.839 UTC [27] LOG:  checkpoint complete: wrote 1952 buffers (11.9%); 0 WAL file(s) added, 1 removed, 33 recycled; write=2.308 s, sync=0.562 s, total=3.319 s; sync files=5, longest=0.529 s, average=0.113 s; distance=550813 kB, estimate=575742 kB; lsn=32/F96A5270, redo lsn=32/DB28A040
2026-09-26 18:36:37.937 UTC [27] LOG:  checkpoints are occurring too frequently (3 seconds apart)
2026-09-26 18:36:37.937 UTC [27] HINT:  Consider increasing the configuration parameter "max_wal_size".
2026-09-26 18:36:37.937 UTC [27] LOG:  checkpoint starting: wal
2026-09-26 18:36:41.262 UTC [27] LOG:  checkpoint complete: wrote 2087 buffers (12.7%); 0 WAL file(s) added, 1 removed, 32 recycled; write=2.346 s, sync=0.572 s, total=3.326 s; sync files=4, longest=0.538 s, average=0.143 s; distance=539948 kB, estimate=572163 kB; lsn=33/1B400F88, redo lsn=32/FC1D5320
2026-09-26 18:36:41.263 UTC [27] LOG:  checkpoints are occurring too frequently (4 seconds apart)
2026-09-26 18:36:41.263 UTC [27] HINT:  Consider increasing the configuration parameter "max_wal_size".
2026-09-26 18:36:41.263 UTC [27] LOG:  checkpoint starting: wal
2026-09-26 18:36:44.702 UTC [27] LOG:  checkpoint complete: wrote 2281 buffers (13.9%); 0 WAL file(s) added, 1 removed, 32 recycled; write=2.318 s, sync=0.652 s, total=3.439 s; sync files=4, longest=0.610 s, average=0.163 s; distance=549312 kB, estimate=569878 kB; lsn=33/3CC55560, redo lsn=33/1DA453E8
2026-09-26 18:36:44.702 UTC [27] LOG:  checkpoints are occurring too frequently (3 seconds apart)
2026-09-26 18:36:44.702 UTC [27] HINT:  Consider increasing the configuration parameter "max_wal_size".
2026-09-26 18:36:44.710 UTC [27] LOG:  checkpoint starting: wal
2026-09-26 18:36:48.006 UTC [27] LOG:  checkpoint complete: wrote 1680 buffers (10.3%); 0 WAL file(s) added, 1 removed, 33 recycled; write=2.290 s, sync=0.563 s, total=3.305 s; sync files=5, longest=0.525 s, average=0.113 s; distance=548459 kB, estimate=567736 kB; lsn=33/5D4345A0, redo lsn=33/3F1E00A0
2026-09-26 18:36:48.006 UTC [27] LOG:  checkpoints are occurring too frequently (4 seconds apart)
2026-09-26 18:36:48.006 UTC [27] HINT:  Consider increasing the configuration parameter "max_wal_size".
2026-09-26 18:36:48.006 UTC [27] LOG:  checkpoint starting: wal
2026-09-26 18:36:51.298 UTC [27] LOG:  checkpoint complete: wrote 1637 buffers (10.0%); 0 WAL file(s) added, 0 removed, 32 recycled; write=2.201 s, sync=0.633 s, total=3.292 s; sync files=4, longest=0.594 s, average=0.159 s; distance=530988 kB, estimate=564061 kB; lsn=33/7E9D17B0, redo lsn=33/5F86B430
2026-09-26 18:36:51.298 UTC [27] LOG:  checkpoints are occurring too frequently (3 seconds apart)
2026-09-26 18:36:51.298 UTC [27] HINT:  Consider increasing the configuration parameter "max_wal_size".
2026-09-26 18:36:51.298 UTC [27] LOG:  checkpoint starting: wal
2026-09-26 18:36:54.682 UTC [27] LOG:  checkpoint complete: wrote 1860 buffers (11.4%); 0 WAL file(s) added, 1 removed, 32 recycled; write=2.348 s, sync=0.590 s, total=3.384 s; sync files=10, longest=0.538 s, average=0.059 s; distance=541122 kB, estimate=561767 kB; lsn=33/9F75F0F0, redo lsn=33/808DBD10
2026-09-26 18:36:54.682 UTC [27] LOG:  checkpoints are occurring too frequently (3 seconds apart)
2026-09-26 18:36:54.682 UTC [27] HINT:  Consider increasing the configuration parameter "max_wal_size".
2026-09-26 18:36:54.682 UTC [27] LOG:  checkpoint starting: wal
2026-09-26 18:37:01.088 UTC [27] LOG:  checkpoint complete: wrote 1778 buffers (10.9%); 0 WAL file(s) added, 1 removed, 32 recycled; write=5.146 s, sync=0.671 s, total=6.407 s; sync files=15, longest=0.594 s, average=0.045 s; distance=536433 kB, estimate=559234 kB; lsn=33/C0D60750, redo lsn=33/A14B84B0
2026-09-26 18:37:01.089 UTC [27] LOG:  checkpoints are occurring too frequently (7 seconds apart)
2026-09-26 18:37:01.089 UTC [27] HINT:  Consider increasing the configuration parameter "max_wal_size".
2026-09-26 18:37:01.089 UTC [27] LOG:  checkpoint starting: wal
2026-09-26 18:37:04.482 UTC [27] LOG:  checkpoint complete: wrote 2201 buffers (13.4%); 0 WAL file(s) added, 1 removed, 33 recycled; write=2.228 s, sync=0.689 s, total=3.394 s; sync files=4, longest=0.659 s, average=0.173 s; distance=552533 kB, estimate=558564 kB; lsn=33/E1685B88, redo lsn=33/C304D8F0
2026-09-26 18:37:04.594 UTC [27] LOG:  checkpoints are occurring too frequently (3 seconds apart)
2026-09-26 18:37:04.594 UTC [27] HINT:  Consider increasing the configuration parameter "max_wal_size".
2026-09-26 18:37:04.594 UTC [27] LOG:  checkpoint starting: wal
2026-09-26 18:37:07.954 UTC [27] LOG:  checkpoint complete: wrote 2262 buffers (13.8%); 0 WAL file(s) added, 1 removed, 32 recycled; write=2.301 s, sync=0.572 s, total=3.361 s; sync files=5, longest=0.524 s, average=0.115 s; distance=543886 kB, estimate=557096 kB; lsn=34/371D690, redo lsn=33/E43711D8
2026-09-26 18:37:07.954 UTC [27] LOG:  checkpoints are occurring too frequently (3 seconds apart)
2026-09-26 18:37:07.954 UTC [27] HINT:  Consider increasing the configuration parameter "max_wal_size".
2026-09-26 18:37:07.954 UTC [27] LOG:  checkpoint starting: wal
2026-09-26 18:37:11.702 UTC [27] LOG:  checkpoint complete: wrote 2171 buffers (13.3%); 0 WAL file(s) added, 2 removed, 32 recycled; write=2.595 s, sync=0.653 s, total=3.748 s; sync files=5, longest=0.509 s, average=0.131 s; distance=557673 kB, estimate=557673 kB; lsn=34/254FDF60, redo lsn=34/640B890
2026-09-26 18:37:11.702 UTC [27] LOG:  checkpoints are occurring too frequently (4 seconds apart)
2026-09-26 18:37:11.702 UTC [27] HINT:  Consider increasing the configuration parameter "max_wal_size".
2026-09-26 18:37:11.702 UTC [27] LOG:  checkpoint starting: wal
2026-09-26 18:37:39.374 UTC [27] LOG:  checkpoint complete: wrote 675 buffers (4.1%); 0 WAL file(s) added, 2 removed, 33 recycled; write=27.043 s, sync=0.200 s, total=27.673 s; sync files=5, longest=0.170 s, average=0.040 s; distance=575753 kB, estimate=575753 kB; lsn=34/47E42EA0, redo lsn=34/2964DCE0
2026-09-26 18:37:39.401 UTC [27] LOG:  checkpoints are occurring too frequently (28 seconds apart)
2026-09-26 18:37:39.401 UTC [27] HINT:  Consider increasing the configuration parameter "max_wal_size".
2026-09-26 18:37:39.401 UTC [27] LOG:  checkpoint starting: wal
2026-09-26 18:37:45.617 UTC [27] LOG:  checkpoint complete: wrote 1791 buffers (10.9%); 0 WAL file(s) added, 1 removed, 32 recycled; write=2.280 s, sync=3.472 s, total=6.217 s; sync files=6, longest=3.409 s, average=0.579 s; distance=535223 kB, estimate=571700 kB; lsn=34/6963C2F0, redo lsn=34/4A0FBB08
2026-09-26 18:37:45.617 UTC [27] LOG:  checkpoints are occurring too frequently (6 seconds apart)
2026-09-26 18:37:45.617 UTC [27] HINT:  Consider increasing the configuration parameter "max_wal_size".
2026-09-26 18:37:45.617 UTC [27] LOG:  checkpoint starting: wal
2026-09-26 18:37:48.927 UTC [27] LOG:  checkpoint complete: wrote 1994 buffers (12.2%); 0 WAL file(s) added, 1 removed, 32 recycled; write=2.247 s, sync=0.610 s, total=3.311 s; sync files=4, longest=0.566 s, average=0.153 s; distance=544730 kB, estimate=569003 kB; lsn=34/8A48A840, redo lsn=34/6B4F2660
2026-09-26 18:37:48.928 UTC [27] LOG:  checkpoints are occurring too frequently (3 seconds apart)
2026-09-26 18:37:48.928 UTC [27] HINT:  Consider increasing the configuration parameter "max_wal_size".
2026-09-26 18:37:48.928 UTC [27] LOG:  checkpoint starting: wal
2026-09-26 18:37:52.480 UTC [27] LOG:  checkpoint complete: wrote 2218 buffers (13.5%); 0 WAL file(s) added, 2 removed, 32 recycled; write=2.435 s, sync=0.669 s, total=3.553 s; sync files=4, longest=0.618 s, average=0.168 s; distance=552343 kB, estimate=567337 kB; lsn=34/AC264528, redo lsn=34/8D058310
2026-09-26 18:37:52.480 UTC [27] LOG:  checkpoints are occurring too frequently (4 seconds apart)
2026-09-26 18:37:52.480 UTC [27] HINT:  Consider increasing the configuration parameter "max_wal_size".
2026-09-26 18:37:52.480 UTC [27] LOG:  checkpoint starting: wal
2026-09-26 18:37:55.788 UTC [27] LOG:  checkpoint complete: wrote 1653 buffers (10.1%); 0 WAL file(s) added, 1 removed, 32 recycled; write=2.304 s, sync=0.593 s, total=3.309 s; sync files=10, longest=0.552 s, average=0.060 s; distance=552171 kB, estimate=565820 kB; lsn=34/CD50ABC8, redo lsn=34/AEB93088
2026-09-26 18:37:55.805 UTC [27] LOG:  checkpoints are occurring too frequently (3 seconds apart)
2026-09-26 18:37:55.805 UTC [27] HINT:  Consider increasing the configuration parameter "max_wal_size".
2026-09-26 18:37:55.805 UTC [27] LOG:  checkpoint starting: wal
2026-09-26 18:37:59.112 UTC [27] LOG:  checkpoint complete: wrote 1108 buffers (6.8%); 0 WAL file(s) added, 1 removed, 32 recycled; write=2.304 s, sync=0.583 s, total=3.308 s; sync files=4, longest=0.548 s, average=0.146 s; distance=532911 kB, estimate=562529 kB; lsn=34/EE3833B8, redo lsn=34/CF3FEF78
2026-09-26 18:37:59.140 UTC [27] LOG:  checkpoints are occurring too frequently (4 seconds apart)
2026-09-26 18:37:59.140 UTC [27] HINT:  Consider increasing the configuration parameter "max_wal_size".
2026-09-26 18:37:59.140 UTC [27] LOG:  checkpoint starting: wal
2026-09-26 18:38:02.440 UTC [27] LOG:  checkpoint complete: wrote 1906 buffers (11.6%); 0 WAL file(s) added, 1 removed, 32 recycled; write=2.270 s, sync=0.589 s, total=3.301 s; sync files=4, longest=0.556 s, average=0.148 s; distance=537476 kB, estimate=560024 kB; lsn=35/F6EC580, redo lsn=34/F00E0170
2026-09-26 18:38:02.440 UTC [27] LOG:  checkpoints are occurring too frequently (3 seconds apart)
2026-09-26 18:38:02.440 UTC [27] HINT:  Consider increasing the configuration parameter "max_wal_size".
2026-09-26 18:38:02.440 UTC [27] LOG:  checkpoint starting: wal
2026-09-26 18:38:05.704 UTC [27] LOG:  checkpoint complete: wrote 2090 buffers (12.8%); 0 WAL file(s) added, 1 removed, 32 recycled; write=2.284 s, sync=0.562 s, total=3.264 s; sync files=5, longest=0.516 s, average=0.113 s; distance=544605 kB, estimate=558482 kB; lsn=35/304CBAD0, redo lsn=35/114B7598
2026-09-26 18:38:05.747 UTC [27] LOG:  checkpoints are occurring too frequently (3 seconds apart)
2026-09-26 18:38:05.747 UTC [27] HINT:  Consider increasing the configuration parameter "max_wal_size".
2026-09-26 18:38:05.747 UTC [27] LOG:  checkpoint starting: wal
2026-09-26 18:38:08.985 UTC [27] LOG:  checkpoint complete: wrote 1955 buffers (11.9%); 0 WAL file(s) added, 1 removed, 32 recycled; write=2.157 s, sync=0.601 s, total=3.239 s; sync files=4, longest=0.556 s, average=0.151 s; distance=539666 kB, estimate=556600 kB; lsn=35/514013D8, redo lsn=35/323BC0F0
2026-09-26 18:38:08.985 UTC [27] LOG:  checkpoints are occurring too frequently (3 seconds apart)
2026-09-26 18:38:08.985 UTC [27] HINT:  Consider increasing the configuration parameter "max_wal_size".
2026-09-26 18:38:08.985 UTC [27] LOG:  checkpoint starting: wal
2026-09-26 18:38:12.395 UTC [27] LOG:  checkpoint complete: wrote 2238 buffers (13.7%); 0 WAL file(s) added, 1 removed, 33 recycled; write=2.352 s, sync=0.580 s, total=3.410 s; sync files=4, longest=0.546 s, average=0.145 s; distance=554629 kB, estimate=556403 kB; lsn=35/724CEFC0, redo lsn=35/5415D658
2026-09-26 18:38:12.395 UTC [27] LOG:  checkpoints are occurring too frequently (4 seconds apart)
2026-09-26 18:38:12.395 UTC [27] HINT:  Consider increasing the configuration parameter "max_wal_size".
2026-09-26 18:38:12.395 UTC [27] LOG:  checkpoint starting: wal
2026-09-26 18:38:18.734 UTC [27] LOG:  checkpoint complete: wrote 2224 buffers (13.6%); 0 WAL file(s) added, 1 removed, 32 recycled; write=2.351 s, sync=3.542 s, total=6.339 s; sync files=5, longest=3.539 s, average=0.709 s; distance=542892 kB, estimate=555052 kB; lsn=35/944012E8, redo lsn=35/753889B0
2026-09-26 18:38:18.734 UTC [27] LOG:  checkpoints are occurring too frequently (6 seconds apart)
2026-09-26 18:38:18.734 UTC [27] HINT:  Consider increasing the configuration parameter "max_wal_size".
2026-09-26 18:38:18.734 UTC [27] LOG:  checkpoint starting: wal
2026-09-26 18:39:02.577 UTC [27] LOG:  checkpoint complete: wrote 1251 buffers (7.6%); 0 WAL file(s) added, 4 removed, 29 recycled; write=42.735 s, sync=0.598 s, total=43.844 s; sync files=81, longest=0.333 s, average=0.008 s; distance=552828 kB, estimate=554830 kB; lsn=35/B81B7250, redo lsn=35/96F67D20
2026-09-26 18:39:02.577 UTC [27] LOG:  checkpoint starting: wal
2026-09-26 18:39:05.051 UTC [27] LOG:  checkpoint complete: wrote 2417 buffers (14.8%); 0 WAL file(s) added, 6 removed, 32 recycled; write=2.104 s, sync=0.236 s, total=2.474 s; sync files=7, longest=0.224 s, average=0.034 s; distance=616124 kB, estimate=616124 kB; lsn=35/DB526578, redo lsn=35/BC916DC0
2026-09-26 18:39:05.171 UTC [27] LOG:  checkpoints are occurring too frequently (3 seconds apart)
2026-09-26 18:39:05.171 UTC [27] HINT:  Consider increasing the configuration parameter "max_wal_size".
2026-09-26 18:39:05.171 UTC [27] LOG:  checkpoint starting: wal
2026-09-26 18:39:07.451 UTC [27] LOG:  checkpoint complete: wrote 1791 buffers (10.9%); 0 WAL file(s) added, 1 removed, 32 recycled; write=1.931 s, sync=0.268 s, total=2.281 s; sync files=5, longest=0.250 s, average=0.054 s; distance=535465 kB, estimate=608058 kB; lsn=35/FC400160, redo lsn=35/DD401458
2026-09-26 18:39:07.584 UTC [27] LOG:  checkpoints are occurring too frequently (2 seconds apart)
2026-09-26 18:39:07.584 UTC [27] HINT:  Consider increasing the configuration parameter "max_wal_size".
2026-09-26 18:39:07.584 UTC [27] LOG:  checkpoint starting: wal
2026-09-26 18:39:09.949 UTC [27] LOG:  checkpoint complete: wrote 1843 buffers (11.2%); 0 WAL file(s) added, 0 removed, 33 recycled; write=1.951 s, sync=0.323 s, total=2.366 s; sync files=4, longest=0.312 s, average=0.081 s; distance=539263 kB, estimate=601178 kB; lsn=36/1CCA6098, redo lsn=35/FE2A12B0
2026-09-26 18:39:10.140 UTC [27] LOG:  checkpoints are occurring too frequently (3 seconds apart)
2026-09-26 18:39:10.140 UTC [27] HINT:  Consider increasing the configuration parameter "max_wal_size".
2026-09-26 18:39:10.141 UTC [27] LOG:  checkpoint starting: wal
2026-09-26 18:39:12.426 UTC [27] LOG:  checkpoint complete: wrote 1743 buffers (10.6%); 0 WAL file(s) added, 1 removed, 32 recycled; write=1.974 s, sync=0.241 s, total=2.286 s; sync files=4, longest=0.229 s, average=0.061 s; distance=542088 kB, estimate=595269 kB; lsn=36/3E476468, redo lsn=36/1F4033B0
2026-09-26 18:39:12.558 UTC [27] LOG:  checkpoints are occurring too frequently (2 seconds apart)
2026-09-26 18:39:12.558 UTC [27] HINT:  Consider increasing the configuration parameter "max_wal_size".
2026-09-26 18:39:12.558 UTC [27] LOG:  checkpoint starting: wal
2026-09-26 18:39:14.832 UTC [27] LOG:  checkpoint complete: wrote 1839 buffers (11.2%); 0 WAL file(s) added, 1 removed, 32 recycled; write=1.960 s, sync=0.231 s, total=2.275 s; sync files=5, longest=0.218 s, average=0.047 s; distance=538369 kB, estimate=589579 kB; lsn=36/5F51E200, redo lsn=36/401C3910
2026-09-26 18:39:14.962 UTC [27] LOG:  checkpoints are occurring too frequently (2 seconds apart)
2026-09-26 18:39:14.962 UTC [27] HINT:  Consider increasing the configuration parameter "max_wal_size".
2026-09-26 18:39:14.962 UTC [27] LOG:  checkpoint starting: wal
2026-09-26 18:39:18.059 UTC [27] LOG:  checkpoint complete: wrote 1753 buffers (10.7%); 0 WAL file(s) added, 1 removed, 32 recycled; write=2.056 s, sync=0.634 s, total=3.098 s; sync files=4, longest=0.598 s, average=0.159 s; distance=542825 kB, estimate=584904 kB; lsn=36/804D92B0, redo lsn=36/613DDD18
2026-09-26 18:39:18.060 UTC [27] LOG:  checkpoints are occurring too frequently (4 seconds apart)
2026-09-26 18:39:18.060 UTC [27] HINT:  Consider increasing the configuration parameter "max_wal_size".
2026-09-26 18:39:18.060 UTC [27] LOG:  checkpoint starting: wal
2026-09-26 18:39:21.449 UTC [27] LOG:  checkpoint complete: wrote 2085 buffers (12.7%); 0 WAL file(s) added, 1 removed, 33 recycled; write=2.362 s, sync=0.586 s, total=3.390 s; sync files=5, longest=0.529 s, average=0.118 s; distance=553249 kB, estimate=581738 kB; lsn=36/A17DE5B8, redo lsn=36/83026220
2026-09-26 18:39:21.449 UTC [27] LOG:  checkpoints are occurring too frequently (3 seconds apart)
2026-09-26 18:39:21.449 UTC [27] HINT:  Consider increasing the configuration parameter "max_wal_size".
2026-09-26 18:39:21.449 UTC [27] LOG:  checkpoint starting: wal
2026-09-26 18:39:24.879 UTC [27] LOG:  checkpoint complete: wrote 2072 buffers (12.6%); 0 WAL file(s) added, 1 removed, 32 recycled; write=2.386 s, sync=0.618 s, total=3.431 s; sync files=4, longest=0.577 s, average=0.155 s; distance=544892 kB, estimate=578054 kB; lsn=36/C34BEB20, redo lsn=36/A44455A0
2026-09-26 18:39:24.879 UTC [27] LOG:  checkpoints are occurring too frequently (3 seconds apart)
2026-09-26 18:39:24.879 UTC [27] HINT:  Consider increasing the configuration parameter "max_wal_size".
2026-09-26 18:39:24.879 UTC [27] LOG:  checkpoint starting: wal
2026-09-26 18:39:28.393 UTC [27] LOG:  checkpoint complete: wrote 1907 buffers (11.6%); 0 WAL file(s) added, 1 removed, 33 recycled; write=2.463 s, sync=0.572 s, total=3.514 s; sync files=4, longest=0.528 s, average=0.143 s; distance=553628 kB, estimate=575611 kB; lsn=36/E44DFA30, redo lsn=36/C60EC6A8
2026-09-26 18:39:28.393 UTC [27] LOG:  checkpoints are occurring too frequently (4 seconds apart)
2026-09-26 18:39:28.393 UTC [27] HINT:  Consider increasing the configuration parameter "max_wal_size".
2026-09-26 18:39:28.393 UTC [27] LOG:  checkpoint starting: wal
2026-09-26 18:39:31.782 UTC [27] LOG:  checkpoint complete: wrote 1867 buffers (11.4%); 0 WAL file(s) added, 1 removed, 32 recycled; write=2.339 s, sync=0.585 s, total=3.390 s; sync files=5, longest=0.537 s, average=0.117 s; distance=546070 kB, estimate=572657 kB; lsn=37/6829AA0, redo lsn=36/E7632078
2026-09-26 18:39:31.782 UTC [27] LOG:  checkpoints are occurring too frequently (3 seconds apart)
2026-09-26 18:39:31.782 UTC [27] HINT:  Consider increasing the configuration parameter "max_wal_size".
2026-09-26 18:39:31.782 UTC [27] LOG:  checkpoint starting: wal
2026-09-26 18:39:59.478 UTC [27] LOG:  checkpoint complete: wrote 1806 buffers (11.0%); 0 WAL file(s) added, 1 removed, 33 recycled; write=27.043 s, sync=0.239 s, total=27.696 s; sync files=5, longest=0.237 s, average=0.048 s; distance=556037 kB, estimate=570995 kB; lsn=37/27138670, redo lsn=37/9533588
2026-09-26 18:40:00.617 UTC [27] LOG:  checkpoints are occurring too frequently (29 seconds apart)
2026-09-26 18:40:00.617 UTC [27] HINT:  Consider increasing the configuration parameter "max_wal_size".
2026-09-26 18:40:00.617 UTC [27] LOG:  checkpoint starting: wal
2026-09-26 18:40:03.858 UTC [27] LOG:  checkpoint complete: wrote 2502 buffers (15.3%); 0 WAL file(s) added, 1 removed, 32 recycled; write=2.176 s, sync=0.592 s, total=3.242 s; sync files=6, longest=0.420 s, average=0.099 s; distance=539456 kB, estimate=567841 kB; lsn=37/494A0728, redo lsn=37/2A4036D0
2026-09-26 18:40:03.858 UTC [27] LOG:  checkpoints are occurring too frequently (3 seconds apart)
2026-09-26 18:40:03.858 UTC [27] HINT:  Consider increasing the configuration parameter "max_wal_size".
2026-09-26 18:40:03.858 UTC [27] LOG:  checkpoint starting: wal
2026-09-26 18:40:07.173 UTC [27] LOG:  checkpoint complete: wrote 1715 buffers (10.5%); 0 WAL file(s) added, 2 removed, 32 recycled; write=2.289 s, sync=0.611 s, total=3.315 s; sync files=4, longest=0.576 s, average=0.153 s; distance=557478 kB, estimate=566805 kB; lsn=37/6B49D788, redo lsn=37/4C46CF08
2026-09-26 18:40:07.173 UTC [27] LOG:  checkpoints are occurring too frequently (4 seconds apart)
2026-09-26 18:40:07.173 UTC [27] HINT:  Consider increasing the configuration parameter "max_wal_size".
2026-09-26 18:40:07.173 UTC [27] LOG:  checkpoint starting: wal
2026-09-26 18:40:10.508 UTC [27] LOG:  checkpoint complete: wrote 1237 buffers (7.6%); 0 WAL file(s) added, 1 removed, 32 recycled; write=2.330 s, sync=0.608 s, total=3.335 s; sync files=5, longest=0.562 s, average=0.122 s; distance=536331 kB, estimate=563757 kB; lsn=37/8C5CBA98, redo lsn=37/6D02FE28
2026-09-26 18:40:10.522 UTC [27] LOG:  checkpoints are occurring too frequently (3 seconds apart)
2026-09-26 18:40:10.522 UTC [27] HINT:  Consider increasing the configuration parameter "max_wal_size".
2026-09-26 18:40:10.522 UTC [27] LOG:  checkpoint starting: wal
2026-09-26 18:40:13.820 UTC [27] LOG:  checkpoint complete: wrote 1883 buffers (11.5%); 0 WAL file(s) added, 1 removed, 32 recycled; write=2.267 s, sync=0.613 s, total=3.299 s; sync files=4, longest=0.572 s, average=0.154 s; distance=544583 kB, estimate=561840 kB; lsn=37/AD4FF3B8, redo lsn=37/8E401DE8
2026-09-26 18:40:13.842 UTC [27] LOG:  checkpoints are occurring too frequently (3 seconds apart)
2026-09-26 18:40:13.842 UTC [27] HINT:  Consider increasing the configuration parameter "max_wal_size".
2026-09-26 18:40:13.847 UTC [27] LOG:  checkpoint starting: wal
2026-09-26 18:40:19.983 UTC [27] LOG:  checkpoint complete: wrote 1551 buffers (9.5%); 0 WAL file(s) added, 1 removed, 32 recycled; write=2.252 s, sync=3.414 s, total=6.141 s; sync files=4, longest=3.378 s, average=0.854 s; distance=539819 kB, estimate=559638 kB; lsn=37/CE47C298, redo lsn=37/AF32CAB8
2026-09-26 18:40:19.983 UTC [27] LOG:  checkpoints are occurring too frequently (6 seconds apart)
2026-09-26 18:40:19.983 UTC [27] HINT:  Consider increasing the configuration parameter "max_wal_size".
2026-09-26 18:40:19.983 UTC [27] LOG:  checkpoint starting: wal
2026-09-26 18:40:23.267 UTC [27] LOG:  checkpoint complete: wrote 1788 buffers (10.9%); 0 WAL file(s) added, 1 removed, 32 recycled; write=2.273 s, sync=0.598 s, total=3.285 s; sync files=4, longest=0.565 s, average=0.150 s; distance=541244 kB, estimate=557798 kB; lsn=37/EF2F24E8, redo lsn=37/D03BBBE8
2026-09-26 18:40:23.301 UTC [27] LOG:  checkpoints are occurring too frequently (4 seconds apart)
2026-09-26 18:40:23.301 UTC [27] HINT:  Consider increasing the configuration parameter "max_wal_size".
2026-09-26 18:40:23.301 UTC [27] LOG:  checkpoint starting: wal
2026-09-26 18:40:26.662 UTC [27] LOG:  checkpoint complete: wrote 1354 buffers (8.3%); 0 WAL file(s) added, 1 removed, 32 recycled; write=2.278 s, sync=0.646 s, total=3.361 s; sync files=5, longest=0.598 s, average=0.130 s; distance=539938 kB, estimate=556012 kB; lsn=38/10CFF540, redo lsn=37/F13047C8
2026-09-26 18:40:26.662 UTC [27] LOG:  checkpoints are occurring too frequently (3 seconds apart)
2026-09-26 18:40:26.662 UTC [27] HINT:  Consider increasing the configuration parameter "max_wal_size".
2026-09-26 18:40:26.662 UTC [27] LOG:  checkpoint starting: wal
2026-09-26 18:40:29.963 UTC [27] LOG:  checkpoint complete: wrote 1844 buffers (11.3%); 0 WAL file(s) added, 1 removed, 32 recycled; write=2.233 s, sync=0.577 s, total=3.301 s; sync files=4, longest=0.533 s, average=0.145 s; distance=550021 kB, estimate=555413 kB; lsn=38/314B2668, redo lsn=38/12C25E98
2026-09-26 18:40:29.963 UTC [27] LOG:  checkpoints are occurring too frequently (3 seconds apart)
2026-09-26 18:40:29.963 UTC [27] HINT:  Consider increasing the configuration parameter "max_wal_size".
2026-09-26 18:40:29.963 UTC [27] LOG:  checkpoint starting: wal
2026-09-26 18:40:33.289 UTC [27] LOG:  checkpoint complete: wrote 1430 buffers (8.7%); 0 WAL file(s) added, 1 removed, 32 recycled; write=2.222 s, sync=0.625 s, total=3.326 s; sync files=4, longest=0.593 s, average=0.156 s; distance=539757 kB, estimate=553848 kB; lsn=38/5241F560, redo lsn=38/33B414D8
2026-09-26 18:40:33.289 UTC [27] LOG:  checkpoints are occurring too frequently (4 seconds apart)
2026-09-26 18:40:33.289 UTC [27] HINT:  Consider increasing the configuration parameter "max_wal_size".
2026-09-26 18:40:33.289 UTC [27] LOG:  checkpoint starting: wal
2026-09-26 18:40:36.738 UTC [27] LOG:  checkpoint complete: wrote 1762 buffers (10.8%); 0 WAL file(s) added, 1 removed, 32 recycled; write=2.558 s, sync=0.483 s, total=3.449 s; sync files=5, longest=0.449 s, average=0.097 s; distance=544496 kB, estimate=552912 kB; lsn=38/736E02F8, redo lsn=38/54EFD5B0
2026-09-26 18:40:36.738 UTC [27] LOG:  checkpoints are occurring too frequently (3 seconds apart)
2026-09-26 18:40:36.738 UTC [27] HINT:  Consider increasing the configuration parameter "max_wal_size".
2026-09-26 18:40:36.738 UTC [27] LOG:  checkpoint starting: wal
2026-09-26 18:40:40.036 UTC [27] LOG:  checkpoint complete: wrote 1668 buffers (10.2%); 0 WAL file(s) added, 1 removed, 33 recycled; write=2.336 s, sync=0.551 s, total=3.298 s; sync files=4, longest=0.517 s, average=0.138 s; distance=544753 kB, estimate=552097 kB; lsn=38/944DBD88, redo lsn=38/762F9C10
2026-09-26 18:40:40.036 UTC [27] LOG:  checkpoints are occurring too frequently (4 seconds apart)
2026-09-26 18:40:40.036 UTC [27] HINT:  Consider increasing the configuration parameter "max_wal_size".
2026-09-26 18:40:40.036 UTC [27] LOG:  checkpoint starting: wal
2026-09-26 18:41:25.825 UTC [27] LOG:  checkpoint complete: wrote 1595 buffers (9.7%); 0 WAL file(s) added, 2 removed, 31 recycled; write=45.514 s, sync=0.178 s, total=45.789 s; sync files=75, longest=0.117 s, average=0.003 s; distance=542253 kB, estimate=551112 kB; lsn=38/B7D31E50, redo lsn=38/97485088
2026-09-26 18:41:25.825 UTC [27] LOG:  checkpoint starting: wal
2026-09-26 18:41:28.080 UTC [27] LOG:  checkpoint complete: wrote 1246 buffers (7.6%); 0 WAL file(s) added, 2 removed, 31 recycled; write=1.845 s, sync=0.315 s, total=2.255 s; sync files=7, longest=0.297 s, average=0.045 s; distance=548287 kB, estimate=550830 kB; lsn=38/D8400920, redo lsn=38/B8BF4D18
2026-09-26 18:41:28.102 UTC [27] LOG:  checkpoints are occurring too frequently (3 seconds apart)
2026-09-26 18:41:28.102 UTC [27] HINT:  Consider increasing the configuration parameter "max_wal_size".
2026-09-26 18:41:28.102 UTC [27] LOG:  checkpoint starting: wal
2026-09-26 18:41:30.361 UTC [27] LOG:  checkpoint complete: wrote 1607 buffers (9.8%); 0 WAL file(s) added, 0 removed, 33 recycled; write=1.946 s, sync=0.232 s, total=2.259 s; sync files=5, longest=0.221 s, average=0.047 s; distance=532178 kB, estimate=548964 kB; lsn=38/F7C374C0, redo lsn=38/D93A98E0
2026-09-26 18:41:30.548 UTC [27] LOG:  checkpoints are occurring too frequently (2 seconds apart)
2026-09-26 18:41:30.548 UTC [27] HINT:  Consider increasing the configuration parameter "max_wal_size".
2026-09-26 18:41:30.548 UTC [27] LOG:  checkpoint starting: wal
2026-09-26 18:41:32.851 UTC [27] LOG:  checkpoint complete: wrote 1780 buffers (10.9%); 0 WAL file(s) added, 1 removed, 32 recycled; write=1.980 s, sync=0.243 s, total=2.303 s; sync files=4, longest=0.231 s, average=0.061 s; distance=541012 kB, estimate=548169 kB; lsn=39/194A1CA0, redo lsn=38/FA3FEBE0
2026-09-26 18:41:32.952 UTC [27] LOG:  checkpoints are occurring too frequently (2 seconds apart)
2026-09-26 18:41:32.952 UTC [27] HINT:  Consider increasing the configuration parameter "max_wal_size".
2026-09-26 18:41:32.955 UTC [27] LOG:  checkpoint starting: wal
2026-09-26 18:41:35.015 UTC [27] LOG:  checkpoint complete: wrote 1671 buffers (10.2%); 0 WAL file(s) added, 0 removed, 33 recycled; write=1.750 s, sync=0.235 s, total=2.064 s; sync files=4, longest=0.225 s, average=0.059 s; distance=538654 kB, estimate=547218 kB; lsn=39/39D364A8, redo lsn=39/1B206688
2026-09-26 18:41:35.243 UTC [27] LOG:  checkpoints are occurring too frequently (3 seconds apart)
2026-09-26 18:41:35.243 UTC [27] HINT:  Consider increasing the configuration parameter "max_wal_size".
2026-09-26 18:41:35.243 UTC [27] LOG:  checkpoint starting: wal
2026-09-26 18:41:37.401 UTC [27] LOG:  checkpoint complete: wrote 1658 buffers (10.1%); 0 WAL file(s) added, 1 removed, 32 recycled; write=1.852 s, sync=0.236 s, total=2.159 s; sync files=5, longest=0.225 s, average=0.047 s; distance=542697 kB, estimate=546766 kB; lsn=39/5B262AB0, redo lsn=39/3C400C98
2026-09-26 18:41:37.679 UTC [27] LOG:  checkpoints are occurring too frequently (2 seconds apart)
2026-09-26 18:41:37.679 UTC [27] HINT:  Consider increasing the configuration parameter "max_wal_size".
2026-09-26 18:41:37.679 UTC [27] LOG:  checkpoint starting: wal
2026-09-26 18:41:40.928 UTC [27] LOG:  checkpoint complete: wrote 1536 buffers (9.4%); 0 WAL file(s) added, 1 removed, 32 recycled; write=2.218 s, sync=0.636 s, total=3.249 s; sync files=4, longest=0.583 s, average=0.159 s; distance=540674 kB, estimate=546157 kB; lsn=39/7C89E0C0, redo lsn=39/5D4017E0
2026-09-26 18:41:40.928 UTC [27] LOG:  checkpoints are occurring too frequently (3 seconds apart)
2026-09-26 18:41:40.928 UTC [27] HINT:  Consider increasing the configuration parameter "max_wal_size".
2026-09-26 18:41:40.928 UTC [27] LOG:  checkpoint starting: wal
2026-09-26 18:41:44.146 UTC [27] LOG:  checkpoint complete: wrote 1962 buffers (12.0%); 0 WAL file(s) added, 1 removed, 32 recycled; write=2.131 s, sync=0.612 s, total=3.219 s; sync files=4, longest=0.567 s, average=0.153 s; distance=540862 kB, estimate=545627 kB; lsn=39/9D821120, redo lsn=39/7E4312F0
2026-09-26 18:41:44.147 UTC [27] LOG:  checkpoints are occurring too frequently (4 seconds apart)
2026-09-26 18:41:44.147 UTC [27] HINT:  Consider increasing the configuration parameter "max_wal_size".
2026-09-26 18:41:44.147 UTC [27] LOG:  checkpoint starting: wal
2026-09-26 18:41:47.435 UTC [27] LOG:  checkpoint complete: wrote 1145 buffers (7.0%); 0 WAL file(s) added, 1 removed, 32 recycled; write=2.252 s, sync=0.597 s, total=3.288 s; sync files=5, longest=0.560 s, average=0.120 s; distance=546006 kB, estimate=546006 kB; lsn=39/BE954B20, redo lsn=39/9F966C68
2026-09-26 18:41:47.435 UTC [27] LOG:  checkpoints are occurring too frequently (3 seconds apart)
2026-09-26 18:41:47.435 UTC [27] HINT:  Consider increasing the configuration parameter "max_wal_size".
2026-09-26 18:41:47.435 UTC [27] LOG:  checkpoint starting: wal
2026-09-26 18:41:51.068 UTC [27] LOG:  checkpoint complete: wrote 1843 buffers (11.2%); 0 WAL file(s) added, 2 removed, 32 recycled; write=2.386 s, sync=0.695 s, total=3.633 s; sync files=4, longest=0.642 s, average=0.174 s; distance=552324 kB, estimate=552324 kB; lsn=39/E08AEBF8, redo lsn=39/C14C7D08
2026-09-26 18:41:51.068 UTC [27] LOG:  checkpoints are occurring too frequently (4 seconds apart)
2026-09-26 18:41:51.068 UTC [27] HINT:  Consider increasing the configuration parameter "max_wal_size".
2026-09-26 18:41:51.068 UTC [27] LOG:  checkpoint starting: wal
2026-09-26 18:41:54.586 UTC [27] LOG:  checkpoint complete: wrote 1768 buffers (10.8%); 0 WAL file(s) added, 2 removed, 32 recycled; write=2.410 s, sync=0.653 s, total=3.519 s; sync files=7, longest=0.538 s, average=0.094 s; distance=558878 kB, estimate=558878 kB; lsn=3A/2928430, redo lsn=39/E368F788
2026-09-26 18:41:54.586 UTC [27] LOG:  checkpoints are occurring too frequently (3 seconds apart)
2026-09-26 18:41:54.586 UTC [27] HINT:  Consider increasing the configuration parameter "max_wal_size".
2026-09-26 18:41:54.586 UTC [27] LOG:  checkpoint starting: wal
2026-09-26 18:41:58.453 UTC [27] LOG:  checkpoint complete: wrote 1777 buffers (10.8%); 0 WAL file(s) added, 1 removed, 33 recycled; write=2.639 s, sync=0.710 s, total=3.867 s; sync files=7, longest=0.524 s, average=0.102 s; distance=557235 kB, estimate=558714 kB; lsn=3A/23A30B98, redo lsn=3A/56BC470
2026-09-26 18:41:58.453 UTC [27] LOG:  checkpoints are occurring too frequently (4 seconds apart)
2026-09-26 18:41:58.453 UTC [27] HINT:  Consider increasing the configuration parameter "max_wal_size".
2026-09-26 18:41:58.453 UTC [27] LOG:  checkpoint starting: wal
2026-09-26 18:42:29.706 UTC [27] LOG:  checkpoint complete: wrote 1296 buffers (7.9%); 0 WAL file(s) added, 4 removed, 32 recycled; write=30.483 s, sync=0.301 s, total=31.254 s; sync files=17, longest=0.175 s, average=0.018 s; distance=596540 kB, estimate=596540 kB; lsn=3A/486D22D8, redo lsn=3A/29D4B840
2026-09-26 18:42:29.835 UTC [27] LOG:  checkpoint starting: wal
2026-09-26 18:42:33.273 UTC [27] LOG:  checkpoint complete: wrote 2240 buffers (13.7%); 0 WAL file(s) added, 1 removed, 32 recycled; write=2.378 s, sync=0.624 s, total=3.438 s; sync files=7, longest=0.551 s, average=0.090 s; distance=531150 kB, estimate=590001 kB; lsn=3A/697D8868, redo lsn=3A/4A3FF108
2026-09-26 18:42:33.273 UTC [27] LOG:  checkpoints are occurring too frequently (4 seconds apart)
2026-09-26 18:42:33.273 UTC [27] HINT:  Consider increasing the configuration parameter "max_wal_size".
2026-09-26 18:42:33.273 UTC [27] LOG:  checkpoint starting: wal
2026-09-26 18:42:36.739 UTC [27] LOG:  checkpoint complete: wrote 1761 buffers (10.7%); 0 WAL file(s) added, 1 removed, 33 recycled; write=2.321 s, sync=0.647 s, total=3.467 s; sync files=5, longest=0.594 s, average=0.130 s; distance=553162 kB, estimate=586317 kB; lsn=3A/8A5D0248, redo lsn=3A/6C031CB8
2026-09-26 18:42:36.740 UTC [27] LOG:  checkpoints are occurring too frequently (3 seconds apart)
2026-09-26 18:42:36.740 UTC [27] HINT:  Consider increasing the configuration parameter "max_wal_size".
2026-09-26 18:42:36.740 UTC [27] LOG:  checkpoint starting: wal
2026-09-26 18:42:40.101 UTC [27] LOG:  checkpoint complete: wrote 1826 buffers (11.1%); 0 WAL file(s) added, 1 removed, 32 recycled; write=2.342 s, sync=0.571 s, total=3.362 s; sync files=4, longest=0.534 s, average=0.143 s; distance=550268 kB, estimate=582713 kB; lsn=3A/AC526438, redo lsn=3A/8D990E38
2026-09-26 18:42:40.101 UTC [27] LOG:  checkpoints are occurring too frequently (4 seconds apart)
2026-09-26 18:42:40.101 UTC [27] HINT:  Consider increasing the configuration parameter "max_wal_size".
2026-09-26 18:42:40.101 UTC [27] LOG:  checkpoint starting: wal
2026-09-26 18:42:43.490 UTC [27] LOG:  checkpoint complete: wrote 1696 buffers (10.4%); 0 WAL file(s) added, 1 removed, 33 recycled; write=2.309 s, sync=0.650 s, total=3.389 s; sync files=4, longest=0.619 s, average=0.163 s; distance=552034 kB, estimate=579645 kB; lsn=3A/CDF46FE8, redo lsn=3A/AF4A9660
2026-09-26 18:42:43.490 UTC [27] LOG:  checkpoints are occurring too frequently (3 seconds apart)
2026-09-26 18:42:43.490 UTC [27] HINT:  Consider increasing the configuration parameter "max_wal_size".
2026-09-26 18:42:43.490 UTC [27] LOG:  checkpoint starting: wal
2026-09-26 18:42:46.909 UTC [27] LOG:  checkpoint complete: wrote 1923 buffers (11.7%); 0 WAL file(s) added, 1 removed, 32 recycled; write=2.319 s, sync=0.603 s, total=3.419 s; sync files=5, longest=0.547 s, average=0.121 s; distance=549241 kB, estimate=576604 kB; lsn=3A/EF75E9C8, redo lsn=3A/D0D07D40
2026-09-26 18:42:46.909 UTC [27] LOG:  checkpoints are occurring too frequently (3 seconds apart)
2026-09-26 18:42:46.909 UTC [27] HINT:  Consider increasing the configuration parameter "max_wal_size".
2026-09-26 18:42:46.909 UTC [27] LOG:  checkpoint starting: wal
2026-09-26 18:42:53.246 UTC [27] LOG:  checkpoint complete: wrote 2003 buffers (12.2%); 0 WAL file(s) added, 2 removed, 32 recycled; write=5.261 s, sync=0.605 s, total=6.338 s; sync files=7, longest=0.558 s, average=0.087 s; distance=552520 kB, estimate=574196 kB; lsn=3B/11BA65E0, redo lsn=3A/F2899E18
2026-09-26 18:42:53.247 UTC [27] LOG:  checkpoints are occurring too frequently (7 seconds apart)
2026-09-26 18:42:53.247 UTC [27] HINT:  Consider increasing the configuration parameter "max_wal_size".
2026-09-26 18:42:53.247 UTC [27] LOG:  checkpoint starting: wal
2026-09-26 18:42:56.653 UTC [27] LOG:  checkpoint complete: wrote 1746 buffers (10.7%); 0 WAL file(s) added, 2 removed, 32 recycled; write=2.324 s, sync=0.609 s, total=3.407 s; sync files=6, longest=0.568 s, average=0.102 s; distance=557876 kB, estimate=572564 kB; lsn=3B/334D0958, redo lsn=3B/14966FE8
2026-09-26 18:42:56.653 UTC [27] LOG:  checkpoints are occurring too frequently (3 seconds apart)
2026-09-26 18:42:56.653 UTC [27] HINT:  Consider increasing the configuration parameter "max_wal_size".
2026-09-26 18:42:56.653 UTC [27] LOG:  checkpoint starting: wal
2026-09-26 18:43:00.149 UTC [27] LOG:  checkpoint complete: wrote 1666 buffers (10.2%); 0 WAL file(s) added, 2 removed, 32 recycled; write=2.435 s, sync=0.610 s, total=3.496 s; sync files=5, longest=0.551 s, average=0.122 s; distance=555292 kB, estimate=570837 kB; lsn=3B/556DBFC0, redo lsn=3B/367AE360
2026-09-26 18:43:00.149 UTC [27] LOG:  checkpoints are occurring too frequently (4 seconds apart)
2026-09-26 18:43:00.149 UTC [27] HINT:  Consider increasing the configuration parameter "max_wal_size".
2026-09-26 18:43:00.151 UTC [27] LOG:  checkpoint starting: wal
2026-09-26 18:43:03.615 UTC [27] LOG:  checkpoint complete: wrote 1791 buffers (10.9%); 0 WAL file(s) added, 2 removed, 32 recycled; write=2.323 s, sync=0.664 s, total=3.466 s; sync files=4, longest=0.630 s, average=0.166 s; distance=556017 kB, estimate=569355 kB; lsn=3B/774D5280, redo lsn=3B/586AAA18
2026-09-26 18:43:03.615 UTC [27] LOG:  checkpoints are occurring too frequently (3 seconds apart)
2026-09-26 18:43:03.615 UTC [27] HINT:  Consider increasing the configuration parameter "max_wal_size".
2026-09-26 18:43:03.615 UTC [27] LOG:  checkpoint starting: wal
2026-09-26 18:43:07.139 UTC [27] LOG:  checkpoint complete: wrote 1685 buffers (10.3%); 0 WAL file(s) added, 2 removed, 32 recycled; write=2.457 s, sync=0.604 s, total=3.524 s; sync files=5, longest=0.560 s, average=0.121 s; distance=557644 kB, estimate=568184 kB; lsn=3B/99623638, redo lsn=3B/7A73DD70
2026-09-26 18:43:07.139 UTC [27] LOG:  checkpoints are occurring too frequently (4 seconds apart)
2026-09-26 18:43:07.139 UTC [27] HINT:  Consider increasing the configuration parameter "max_wal_size".
2026-09-26 18:43:07.139 UTC [27] LOG:  checkpoint starting: wal
2026-09-26 18:43:37.603 UTC [27] LOG:  checkpoint complete: wrote 1793 buffers (10.9%); 0 WAL file(s) added, 1 removed, 33 recycled; write=29.979 s, sync=0.260 s, total=30.465 s; sync files=17, longest=0.146 s, average=0.016 s; distance=557202 kB, estimate=567086 kB; lsn=3B/BA2CE0A0, redo lsn=3B/9C762658
2026-09-26 18:43:53.180 UTC [27] LOG:  checkpoint starting: wal
2026-09-26 18:43:55.969 UTC [27] LOG:  checkpoint complete: wrote 447 buffers (2.7%); 0 WAL file(s) added, 1 removed, 32 recycled; write=2.229 s, sync=0.460 s, total=2.789 s; sync files=80, longest=0.385 s, average=0.006 s; distance=536564 kB, estimate=564033 kB; lsn=3B/DCE57518, redo lsn=3B/BD35F968
2026-09-26 18:43:55.995 UTC [27] LOG:  checkpoints are occurring too frequently (2 seconds apart)
2026-09-26 18:43:55.995 UTC [27] HINT:  Consider increasing the configuration parameter "max_wal_size".
2026-09-26 18:43:55.995 UTC [27] LOG:  checkpoint starting: wal
2026-09-26 18:43:58.252 UTC [27] LOG:  checkpoint complete: wrote 1645 buffers (10.0%); 0 WAL file(s) added, 1 removed, 32 recycled; write=1.934 s, sync=0.251 s, total=2.258 s; sync files=5, longest=0.240 s, average=0.051 s; distance=541324 kB, estimate=561762 kB; lsn=3B/FDD0E8A8, redo lsn=3B/DE402A28
2026-09-26 18:43:58.334 UTC [27] LOG:  checkpoints are occurring too frequently (3 seconds apart)
2026-09-26 18:43:58.334 UTC [27] HINT:  Consider increasing the configuration parameter "max_wal_size".
2026-09-26 18:43:58.334 UTC [27] LOG:  checkpoint starting: wal
2026-09-26 18:44:00.479 UTC [27] LOG:  checkpoint complete: wrote 1687 buffers (10.3%); 0 WAL file(s) added, 1 removed, 32 recycled; write=1.775 s, sync=0.297 s, total=2.145 s; sync files=6, longest=0.286 s, average=0.050 s; distance=540693 kB, estimate=559655 kB; lsn=3C/1E5A8A88, redo lsn=3B/FF407EA8
2026-09-26 18:44:00.648 UTC [27] LOG:  checkpoints are occurring too frequently (2 seconds apart)
2026-09-26 18:44:00.648 UTC [27] HINT:  Consider increasing the configuration parameter "max_wal_size".
2026-09-26 18:44:00.648 UTC [27] LOG:  checkpoint starting: wal
2026-09-26 18:44:02.873 UTC [27] LOG:  checkpoint complete: wrote 1588 buffers (9.7%); 0 WAL file(s) added, 2 removed, 31 recycled; write=1.853 s, sync=0.300 s, total=2.225 s; sync files=5, longest=0.287 s, average=0.060 s; distance=540648 kB, estimate=557755 kB; lsn=3C/401870D0, redo lsn=3C/20401FA0
2026-09-26 18:44:03.052 UTC [27] LOG:  checkpoints are occurring too frequently (3 seconds apart)
2026-09-26 18:44:03.052 UTC [27] HINT:  Consider increasing the configuration parameter "max_wal_size".
2026-09-26 18:44:03.052 UTC [27] LOG:  checkpoint starting: wal
2026-09-26 18:44:05.226 UTC [27] LOG:  checkpoint complete: wrote 1100 buffers (6.7%); 0 WAL file(s) added, 1 removed, 32 recycled; write=1.832 s, sync=0.254 s, total=2.175 s; sync files=5, longest=0.244 s, average=0.051 s; distance=540667 kB, estimate=556046 kB; lsn=3C/60D2A278, redo lsn=3C/41400DC0
2026-09-26 18:44:05.272 UTC [27] LOG:  checkpoints are occurring too frequently (2 seconds apart)
2026-09-26 18:44:05.272 UTC [27] HINT:  Consider increasing the configuration parameter "max_wal_size".
2026-09-26 18:44:05.273 UTC [27] LOG:  checkpoint starting: wal
2026-09-26 18:44:07.519 UTC [27] LOG:  checkpoint complete: wrote 1717 buffers (10.5%); 0 WAL file(s) added, 1 removed, 32 recycled; write=1.934 s, sync=0.242 s, total=2.247 s; sync files=6, longest=0.227 s, average=0.041 s; distance=537773 kB, estimate=554219 kB; lsn=3C/81597E60, redo lsn=3C/6212C240
2026-09-26 18:44:07.638 UTC [27] LOG:  checkpoints are occurring too frequently (2 seconds apart)
2026-09-26 18:44:07.638 UTC [27] HINT:  Consider increasing the configuration parameter "max_wal_size".
2026-09-26 18:44:07.638 UTC [27] LOG:  checkpoint starting: wal
2026-09-26 18:44:10.824 UTC [27] LOG:  checkpoint complete: wrote 1740 buffers (10.6%); 0 WAL file(s) added, 1 removed, 32 recycled; write=2.048 s, sync=0.659 s, total=3.187 s; sync files=5, longest=0.620 s, average=0.132 s; distance=543576 kB, estimate=553154 kB; lsn=3C/A23CA770, redo lsn=3C/83402548
2026-09-26 18:44:10.825 UTC [27] LOG:  checkpoints are occurring too frequently (3 seconds apart)
2026-09-26 18:44:10.825 UTC [27] HINT:  Consider increasing the configuration parameter "max_wal_size".
2026-09-26 18:44:10.825 UTC [27] LOG:  checkpoint starting: wal
2026-09-26 18:44:13.936 UTC [27] LOG:  checkpoint complete: wrote 2088 buffers (12.7%); 0 WAL file(s) added, 1 removed, 32 recycled; write=2.152 s, sync=0.567 s, total=3.112 s; sync files=5, longest=0.526 s, average=0.114 s; distance=548684 kB, estimate=552707 kB; lsn=3C/C35905C8, redo lsn=3C/A4BD5890
2026-09-26 18:44:13.936 UTC [27] LOG:  checkpoints are occurring too frequently (3 seconds apart)
2026-09-26 18:44:13.936 UTC [27] HINT:  Consider increasing the configuration parameter "max_wal_size".
2026-09-26 18:44:13.936 UTC [27] LOG:  checkpoint starting: wal
2026-09-26 18:44:17.210 UTC [27] LOG:  checkpoint complete: wrote 928 buffers (5.7%); 0 WAL file(s) added, 1 removed, 32 recycled; write=2.253 s, sync=0.583 s, total=3.274 s; sync files=6, longest=0.539 s, average=0.098 s; distance=532948 kB, estimate=550731 kB; lsn=3C/E4846238, redo lsn=3C/C544AB80
2026-09-26 18:44:17.210 UTC [27] LOG:  checkpoints are occurring too frequently (4 seconds apart)
2026-09-26 18:44:17.210 UTC [27] HINT:  Consider increasing the configuration parameter "max_wal_size".
2026-09-26 18:44:17.210 UTC [27] LOG:  checkpoint starting: wal
2026-09-26 18:44:20.584 UTC [27] LOG:  checkpoint complete: wrote 1627 buffers (9.9%); 0 WAL file(s) added, 1 removed, 33 recycled; write=2.241 s, sync=0.638 s, total=3.374 s; sync files=5, longest=0.594 s, average=0.128 s; distance=561619 kB, estimate=561619 kB; lsn=3D/555D130, redo lsn=3C/E78BF970
2026-09-26 18:44:20.584 UTC [27] LOG:  checkpoints are occurring too frequently (3 seconds apart)
2026-09-26 18:44:20.584 UTC [27] HINT:  Consider increasing the configuration parameter "max_wal_size".
2026-09-26 18:44:20.584 UTC [27] LOG:  checkpoint starting: wal
2026-09-26 18:44:23.767 UTC [27] LOG:  checkpoint complete: wrote 2385 buffers (14.6%); 0 WAL file(s) added, 1 removed, 32 recycled; write=2.178 s, sync=0.570 s, total=3.184 s; sync files=5, longest=0.526 s, average=0.114 s; distance=547868 kB, estimate=560244 kB; lsn=3D/27296FC0, redo lsn=3D/8FC6C90
2026-09-26 18:44:23.776 UTC [27] LOG:  checkpoints are occurring too frequently (3 seconds apart)
2026-09-26 18:44:23.776 UTC [27] HINT:  Consider increasing the configuration parameter "max_wal_size".
2026-09-26 18:44:23.776 UTC [27] LOG:  checkpoint starting: wal
2026-09-26 18:44:27.207 UTC [27] LOG:  checkpoint complete: wrote 2082 buffers (12.7%); 0 WAL file(s) added, 1 removed, 32 recycled; write=2.454 s, sync=0.482 s, total=3.432 s; sync files=6, longest=0.435 s, average=0.081 s; distance=528618 kB, estimate=557081 kB; lsn=3D/48638438, redo lsn=3D/29401578
2026-09-26 18:44:27.208 UTC [27] LOG:  checkpoints are occurring too frequently (4 seconds apart)
2026-09-26 18:44:27.208 UTC [27] HINT:  Consider increasing the configuration parameter "max_wal_size".
2026-09-26 18:44:27.208 UTC [27] LOG:  checkpoint starting: wal
2026-09-26 18:44:56.851 UTC [27] LOG:  checkpoint complete: wrote 724 buffers (4.4%); 0 WAL file(s) added, 1 removed, 32 recycled; write=28.991 s, sync=0.240 s, total=29.644 s; sync files=9, longest=0.193 s, average=0.027 s; distance=548188 kB, estimate=556192 kB; lsn=3D/69400510, redo lsn=3D/4AB586A0
2026-09-26 18:44:56.852 UTC [27] LOG:  checkpoints are occurring too frequently (29 seconds apart)
2026-09-26 18:44:56.852 UTC [27] HINT:  Consider increasing the configuration parameter "max_wal_size".
2026-09-26 18:44:56.852 UTC [27] LOG:  checkpoint starting: wal
2026-09-26 18:44:59.969 UTC [27] LOG:  checkpoint complete: wrote 4661 buffers (28.4%); 0 WAL file(s) added, 2 removed, 32 recycled; write=2.014 s, sync=0.634 s, total=3.118 s; sync files=7, longest=0.520 s, average=0.091 s; distance=550145 kB, estimate=555587 kB; lsn=3D/8B400BE8, redo lsn=3D/6C498C48
2026-09-26 18:44:59.970 UTC [27] LOG:  checkpoints are occurring too frequently (3 seconds apart)
2026-09-26 18:44:59.970 UTC [27] HINT:  Consider increasing the configuration parameter "max_wal_size".
2026-09-26 18:44:59.970 UTC [27] LOG:  checkpoint starting: wal
2026-09-26 18:45:03.186 UTC [27] LOG:  checkpoint complete: wrote 1165 buffers (7.1%); 0 WAL file(s) added, 1 removed, 33 recycled; write=2.141 s, sync=0.578 s, total=3.217 s; sync files=5, longest=0.530 s, average=0.116 s; distance=557637 kB, estimate=557637 kB; lsn=3D/AC5E9158, redo lsn=3D/8E52A3D8
2026-09-26 18:45:03.186 UTC [27] LOG:  checkpoints are occurring too frequently (4 seconds apart)
2026-09-26 18:45:03.186 UTC [27] HINT:  Consider increasing the configuration parameter "max_wal_size".
2026-09-26 18:45:03.186 UTC [27] LOG:  checkpoint starting: wal
2026-09-26 18:45:06.550 UTC [27] LOG:  checkpoint complete: wrote 2153 buffers (13.1%); 0 WAL file(s) added, 1 removed, 32 recycled; write=2.349 s, sync=0.583 s, total=3.364 s; sync files=5, longest=0.547 s, average=0.117 s; distance=549514 kB, estimate=556825 kB; lsn=3D/CE3A1E58, redo lsn=3D/AFDCCC88
2026-09-26 18:45:06.550 UTC [27] LOG:  checkpoints are occurring too frequently (3 seconds apart)
2026-09-26 18:45:06.550 UTC [27] HINT:  Consider increasing the configuration parameter "max_wal_size".
2026-09-26 18:45:06.550 UTC [27] LOG:  checkpoint starting: wal
2026-09-26 18:45:09.830 UTC [27] LOG:  checkpoint complete: wrote 2073 buffers (12.7%); 0 WAL file(s) added, 1 removed, 33 recycled; write=2.220 s, sync=0.622 s, total=3.280 s; sync files=6, longest=0.574 s, average=0.104 s; distance=545819 kB, estimate=555724 kB; lsn=3D/EFA07FC8, redo lsn=3D/D12D3A00
2026-09-26 18:45:09.847 UTC [27] LOG:  checkpoints are occurring too frequently (3 seconds apart)
2026-09-26 18:45:09.847 UTC [27] HINT:  Consider increasing the configuration parameter "max_wal_size".
2026-09-26 18:45:09.847 UTC [27] LOG:  checkpoint starting: wal
2026-09-26 18:45:13.081 UTC [27] LOG:  checkpoint complete: wrote 2176 buffers (13.3%); 0 WAL file(s) added, 1 removed, 32 recycled; write=2.238 s, sync=0.562 s, total=3.235 s; sync files=5, longest=0.525 s, average=0.113 s; distance=540092 kB, estimate=554161 kB; lsn=3E/1189E4B0, redo lsn=3D/F2242C68
2026-09-26 18:45:13.082 UTC [27] LOG:  checkpoints are occurring too frequently (4 seconds apart)
2026-09-26 18:45:13.082 UTC [27] HINT:  Consider increasing the configuration parameter "max_wal_size".
2026-09-26 18:45:13.082 UTC [27] LOG:  checkpoint starting: wal
2026-09-26 18:45:19.209 UTC [27] LOG:  checkpoint complete: wrote 1974 buffers (12.0%); 0 WAL file(s) added, 1 removed, 32 recycled; write=2.186 s, sync=3.521 s, total=6.128 s; sync files=5, longest=3.479 s, average=0.705 s; distance=544234 kB, estimate=553168 kB; lsn=3E/32559B70, redo lsn=3E/135BD638
2026-09-26 18:45:19.210 UTC [27] LOG:  checkpoints are occurring too frequently (6 seconds apart)
2026-09-26 18:45:19.210 UTC [27] HINT:  Consider increasing the configuration parameter "max_wal_size".
2026-09-26 18:45:19.210 UTC [27] LOG:  checkpoint starting: wal
2026-09-26 18:45:22.653 UTC [27] LOG:  checkpoint complete: wrote 1766 buffers (10.8%); 0 WAL file(s) added, 2 removed, 31 recycled; write=2.343 s, sync=0.605 s, total=3.444 s; sync files=6, longest=0.565 s, average=0.101 s; distance=547515 kB, estimate=552603 kB; lsn=3E/540CD4A8, redo lsn=3E/34C6C2F8
2026-09-26 18:45:22.653 UTC [27] LOG:  checkpoints are occurring too frequently (3 seconds apart)
2026-09-26 18:45:22.653 UTC [27] HINT:  Consider increasing the configuration parameter "max_wal_size".
2026-09-26 18:45:22.653 UTC [27] LOG:  checkpoint starting: wal
2026-09-26 18:45:26.214 UTC [27] LOG:  checkpoint complete: wrote 2127 buffers (13.0%); 0 WAL file(s) added, 2 removed, 32 recycled; write=2.446 s, sync=0.615 s, total=3.561 s; sync files=5, longest=0.566 s, average=0.123 s; distance=558317 kB, estimate=558317 kB; lsn=3E/7589DD10, redo lsn=3E/56DA79E8
2026-09-26 18:45:26.214 UTC [27] LOG:  checkpoints are occurring too frequently (4 seconds apart)
2026-09-26 18:45:26.214 UTC [27] HINT:  Consider increasing the configuration parameter "max_wal_size".
2026-09-26 18:45:26.214 UTC [27] LOG:  checkpoint starting: wal
2026-09-26 18:45:29.938 UTC [27] LOG:  checkpoint complete: wrote 2220 buffers (13.5%); 0 WAL file(s) added, 2 removed, 33 recycled; write=2.586 s, sync=0.617 s, total=3.724 s; sync files=5, longest=0.577 s, average=0.124 s; distance=559785 kB, estimate=559785 kB; lsn=3E/974D6E20, redo lsn=3E/79051E80
2026-09-26 18:45:29.938 UTC [27] LOG:  checkpoints are occurring too frequently (3 seconds apart)
2026-09-26 18:45:29.938 UTC [27] HINT:  Consider increasing the configuration parameter "max_wal_size".
2026-09-26 18:45:29.938 UTC [27] LOG:  checkpoint starting: wal
2026-09-26 18:45:33.198 UTC [27] LOG:  checkpoint complete: wrote 2339 buffers (14.3%); 0 WAL file(s) added, 1 removed, 32 recycled; write=2.258 s, sync=0.575 s, total=3.260 s; sync files=6, longest=0.541 s, average=0.096 s; distance=555037 kB, estimate=559310 kB; lsn=3E/B9A0B5B0, redo lsn=3E/9AE593D0
2026-09-26 18:45:33.198 UTC [27] LOG:  checkpoints are occurring too frequently (4 seconds apart)
2026-09-26 18:45:33.198 UTC [27] HINT:  Consider increasing the configuration parameter "max_wal_size".
2026-09-26 18:45:33.198 UTC [27] LOG:  checkpoint starting: wal
2026-09-26 18:45:36.533 UTC [27] LOG:  checkpoint complete: wrote 1999 buffers (12.2%); 0 WAL file(s) added, 1 removed, 32 recycled; write=2.268 s, sync=0.648 s, total=3.336 s; sync files=5, longest=0.619 s, average=0.130 s; distance=530882 kB, estimate=556467 kB; lsn=3E/DA55A068, redo lsn=3E/BB4C9D48
2026-09-26 18:45:36.533 UTC [27] LOG:  checkpoints are occurring too frequently (3 seconds apart)
2026-09-26 18:45:36.533 UTC [27] HINT:  Consider increasing the configuration parameter "max_wal_size".
2026-09-26 18:45:36.533 UTC [27] LOG:  checkpoint starting: wal
2026-09-26 18:46:04.555 UTC [27] LOG:  checkpoint complete: wrote 1803 buffers (11.0%); 0 WAL file(s) added, 1 removed, 32 recycled; write=27.677 s, sync=0.070 s, total=28.022 s; sync files=16, longest=0.015 s, average=0.005 s; distance=551299 kB, estimate=555950 kB; lsn=3E/FB297A78, redo lsn=3E/DCF2AA88
2026-09-26 18:46:17.609 UTC [27] LOG:  checkpoint starting: wal
2026-09-26 18:46:23.040 UTC [27] LOG:  checkpoint complete: wrote 8 buffers (0.0%); 0 WAL file(s) added, 1 removed, 32 recycled; write=4.933 s, sync=0.394 s, total=5.432 s; sync files=73, longest=0.335 s, average=0.006 s; distance=525289 kB, estimate=552884 kB; lsn=3F/1CE83AC8, redo lsn=3E/FD0250F8
2026-09-26 18:46:23.063 UTC [27] LOG:  checkpoints are occurring too frequently (6 seconds apart)
2026-09-26 18:46:23.063 UTC [27] HINT:  Consider increasing the configuration parameter "max_wal_size".
2026-09-26 18:46:23.063 UTC [27] LOG:  checkpoint starting: wal
2026-09-26 18:46:25.222 UTC [27] LOG:  checkpoint complete: wrote 1676 buffers (10.2%); 0 WAL file(s) added, 0 removed, 33 recycled; write=1.851 s, sync=0.222 s, total=2.160 s; sync files=5, longest=0.211 s, average=0.045 s; distance=544650 kB, estimate=552061 kB; lsn=3F/3CFA6CB8, redo lsn=3F/1E407A30
2026-09-26 18:46:25.343 UTC [27] LOG:  checkpoints are occurring too frequently (2 seconds apart)
2026-09-26 18:46:25.343 UTC [27] HINT:  Consider increasing the configuration parameter "max_wal_size".
2026-09-26 18:46:25.343 UTC [27] LOG:  checkpoint starting: wal
2026-09-26 18:46:27.538 UTC [27] LOG:  checkpoint complete: wrote 1754 buffers (10.7%); 0 WAL file(s) added, 1 removed, 32 recycled; write=1.862 s, sync=0.257 s, total=2.195 s; sync files=6, longest=0.244 s, average=0.043 s; distance=538245 kB, estimate=550679 kB; lsn=3F/5E64A160, redo lsn=3F/3F1A9080
2026-09-26 18:46:27.762 UTC [27] LOG:  checkpoints are occurring too frequently (2 seconds apart)
2026-09-26 18:46:27.762 UTC [27] HINT:  Consider increasing the configuration parameter "max_wal_size".
2026-09-26 18:46:27.762 UTC [27] LOG:  checkpoint starting: wal
2026-09-26 18:46:29.938 UTC [27] LOG:  checkpoint complete: wrote 1189 buffers (7.3%); 0 WAL file(s) added, 1 removed, 32 recycled; write=1.857 s, sync=0.236 s, total=2.176 s; sync files=5, longest=0.226 s, average=0.048 s; distance=543066 kB, estimate=549918 kB; lsn=3F/7F555B38, redo lsn=3F/603FF9F0
2026-09-26 18:46:30.047 UTC [27] LOG:  checkpoints are occurring too frequently (3 seconds apart)
2026-09-26 18:46:30.047 UTC [27] HINT:  Consider increasing the configuration parameter "max_wal_size".
2026-09-26 18:46:30.047 UTC [27] LOG:  checkpoint starting: wal
2026-09-26 18:46:32.194 UTC [27] LOG:  checkpoint complete: wrote 1835 buffers (11.2%); 0 WAL file(s) added, 1 removed, 32 recycled; write=1.839 s, sync=0.226 s, total=2.147 s; sync files=5, longest=0.215 s, average=0.046 s; distance=540695 kB, estimate=548996 kB; lsn=3F/A0599C30, redo lsn=3F/81405718
2026-09-26 18:46:32.441 UTC [27] LOG:  checkpoints are occurring too frequently (2 seconds apart)
2026-09-26 18:46:32.441 UTC [27] HINT:  Consider increasing the configuration parameter "max_wal_size".
2026-09-26 18:46:32.441 UTC [27] LOG:  checkpoint starting: wal
2026-09-26 18:46:35.160 UTC [27] LOG:  checkpoint complete: wrote 1534 buffers (9.4%); 0 WAL file(s) added, 1 removed, 32 recycled; write=1.763 s, sync=0.495 s, total=2.720 s; sync files=6, longest=0.439 s, average=0.083 s; distance=540657 kB, estimate=548162 kB; lsn=3F/C15CF780, redo lsn=3F/A2401ED8
2026-09-26 18:46:35.161 UTC [27] LOG:  checkpoints are occurring too frequently (3 seconds apart)
2026-09-26 18:46:35.161 UTC [27] HINT:  Consider increasing the configuration parameter "max_wal_size".
2026-09-26 18:46:35.161 UTC [27] LOG:  checkpoint starting: wal
2026-09-26 18:46:38.527 UTC [27] LOG:  checkpoint complete: wrote 1665 buffers (10.2%); 0 WAL file(s) added, 1 removed, 33 recycled; write=2.305 s, sync=0.590 s, total=3.367 s; sync files=5, longest=0.558 s, average=0.118 s; distance=553324 kB, estimate=553324 kB; lsn=3F/E28F8140, redo lsn=3F/C405CF20
2026-09-26 18:46:38.527 UTC [27] LOG:  checkpoints are occurring too frequently (3 seconds apart)
2026-09-26 18:46:38.527 UTC [27] HINT:  Consider increasing the configuration parameter "max_wal_size".
2026-09-26 18:46:38.527 UTC [27] LOG:  checkpoint starting: wal
2026-09-26 18:46:41.653 UTC [27] LOG:  checkpoint complete: wrote 2147 buffers (13.1%); 0 WAL file(s) added, 1 removed, 33 recycled; write=2.137 s, sync=0.602 s, total=3.126 s; sync files=5, longest=0.570 s, average=0.121 s; distance=558147 kB, estimate=558147 kB; lsn=40/447F5B8, redo lsn=3F/E616DF10
2026-09-26 18:46:41.785 UTC [27] LOG:  checkpoints are occurring too frequently (3 seconds apart)
2026-09-26 18:46:41.785 UTC [27] HINT:  Consider increasing the configuration parameter "max_wal_size".
2026-09-26 18:46:41.785 UTC [27] LOG:  checkpoint starting: wal
2026-09-26 18:46:44.958 UTC [27] LOG:  checkpoint complete: wrote 2095 buffers (12.8%); 0 WAL file(s) added, 1 removed, 32 recycled; write=2.171 s, sync=0.588 s, total=3.173 s; sync files=6, longest=0.545 s, average=0.098 s; distance=543311 kB, estimate=556664 kB; lsn=40/2682D758, redo lsn=40/7401CA0
2026-09-26 18:46:44.958 UTC [27] LOG:  checkpoints are occurring too frequently (3 seconds apart)
2026-09-26 18:46:44.958 UTC [27] HINT:  Consider increasing the configuration parameter "max_wal_size".
2026-09-26 18:46:44.958 UTC [27] LOG:  checkpoint starting: wal
2026-09-26 18:46:48.257 UTC [27] LOG:  checkpoint complete: wrote 1356 buffers (8.3%); 0 WAL file(s) added, 1 removed, 32 recycled; write=2.228 s, sync=0.617 s, total=3.299 s; sync files=5, longest=0.580 s, average=0.124 s; distance=546384 kB, estimate=555636 kB; lsn=40/471E7808, redo lsn=40/28995CC8
2026-09-26 18:46:48.257 UTC [27] LOG:  checkpoints are occurring too frequently (4 seconds apart)
2026-09-26 18:46:48.257 UTC [27] HINT:  Consider increasing the configuration parameter "max_wal_size".
2026-09-26 18:46:48.257 UTC [27] LOG:  checkpoint starting: wal
2026-09-26 18:46:51.390 UTC [27] LOG:  checkpoint complete: wrote 2038 buffers (12.4%); 0 WAL file(s) added, 1 removed, 33 recycled; write=2.128 s, sync=0.559 s, total=3.134 s; sync files=5, longest=0.525 s, average=0.112 s; distance=554100 kB, estimate=555482 kB; lsn=40/6880A348, redo lsn=40/4A6B2F30
2026-09-26 18:46:51.469 UTC [27] LOG:  checkpoints are occurring too frequently (3 seconds apart)
2026-09-26 18:46:51.469 UTC [27] HINT:  Consider increasing the configuration parameter "max_wal_size".
2026-09-26 18:46:51.469 UTC [27] LOG:  checkpoint starting: wal
2026-09-26 18:46:54.849 UTC [27] LOG:  checkpoint complete: wrote 2120 buffers (12.9%); 0 WAL file(s) added, 1 removed, 32 recycled; write=2.261 s, sync=0.642 s, total=3.380 s; sync files=8, longest=0.548 s, average=0.081 s; distance=533832 kB, estimate=553317 kB; lsn=40/8ACB5188, redo lsn=40/6B005048
2026-09-26 18:46:54.849 UTC [27] LOG:  checkpoints are occurring too frequently (3 seconds apart)
2026-09-26 18:46:54.849 UTC [27] HINT:  Consider increasing the configuration parameter "max_wal_size".
2026-09-26 18:46:54.849 UTC [27] LOG:  checkpoint starting: wal
2026-09-26 18:47:01.785 UTC [27] LOG:  checkpoint complete: wrote 1782 buffers (10.9%); 0 WAL file(s) added, 2 removed, 32 recycled; write=2.710 s, sync=3.697 s, total=6.936 s; sync files=8, longest=3.525 s, average=0.463 s; distance=563889 kB, estimate=563889 kB; lsn=40/AC42B2C0, redo lsn=40/8D6B1768
2026-09-26 18:47:01.785 UTC [27] LOG:  checkpoints are occurring too frequently (7 seconds apart)
2026-09-26 18:47:01.785 UTC [27] HINT:  Consider increasing the configuration parameter "max_wal_size".
2026-09-26 18:47:01.787 UTC [27] LOG:  checkpoint starting: wal
2026-09-26 18:47:32.230 UTC [27] LOG:  checkpoint complete: wrote 639 buffers (3.9%); 0 WAL file(s) added, 4 removed, 31 recycled; write=29.097 s, sync=0.854 s, total=30.446 s; sync files=7, longest=0.441 s, average=0.122 s; distance=570678 kB, estimate=570678 kB; lsn=40/D0400AC0, redo lsn=40/B03FF238
2026-09-26 18:47:32.230 UTC [27] LOG:  checkpoint starting: wal
2026-09-26 18:47:35.369 UTC [27] LOG:  checkpoint complete: wrote 4015 buffers (24.5%); 0 WAL file(s) added, 2 removed, 31 recycled; write=1.928 s, sync=0.674 s, total=3.139 s; sync files=7, longest=0.541 s, average=0.097 s; distance=546759 kB, estimate=568286 kB; lsn=40/F131FF08, redo lsn=40/D19F0FB0
2026-09-26 18:47:35.369 UTC [27] LOG:  checkpoints are occurring too frequently (3 seconds apart)
2026-09-26 18:47:35.369 UTC [27] HINT:  Consider increasing the configuration parameter "max_wal_size".
2026-09-26 18:47:35.369 UTC [27] LOG:  checkpoint starting: wal
2026-09-26 18:47:38.892 UTC [27] LOG:  checkpoint complete: wrote 1913 buffers (11.7%); 0 WAL file(s) added, 3 removed, 31 recycled; write=2.301 s, sync=0.738 s, total=3.523 s; sync files=8, longest=0.624 s, average=0.093 s; distance=558696 kB, estimate=567327 kB; lsn=41/1331D710, redo lsn=40/F3B8B048
2026-09-26 18:47:38.893 UTC [27] LOG:  checkpoints are occurring too frequently (3 seconds apart)
2026-09-26 18:47:38.893 UTC [27] HINT:  Consider increasing the configuration parameter "max_wal_size".
2026-09-26 18:47:38.893 UTC [27] LOG:  checkpoint starting: wal
2026-09-26 18:47:45.145 UTC [27] LOG:  checkpoint complete: wrote 1780 buffers (10.9%); 0 WAL file(s) added, 3 removed, 31 recycled; write=2.373 s, sync=3.355 s, total=6.253 s; sync files=7, longest=2.770 s, average=0.480 s; distance=559013 kB, estimate=566496 kB; lsn=41/353DEBD0, redo lsn=41/15D74580
2026-09-26 18:47:45.146 UTC [27] LOG:  checkpoints are occurring too frequently (7 seconds apart)
2026-09-26 18:47:45.146 UTC [27] HINT:  Consider increasing the configuration parameter "max_wal_size".
2026-09-26 18:47:45.146 UTC [27] LOG:  checkpoint starting: wal
2026-09-26 18:47:48.626 UTC [27] LOG:  checkpoint complete: wrote 1934 buffers (11.8%); 0 WAL file(s) added, 3 removed, 32 recycled; write=2.401 s, sync=0.603 s, total=3.481 s; sync files=14, longest=0.544 s, average=0.044 s; distance=571217 kB, estimate=571217 kB; lsn=41/57B068B8, redo lsn=41/38B48C58
2026-09-26 18:47:48.627 UTC [27] LOG:  checkpoints are occurring too frequently (3 seconds apart)
2026-09-26 18:47:48.627 UTC [27] HINT:  Consider increasing the configuration parameter "max_wal_size".
2026-09-26 18:47:48.627 UTC [27] LOG:  checkpoint starting: wal
2026-09-26 18:47:51.981 UTC [27] LOG:  checkpoint complete: wrote 2325 buffers (14.2%); 0 WAL file(s) added, 2 removed, 32 recycled; write=2.192 s, sync=0.681 s, total=3.355 s; sync files=7, longest=0.635 s, average=0.098 s; distance=558781 kB, estimate=569974 kB; lsn=41/7971F5E0, redo lsn=41/5ACF81E8
2026-09-26 18:47:51.981 UTC [27] LOG:  checkpoints are occurring too frequently (3 seconds apart)
2026-09-26 18:47:51.981 UTC [27] HINT:  Consider increasing the configuration parameter "max_wal_size".
2026-09-26 18:47:51.981 UTC [27] LOG:  checkpoint starting: wal
2026-09-26 18:47:55.113 UTC [27] LOG:  checkpoint complete: wrote 2225 buffers (13.6%); 0 WAL file(s) added, 1 removed, 32 recycled; write=2.113 s, sync=0.570 s, total=3.133 s; sync files=5, longest=0.524 s, average=0.114 s; distance=536182 kB, estimate=566594 kB; lsn=41/9A42B410, redo lsn=41/7B895A10
2026-09-26 18:47:55.113 UTC [27] LOG:  checkpoints are occurring too frequently (4 seconds apart)
2026-09-26 18:47:55.113 UTC [27] HINT:  Consider increasing the configuration parameter "max_wal_size".
2026-09-26 18:47:55.113 UTC [27] LOG:  checkpoint starting: wal
2026-09-26 18:47:58.526 UTC [27] LOG:  checkpoint complete: wrote 1799 buffers (11.0%); 0 WAL file(s) added, 1 removed, 33 recycled; write=2.339 s, sync=0.634 s, total=3.413 s; sync files=5, longest=0.607 s, average=0.127 s; distance=548773 kB, estimate=564812 kB; lsn=41/BB76E480, redo lsn=41/9D07F038
2026-09-26 18:47:58.526 UTC [27] LOG:  checkpoints are occurring too frequently (3 seconds apart)
2026-09-26 18:47:58.526 UTC [27] HINT:  Consider increasing the configuration parameter "max_wal_size".
2026-09-26 18:47:58.526 UTC [27] LOG:  checkpoint starting: wal
2026-09-26 18:48:01.654 UTC [27] LOG:  checkpoint complete: wrote 2007 buffers (12.2%); 0 WAL file(s) added, 1 removed, 32 recycled; write=2.291 s, sync=0.417 s, total=3.129 s; sync files=5, longest=0.391 s, average=0.084 s; distance=553591 kB, estimate=563690 kB; lsn=41/DD40AB58, redo lsn=41/BED1CC68
2026-09-26 18:48:01.696 UTC [27] LOG:  checkpoints are occurring too frequently (3 seconds apart)
2026-09-26 18:48:01.696 UTC [27] HINT:  Consider increasing the configuration parameter "max_wal_size".
2026-09-26 18:48:01.697 UTC [27] LOG:  checkpoint starting: wal
2026-09-26 18:48:05.008 UTC [27] LOG:  checkpoint complete: wrote 1978 buffers (12.1%); 0 WAL file(s) added, 1 removed, 32 recycled; write=2.245 s, sync=0.614 s, total=3.312 s; sync files=6, longest=0.569 s, average=0.103 s; distance=531355 kB, estimate=560457 kB; lsn=41/FE6F32A0, redo lsn=41/DF403A88
2026-09-26 18:48:05.009 UTC [27] LOG:  checkpoints are occurring too frequently (4 seconds apart)
2026-09-26 18:48:05.009 UTC [27] HINT:  Consider increasing the configuration parameter "max_wal_size".
2026-09-26 18:48:05.009 UTC [27] LOG:  checkpoint starting: wal
2026-09-26 18:48:08.460 UTC [27] LOG:  checkpoint complete: wrote 1668 buffers (10.2%); 0 WAL file(s) added, 2 removed, 32 recycled; write=2.279 s, sync=0.687 s, total=3.452 s; sync files=5, longest=0.642 s, average=0.138 s; distance=561449 kB, estimate=561449 kB; lsn=42/20516688, redo lsn=42/184DF80
2026-09-26 18:48:08.460 UTC [27] LOG:  checkpoints are occurring too frequently (3 seconds apart)
2026-09-26 18:48:08.460 UTC [27] HINT:  Consider increasing the configuration parameter "max_wal_size".
2026-09-26 18:48:08.460 UTC [27] LOG:  checkpoint starting: wal
2026-09-26 18:48:11.804 UTC [27] LOG:  checkpoint complete: wrote 2295 buffers (14.0%); 0 WAL file(s) added, 2 removed, 32 recycled; write=2.318 s, sync=0.565 s, total=3.344 s; sync files=5, longest=0.541 s, average=0.113 s; distance=560208 kB, estimate=561325 kB; lsn=42/427D5348, redo lsn=42/23B61FD0
2026-09-26 18:48:11.804 UTC [27] LOG:  checkpoints are occurring too frequently (3 seconds apart)
2026-09-26 18:48:11.804 UTC [27] HINT:  Consider increasing the configuration parameter "max_wal_size".
2026-09-26 18:48:11.804 UTC [27] LOG:  checkpoint starting: wal
2026-09-26 18:48:17.949 UTC [27] LOG:  checkpoint complete: wrote 1924 buffers (11.7%); 0 WAL file(s) added, 1 removed, 32 recycled; write=2.218 s, sync=3.441 s, total=6.146 s; sync files=6, longest=3.404 s, average=0.574 s; distance=532444 kB, estimate=558437 kB; lsn=42/63B0F650, redo lsn=42/44359110
2026-09-26 18:48:17.950 UTC [27] LOG:  checkpoints are occurring too frequently (6 seconds apart)
2026-09-26 18:48:17.950 UTC [27] HINT:  Consider increasing the configuration parameter "max_wal_size".
2026-09-26 18:48:17.950 UTC [27] LOG:  checkpoint starting: wal
2026-09-26 18:49:04.018 UTC [27] LOG:  checkpoint complete: wrote 1460 buffers (8.9%); 0 WAL file(s) added, 5 removed, 29 recycled; write=44.550 s, sync=0.936 s, total=46.069 s; sync files=79, longest=0.360 s, average=0.012 s; distance=562284 kB, estimate=562284 kB; lsn=42/881C8B88, redo lsn=42/668743E8
2026-09-26 18:49:04.018 UTC [27] LOG:  checkpoint starting: wal
2026-09-26 18:49:07.780 UTC [27] LOG:  checkpoint complete: wrote 2370 buffers (14.5%); 0 WAL file(s) added, 7 removed, 32 recycled; write=2.489 s, sync=0.690 s, total=3.762 s; sync files=11, longest=0.559 s, average=0.063 s; distance=645605 kB, estimate=645605 kB; lsn=42/ACF00B40, redo lsn=42/8DEEDBA0
2026-09-26 18:49:07.780 UTC [27] LOG:  checkpoints are occurring too frequently (3 seconds apart)
2026-09-26 18:49:07.780 UTC [27] HINT:  Consider increasing the configuration parameter "max_wal_size".
2026-09-26 18:49:07.780 UTC [27] LOG:  checkpoint starting: wal
2026-09-26 18:49:11.398 UTC [27] LOG:  checkpoint complete: wrote 1999 buffers (12.2%); 0 WAL file(s) added, 1 removed, 33 recycled; write=2.344 s, sync=0.764 s, total=3.618 s; sync files=7, longest=0.650 s, average=0.110 s; distance=547358 kB, estimate=635781 kB; lsn=42/CDB43598, redo lsn=42/AF575508
2026-09-26 18:49:11.398 UTC [27] LOG:  checkpoints are occurring too frequently (4 seconds apart)
2026-09-26 18:49:11.398 UTC [27] HINT:  Consider increasing the configuration parameter "max_wal_size".
2026-09-26 18:49:11.398 UTC [27] LOG:  checkpoint starting: wal
2026-09-26 18:49:15.039 UTC [27] LOG:  checkpoint complete: wrote 2043 buffers (12.5%); 0 WAL file(s) added, 2 removed, 32 recycled; write=2.485 s, sync=0.678 s, total=3.642 s; sync files=7, longest=0.571 s, average=0.097 s; distance=554913 kB, estimate=627694 kB; lsn=42/F0A96C48, redo lsn=42/D135DCD8
2026-09-26 18:49:15.039 UTC [27] LOG:  checkpoints are occurring too frequently (4 seconds apart)
2026-09-26 18:49:15.039 UTC [27] HINT:  Consider increasing the configuration parameter "max_wal_size".
2026-09-26 18:49:15.039 UTC [27] LOG:  checkpoint starting: wal
2026-09-26 18:49:19.104 UTC [27] LOG:  checkpoint complete: wrote 2344 buffers (14.3%); 0 WAL file(s) added, 3 removed, 32 recycled; write=2.878 s, sync=0.700 s, total=4.065 s; sync files=8, longest=0.583 s, average=0.088 s; distance=571158 kB, estimate=622040 kB; lsn=43/13402930, redo lsn=42/F4123538
2026-09-26 18:49:19.104 UTC [27] LOG:  checkpoints are occurring too frequently (4 seconds apart)
2026-09-26 18:49:19.104 UTC [27] HINT:  Consider increasing the configuration parameter "max_wal_size".
2026-09-26 18:49:19.104 UTC [27] LOG:  checkpoint starting: wal
2026-09-26 18:49:22.524 UTC [27] LOG:  checkpoint complete: wrote 2041 buffers (12.5%); 0 WAL file(s) added, 1 removed, 32 recycled; write=2.169 s, sync=0.757 s, total=3.421 s; sync files=7, longest=0.629 s, average=0.108 s; distance=543605 kB, estimate=614197 kB; lsn=43/34ABC1E8, redo lsn=43/15400978
2026-09-26 18:49:22.525 UTC [27] LOG:  checkpoints are occurring too frequently (3 seconds apart)
2026-09-26 18:49:22.525 UTC [27] HINT:  Consider increasing the configuration parameter "max_wal_size".
2026-09-26 18:49:22.525 UTC [27] LOG:  checkpoint starting: wal
2026-09-26 18:49:25.987 UTC [27] LOG:  checkpoint complete: wrote 1806 buffers (11.0%); 0 WAL file(s) added, 2 removed, 33 recycled; write=2.300 s, sync=0.653 s, total=3.463 s; sync files=7, longest=0.547 s, average=0.094 s; distance=570285 kB, estimate=609806 kB; lsn=43/56AA3438, redo lsn=43/380EC078
2026-09-26 18:49:25.988 UTC [27] LOG:  checkpoints are occurring too frequently (3 seconds apart)
2026-09-26 18:49:25.988 UTC [27] HINT:  Consider increasing the configuration parameter "max_wal_size".
2026-09-26 18:49:25.988 UTC [27] LOG:  checkpoint starting: wal
2026-09-26 18:49:29.411 UTC [27] LOG:  checkpoint complete: wrote 2215 buffers (13.5%); 0 WAL file(s) added, 2 removed, 31 recycled; write=2.184 s, sync=0.762 s, total=3.424 s; sync files=8, longest=0.618 s, average=0.096 s; distance=554354 kB, estimate=604260 kB; lsn=43/794069A8, redo lsn=43/59E48968
2026-09-26 18:49:29.411 UTC [27] LOG:  checkpoints are occurring too frequently (4 seconds apart)
2026-09-26 18:49:29.411 UTC [27] HINT:  Consider increasing the configuration parameter "max_wal_size".
2026-09-26 18:49:29.414 UTC [27] LOG:  checkpoint starting: wal
2026-09-26 18:49:32.899 UTC [27] LOG:  checkpoint complete: wrote 2130 buffers (13.0%); 0 WAL file(s) added, 2 removed, 32 recycled; write=2.140 s, sync=0.826 s, total=3.488 s; sync files=7, longest=0.788 s, average=0.118 s; distance=546670 kB, estimate=598501 kB; lsn=43/9A406A38, redo lsn=43/7B424268
2026-09-26 18:49:32.899 UTC [27] LOG:  checkpoints are occurring too frequently (3 seconds apart)
2026-09-26 18:49:32.899 UTC [27] HINT:  Consider increasing the configuration parameter "max_wal_size".
2026-09-26 18:49:32.899 UTC [27] LOG:  checkpoint starting: wal
2026-09-26 18:49:36.455 UTC [27] LOG:  checkpoint complete: wrote 2094 buffers (12.8%); 0 WAL file(s) added, 3 removed, 32 recycled; write=2.346 s, sync=0.727 s, total=3.557 s; sync files=8, longest=0.606 s, average=0.091 s; distance=570462 kB, estimate=595697 kB; lsn=43/BD244AA0, redo lsn=43/9E13BAF0
2026-09-26 18:49:36.455 UTC [27] LOG:  checkpoints are occurring too frequently (4 seconds apart)
2026-09-26 18:49:36.455 UTC [27] HINT:  Consider increasing the configuration parameter "max_wal_size".
2026-09-26 18:49:36.455 UTC [27] LOG:  checkpoint starting: wal
2026-09-26 18:49:39.890 UTC [27] LOG:  checkpoint complete: wrote 2186 buffers (13.3%); 0 WAL file(s) added, 2 removed, 31 recycled; write=2.189 s, sync=0.770 s, total=3.435 s; sync files=7, longest=0.622 s, average=0.110 s; distance=550898 kB, estimate=591217 kB; lsn=43/DF4059C8, redo lsn=43/BFB38618
2026-09-26 18:49:39.890 UTC [27] LOG:  checkpoints are occurring too frequently (3 seconds apart)
2026-09-26 18:49:39.890 UTC [27] HINT:  Consider increasing the configuration parameter "max_wal_size".
2026-09-26 18:49:39.890 UTC [27] LOG:  checkpoint starting: wal
2026-09-26 18:49:43.504 UTC [27] LOG:  checkpoint complete: wrote 1863 buffers (11.4%); 0 WAL file(s) added, 2 removed, 32 recycled; write=2.662 s, sync=0.439 s, total=3.614 s; sync files=8, longest=0.398 s, average=0.055 s; distance=559073 kB, estimate=588003 kB; lsn=44/4E8D78, redo lsn=43/E1D30A88
2026-09-26 18:49:43.504 UTC [27] LOG:  checkpoints are occurring too frequently (4 seconds apart)
2026-09-26 18:49:43.504 UTC [27] HINT:  Consider increasing the configuration parameter "max_wal_size".
2026-09-26 18:49:43.504 UTC [27] LOG:  checkpoint starting: wal
2026-09-26 18:49:47.353 UTC [27] LOG:  checkpoint complete: wrote 2161 buffers (13.2%); 0 WAL file(s) added, 2 removed, 33 recycled; write=2.747 s, sync=0.593 s, total=3.849 s; sync files=12, longest=0.515 s, average=0.050 s; distance=566520 kB, estimate=585855 kB; lsn=44/22C8ED70, redo lsn=44/466ED78
2026-09-26 18:49:47.353 UTC [27] LOG:  checkpoints are occurring too frequently (4 seconds apart)
2026-09-26 18:49:47.353 UTC [27] HINT:  Consider increasing the configuration parameter "max_wal_size".
2026-09-26 18:49:47.353 UTC [27] LOG:  checkpoint starting: wal
2026-09-26 18:50:19.121 UTC [27] LOG:  checkpoint complete: wrote 1796 buffers (11.0%); 0 WAL file(s) added, 2 removed, 32 recycled; write=31.042 s, sync=0.284 s, total=31.769 s; sync files=8, longest=0.242 s, average=0.036 s; distance=558955 kB, estimate=583165 kB; lsn=44/45ABC650, redo lsn=44/26849C00
2026-09-26 18:50:19.121 UTC [27] LOG:  checkpoint starting: wal
2026-09-26 18:50:22.322 UTC [27] LOG:  checkpoint complete: wrote 4716 buffers (28.8%); 0 WAL file(s) added, 2 removed, 31 recycled; write=2.150 s, sync=0.635 s, total=3.201 s; sync files=8, longest=0.563 s, average=0.080 s; distance=543161 kB, estimate=579164 kB; lsn=44/675E6FA8, redo lsn=44/47AB8080
2026-09-26 18:50:22.322 UTC [27] LOG:  checkpoints are occurring too frequently (3 seconds apart)
2026-09-26 18:50:22.322 UTC [27] HINT:  Consider increasing the configuration parameter "max_wal_size".
2026-09-26 18:50:22.322 UTC [27] LOG:  checkpoint starting: wal
2026-09-26 18:50:25.716 UTC [27] LOG:  checkpoint complete: wrote 1610 buffers (9.8%); 0 WAL file(s) added, 2 removed, 33 recycled; write=2.277 s, sync=0.636 s, total=3.394 s; sync files=5, longest=0.597 s, average=0.128 s; distance=570076 kB, estimate=578256 kB; lsn=44/889779A0, redo lsn=44/6A76F358
2026-09-26 18:50:25.716 UTC [27] LOG:  checkpoints are occurring too frequently (3 seconds apart)
2026-09-26 18:50:25.716 UTC [27] HINT:  Consider increasing the configuration parameter "max_wal_size".
2026-09-26 18:50:25.716 UTC [27] LOG:  checkpoint starting: wal
2026-09-26 18:50:28.843 UTC [27] LOG:  checkpoint complete: wrote 1809 buffers (11.0%); 0 WAL file(s) added, 1 removed, 33 recycled; write=2.183 s, sync=0.566 s, total=3.128 s; sync files=6, longest=0.526 s, average=0.095 s; distance=549680 kB, estimate=575398 kB; lsn=44/AAA2B9F8, redo lsn=44/8C03B5E8
2026-09-26 18:50:28.913 UTC [27] LOG:  checkpoints are occurring too frequently (3 seconds apart)
2026-09-26 18:50:28.913 UTC [27] HINT:  Consider increasing the configuration parameter "max_wal_size".
2026-09-26 18:50:28.913 UTC [27] LOG:  checkpoint starting: wal
2026-09-26 18:50:32.221 UTC [27] LOG:  checkpoint complete: wrote 2049 buffers (12.5%); 0 WAL file(s) added, 1 removed, 32 recycled; write=2.197 s, sync=0.653 s, total=3.309 s; sync files=5, longest=0.618 s, average=0.131 s; distance=540628 kB, estimate=571921 kB; lsn=44/CC5586F8, redo lsn=44/AD030710
2026-09-26 18:50:32.221 UTC [27] LOG:  checkpoints are occurring too frequently (4 seconds apart)
2026-09-26 18:50:32.221 UTC [27] HINT:  Consider increasing the configuration parameter "max_wal_size".
2026-09-26 18:50:32.221 UTC [27] LOG:  checkpoint starting: wal
2026-09-26 18:50:35.531 UTC [27] LOG:  checkpoint complete: wrote 1777 buffers (10.8%); 0 WAL file(s) added, 2 removed, 32 recycled; write=2.294 s, sync=0.593 s, total=3.310 s; sync files=5, longest=0.563 s, average=0.119 s; distance=569580 kB, estimate=571687 kB; lsn=44/EE4D0E78, redo lsn=44/CFC6BAE0
2026-09-26 18:50:35.531 UTC [27] LOG:  checkpoints are occurring too frequently (3 seconds apart)
2026-09-26 18:50:35.531 UTC [27] HINT:  Consider increasing the configuration parameter "max_wal_size".
2026-09-26 18:50:35.531 UTC [27] LOG:  checkpoint starting: wal
2026-09-26 18:50:41.591 UTC [27] LOG:  checkpoint complete: wrote 2263 buffers (13.8%); 0 WAL file(s) added, 3 removed, 31 recycled; write=5.023 s, sync=0.619 s, total=6.060 s; sync files=5, longest=0.601 s, average=0.124 s; distance=555204 kB, estimate=570039 kB; lsn=45/114031E8, redo lsn=44/F1A9CDB0
2026-09-26 18:50:41.591 UTC [27] LOG:  checkpoints are occurring too frequently (6 seconds apart)
2026-09-26 18:50:41.591 UTC [27] HINT:  Consider increasing the configuration parameter "max_wal_size".
2026-09-26 18:50:41.591 UTC [27] LOG:  checkpoint starting: wal
2026-09-26 18:50:44.855 UTC [27] LOG:  checkpoint complete: wrote 1877 buffers (11.5%); 0 WAL file(s) added, 1 removed, 32 recycled; write=2.226 s, sync=0.617 s, total=3.265 s; sync files=6, longest=0.595 s, average=0.103 s; distance=535961 kB, estimate=566631 kB; lsn=45/31D96C28, redo lsn=45/12603340
2026-09-26 18:50:44.855 UTC [27] LOG:  checkpoints are occurring too frequently (3 seconds apart)
2026-09-26 18:50:44.855 UTC [27] HINT:  Consider increasing the configuration parameter "max_wal_size".
2026-09-26 18:50:44.856 UTC [27] LOG:  checkpoint starting: wal
2026-09-26 18:50:48.156 UTC [27] LOG:  checkpoint complete: wrote 1968 buffers (12.0%); 0 WAL file(s) added, 2 removed, 32 recycled; write=2.332 s, sync=0.560 s, total=3.301 s; sync files=5, longest=0.526 s, average=0.112 s; distance=565974 kB, estimate=566565 kB; lsn=45/5350AB50, redo lsn=45/34EB8C40
2026-09-26 18:50:48.156 UTC [27] LOG:  checkpoints are occurring too frequently (4 seconds apart)
2026-09-26 18:50:48.156 UTC [27] HINT:  Consider increasing the configuration parameter "max_wal_size".
2026-09-26 18:50:48.156 UTC [27] LOG:  checkpoint starting: wal
2026-09-26 18:50:51.427 UTC [27] LOG:  checkpoint complete: wrote 1931 buffers (11.8%); 0 WAL file(s) added, 1 removed, 32 recycled; write=2.200 s, sync=0.613 s, total=3.271 s; sync files=5, longest=0.584 s, average=0.123 s; distance=532540 kB, estimate=563163 kB; lsn=45/748E8438, redo lsn=45/556C7DF0
2026-09-26 18:50:51.428 UTC [27] LOG:  checkpoints are occurring too frequently (3 seconds apart)
2026-09-26 18:50:51.428 UTC [27] HINT:  Consider increasing the configuration parameter "max_wal_size".
2026-09-26 18:50:51.428 UTC [27] LOG:  checkpoint starting: wal
2026-09-26 18:50:54.638 UTC [27] LOG:  checkpoint complete: wrote 1682 buffers (10.3%); 0 WAL file(s) added, 2 removed, 32 recycled; write=2.154 s, sync=0.601 s, total=3.211 s; sync files=7, longest=0.534 s, average=0.086 s; distance=563983 kB, estimate=563983 kB; lsn=45/964011C8, redo lsn=45/77D8BAE0
2026-09-26 18:50:54.639 UTC [27] LOG:  checkpoints are occurring too frequently (3 seconds apart)
2026-09-26 18:50:54.639 UTC [27] HINT:  Consider increasing the configuration parameter "max_wal_size".
2026-09-26 18:50:54.639 UTC [27] LOG:  checkpoint starting: wal
2026-09-26 18:50:57.995 UTC [27] LOG:  checkpoint complete: wrote 2160 buffers (13.2%); 0 WAL file(s) added, 2 removed, 32 recycled; write=2.231 s, sync=0.692 s, total=3.357 s; sync files=4, longest=0.682 s, average=0.173 s; distance=559210 kB, estimate=563505 kB; lsn=45/B8680B10, redo lsn=45/99FA6658
2026-09-26 18:50:57.995 UTC [27] LOG:  checkpoints are occurring too frequently (3 seconds apart)
2026-09-26 18:50:57.995 UTC [27] HINT:  Consider increasing the configuration parameter "max_wal_size".
2026-09-26 18:50:57.995 UTC [27] LOG:  checkpoint starting: wal
2026-09-26 18:51:01.274 UTC [27] LOG:  checkpoint complete: wrote 1191 buffers (7.3%); 0 WAL file(s) added, 1 removed, 32 recycled; write=2.283 s, sync=0.599 s, total=3.279 s; sync files=4, longest=0.574 s, average=0.150 s; distance=534646 kB, estimate=560620 kB; lsn=45/D94CAFB8, redo lsn=45/BA9C3FF0
2026-09-26 18:51:01.274 UTC [27] LOG:  checkpoints are occurring too frequently (4 seconds apart)
2026-09-26 18:51:01.274 UTC [27] HINT:  Consider increasing the configuration parameter "max_wal_size".
2026-09-26 18:51:01.274 UTC [27] LOG:  checkpoint starting: wal
2026-09-26 18:51:48.033 UTC [27] LOG:  checkpoint complete: wrote 2020 buffers (12.3%); 0 WAL file(s) added, 3 removed, 31 recycled; write=46.070 s, sync=0.280 s, total=46.759 s; sync files=74, longest=0.064 s, average=0.004 s; distance=554534 kB, estimate=560011 kB; lsn=45/FC4001D0, redo lsn=45/DC74D858
2026-09-26 18:51:48.033 UTC [27] LOG:  checkpoint starting: wal
2026-09-26 18:51:50.462 UTC [27] LOG:  checkpoint complete: wrote 4479 buffers (27.3%); 0 WAL file(s) added, 1 removed, 33 recycled; write=1.895 s, sync=0.451 s, total=2.430 s; sync files=12, longest=0.434 s, average=0.038 s; distance=553729 kB, estimate=559383 kB; lsn=46/1C805058, redo lsn=45/FE40DFF8
2026-09-26 18:51:50.580 UTC [27] LOG:  checkpoints are occurring too frequently (2 seconds apart)
2026-09-26 18:51:50.580 UTC [27] HINT:  Consider increasing the configuration parameter "max_wal_size".
2026-09-26 18:51:50.580 UTC [27] LOG:  checkpoint starting: wal
2026-09-26 18:51:52.663 UTC [27] LOG:  checkpoint complete: wrote 1659 buffers (10.1%); 0 WAL file(s) added, 1 removed, 32 recycled; write=1.741 s, sync=0.271 s, total=2.083 s; sync files=14, longest=0.254 s, average=0.020 s; distance=540651 kB, estimate=557510 kB; lsn=46/3E7680E8, redo lsn=46/1F408F18
2026-09-26 18:51:52.919 UTC [27] LOG:  checkpoints are occurring too frequently (2 seconds apart)
2026-09-26 18:51:52.919 UTC [27] HINT:  Consider increasing the configuration parameter "max_wal_size".
2026-09-26 18:51:52.919 UTC [27] LOG:  checkpoint starting: wal
2026-09-26 18:51:55.136 UTC [27] LOG:  checkpoint complete: wrote 1556 buffers (9.5%); 0 WAL file(s) added, 1 removed, 32 recycled; write=1.870 s, sync=0.272 s, total=2.217 s; sync files=9, longest=0.259 s, average=0.031 s; distance=540644 kB, estimate=555823 kB; lsn=46/5F5AD640, redo lsn=46/40401F28
2026-09-26 18:51:55.233 UTC [27] LOG:  checkpoints are occurring too frequently (3 seconds apart)
2026-09-26 18:51:55.233 UTC [27] HINT:  Consider increasing the configuration parameter "max_wal_size".
2026-09-26 18:51:55.233 UTC [27] LOG:  checkpoint starting: wal
2026-09-26 18:51:57.281 UTC [27] LOG:  checkpoint complete: wrote 1608 buffers (9.8%); 0 WAL file(s) added, 1 removed, 32 recycled; write=1.760 s, sync=0.226 s, total=2.049 s; sync files=4, longest=0.216 s, average=0.057 s; distance=540697 kB, estimate=554310 kB; lsn=46/8043AB88, redo lsn=46/61408470
2026-09-26 18:51:57.396 UTC [27] LOG:  checkpoints are occurring too frequently (2 seconds apart)
2026-09-26 18:51:57.396 UTC [27] HINT:  Consider increasing the configuration parameter "max_wal_size".
2026-09-26 18:51:57.396 UTC [27] LOG:  checkpoint starting: wal
2026-09-26 18:51:59.585 UTC [27] LOG:  checkpoint complete: wrote 1528 buffers (9.3%); 0 WAL file(s) added, 1 removed, 32 recycled; write=1.732 s, sync=0.381 s, total=2.190 s; sync files=5, longest=0.369 s, average=0.077 s; distance=540662 kB, estimate=552946 kB; lsn=46/A15408D8, redo lsn=46/82406020
2026-09-26 18:51:59.670 UTC [27] LOG:  checkpoints are occurring too frequently (2 seconds apart)
2026-09-26 18:51:59.670 UTC [27] HINT:  Consider increasing the configuration parameter "max_wal_size".
2026-09-26 18:51:59.670 UTC [27] LOG:  checkpoint starting: wal
2026-09-26 18:52:01.913 UTC [27] LOG:  checkpoint complete: wrote 1652 buffers (10.1%); 0 WAL file(s) added, 1 removed, 32 recycled; write=1.862 s, sync=0.308 s, total=2.244 s; sync files=4, longest=0.299 s, average=0.077 s; distance=539463 kB, estimate=551597 kB; lsn=46/C2552E28, redo lsn=46/A32D7F08
2026-09-26 18:52:02.007 UTC [27] LOG:  checkpoints are occurring too frequently (3 seconds apart)
2026-09-26 18:52:02.007 UTC [27] HINT:  Consider increasing the configuration parameter "max_wal_size".
2026-09-26 18:52:02.007 UTC [27] LOG:  checkpoint starting: wal
2026-09-26 18:52:04.942 UTC [27] LOG:  checkpoint complete: wrote 1642 buffers (10.0%); 0 WAL file(s) added, 1 removed, 32 recycled; write=1.937 s, sync=0.642 s, total=2.936 s; sync files=4, longest=0.588 s, average=0.161 s; distance=541865 kB, estimate=550624 kB; lsn=46/E34A1458, redo lsn=46/C4402430
2026-09-26 18:52:04.982 UTC [27] LOG:  checkpoints are occurring too frequently (2 seconds apart)
2026-09-26 18:52:04.982 UTC [27] HINT:  Consider increasing the configuration parameter "max_wal_size".
2026-09-26 18:52:04.982 UTC [27] LOG:  checkpoint starting: wal
2026-09-26 18:52:08.225 UTC [27] LOG:  checkpoint complete: wrote 1821 buffers (11.1%); 0 WAL file(s) added, 1 removed, 32 recycled; write=2.210 s, sync=0.621 s, total=3.244 s; sync files=5, longest=0.591 s, average=0.125 s; distance=540669 kB, estimate=549629 kB; lsn=47/49AED88, redo lsn=46/E5401910
2026-09-26 18:52:08.226 UTC [27] LOG:  checkpoints are occurring too frequently (4 seconds apart)
2026-09-26 18:52:08.226 UTC [27] HINT:  Consider increasing the configuration parameter "max_wal_size".
2026-09-26 18:52:08.226 UTC [27] LOG:  checkpoint starting: wal
2026-09-26 18:52:11.435 UTC [27] LOG:  checkpoint complete: wrote 2151 buffers (13.1%); 0 WAL file(s) added, 2 removed, 32 recycled; write=2.155 s, sync=0.612 s, total=3.209 s; sync files=4, longest=0.586 s, average=0.153 s; distance=568040 kB, estimate=568040 kB; lsn=47/26EED760, redo lsn=47/7EBB9B8
2026-09-26 18:52:11.435 UTC [27] LOG:  checkpoints are occurring too frequently (3 seconds apart)
2026-09-26 18:52:11.435 UTC [27] HINT:  Consider increasing the configuration parameter "max_wal_size".
2026-09-26 18:52:11.435 UTC [27] LOG:  checkpoint starting: wal
2026-09-26 18:52:14.599 UTC [27] LOG:  checkpoint complete: wrote 1247 buffers (7.6%); 0 WAL file(s) added, 1 removed, 32 recycled; write=2.110 s, sync=0.606 s, total=3.164 s; sync files=4, longest=0.575 s, average=0.152 s; distance=533898 kB, estimate=564625 kB; lsn=47/4747C588, redo lsn=47/2881E3A0
2026-09-26 18:52:14.599 UTC [27] LOG:  checkpoints are occurring too frequently (3 seconds apart)
2026-09-26 18:52:14.599 UTC [27] HINT:  Consider increasing the configuration parameter "max_wal_size".
2026-09-26 18:52:14.599 UTC [27] LOG:  checkpoint starting: wal
2026-09-26 18:52:17.783 UTC [27] LOG:  checkpoint complete: wrote 2292 buffers (14.0%); 0 WAL file(s) added, 2 removed, 32 recycled; write=2.190 s, sync=0.562 s, total=3.185 s; sync files=5, longest=0.524 s, average=0.113 s; distance=563454 kB, estimate=564508 kB; lsn=47/6986BE10, redo lsn=47/4AE5DED8
2026-09-26 18:52:17.783 UTC [27] LOG:  checkpoints are occurring too frequently (3 seconds apart)
2026-09-26 18:52:17.783 UTC [27] HINT:  Consider increasing the configuration parameter "max_wal_size".
2026-09-26 18:52:17.783 UTC [27] LOG:  checkpoint starting: wal
2026-09-26 18:52:20.985 UTC [27] LOG:  checkpoint complete: wrote 1694 buffers (10.3%); 0 WAL file(s) added, 1 removed, 33 recycled; write=2.113 s, sync=0.664 s, total=3.202 s; sync files=4, longest=0.620 s, average=0.166 s; distance=546445 kB, estimate=562702 kB; lsn=47/8AC61DF0, redo lsn=47/6C401608
2026-09-26 18:52:20.985 UTC [27] LOG:  checkpoints are occurring too frequently (3 seconds apart)
2026-09-26 18:52:20.985 UTC [27] HINT:  Consider increasing the configuration parameter "max_wal_size".
2026-09-26 18:52:20.985 UTC [27] LOG:  checkpoint starting: wal
2026-09-26 18:52:24.079 UTC [27] LOG:  checkpoint complete: wrote 1866 buffers (11.4%); 0 WAL file(s) added, 1 removed, 32 recycled; write=2.126 s, sync=0.579 s, total=3.094 s; sync files=4, longest=0.546 s, average=0.145 s; distance=542063 kB, estimate=560638 kB; lsn=47/AC811660, redo lsn=47/8D55D3E8
2026-09-26 18:52:24.079 UTC [27] LOG:  checkpoints are occurring too frequently (4 seconds apart)
2026-09-26 18:52:24.079 UTC [27] HINT:  Consider increasing the configuration parameter "max_wal_size".
2026-09-26 18:52:24.079 UTC [27] LOG:  checkpoint starting: wal
2026-09-26 18:52:27.999 UTC [27] LOG:  checkpoint complete: wrote 1644 buffers (10.0%); 0 WAL file(s) added, 2 removed, 32 recycled; write=2.768 s, sync=0.678 s, total=3.920 s; sync files=5, longest=0.585 s, average=0.136 s; distance=563279 kB, estimate=563279 kB; lsn=47/CE6F3EE0, redo lsn=47/AFB71050
2026-09-26 18:52:27.999 UTC [27] LOG:  checkpoints are occurring too frequently (3 seconds apart)
2026-09-26 18:52:27.999 UTC [27] HINT:  Consider increasing the configuration parameter "max_wal_size".
2026-09-26 18:52:27.999 UTC [27] LOG:  checkpoint starting: wal
2026-09-26 18:52:57.504 UTC [27] LOG:  checkpoint complete: wrote 958 buffers (5.8%); 0 WAL file(s) added, 2 removed, 33 recycled; write=28.823 s, sync=0.243 s, total=29.505 s; sync files=8, longest=0.211 s, average=0.031 s; distance=562320 kB, estimate=563183 kB; lsn=47/F043F070, redo lsn=47/D2095378
2026-09-26 18:52:57.504 UTC [27] LOG:  checkpoint starting: wal
2026-09-26 18:53:00.452 UTC [27] LOG:  checkpoint complete: wrote 4765 buffers (29.1%); 0 WAL file(s) added, 1 removed, 32 recycled; write=1.983 s, sync=0.554 s, total=2.949 s; sync files=8, longest=0.506 s, average=0.070 s; distance=546213 kB, estimate=561486 kB; lsn=48/1280C458, redo lsn=47/F35FE868
2026-09-26 18:53:00.452 UTC [27] LOG:  checkpoints are occurring too frequently (3 seconds apart)
2026-09-26 18:53:00.452 UTC [27] HINT:  Consider increasing the configuration parameter "max_wal_size".
2026-09-26 18:53:00.452 UTC [27] LOG:  checkpoint starting: wal
2026-09-26 18:53:03.587 UTC [27] LOG:  checkpoint complete: wrote 1710 buffers (10.4%); 0 WAL file(s) added, 2 removed, 33 recycled; write=2.144 s, sync=0.580 s, total=3.135 s; sync files=5, longest=0.545 s, average=0.116 s; distance=573673 kB, estimate=573673 kB; lsn=48/34473C10, redo lsn=48/16638F00
2026-09-26 18:53:03.659 UTC [27] LOG:  checkpoints are occurring too frequently (3 seconds apart)
2026-09-26 18:53:03.659 UTC [27] HINT:  Consider increasing the configuration parameter "max_wal_size".
2026-09-26 18:53:03.659 UTC [27] LOG:  checkpoint starting: wal
2026-09-26 18:53:06.938 UTC [27] LOG:  checkpoint complete: wrote 1833 buffers (11.2%); 0 WAL file(s) added, 2 removed, 31 recycled; write=2.232 s, sync=0.680 s, total=3.279 s; sync files=4, longest=0.635 s, average=0.170 s; distance=538395 kB, estimate=570145 kB; lsn=48/574E6418, redo lsn=48/373FFB30
2026-09-26 18:53:06.938 UTC [27] LOG:  checkpoints are occurring too frequently (3 seconds apart)
2026-09-26 18:53:06.938 UTC [27] HINT:  Consider increasing the configuration parameter "max_wal_size".
2026-09-26 18:53:06.938 UTC [27] LOG:  checkpoint starting: wal
2026-09-26 18:53:12.900 UTC [27] LOG:  checkpoint complete: wrote 1705 buffers (10.4%); 0 WAL file(s) added, 2 removed, 32 recycled; write=2.206 s, sync=3.266 s, total=5.962 s; sync files=4, longest=3.237 s, average=0.817 s; distance=560470 kB, estimate=569178 kB; lsn=48/78404778, redo lsn=48/597554F0
2026-09-26 18:53:12.900 UTC [27] LOG:  checkpoints are occurring too frequently (6 seconds apart)
2026-09-26 18:53:12.900 UTC [27] HINT:  Consider increasing the configuration parameter "max_wal_size".
2026-09-26 18:53:12.900 UTC [27] LOG:  checkpoint starting: wal
2026-09-26 18:53:16.101 UTC [27] LOG:  checkpoint complete: wrote 2244 buffers (13.7%); 0 WAL file(s) added, 2 removed, 32 recycled; write=2.136 s, sync=0.626 s, total=3.202 s; sync files=5, longest=0.559 s, average=0.126 s; distance=557803 kB, estimate=568040 kB; lsn=48/9A403958, redo lsn=48/7B810218
2026-09-26 18:53:16.101 UTC [27] LOG:  checkpoints are occurring too frequently (4 seconds apart)
2026-09-26 18:53:16.101 UTC [27] HINT:  Consider increasing the configuration parameter "max_wal_size".
2026-09-26 18:53:16.101 UTC [27] LOG:  checkpoint starting: wal
2026-09-26 18:53:19.423 UTC [27] LOG:  checkpoint complete: wrote 1541 buffers (9.4%); 0 WAL file(s) added, 1 removed, 32 recycled; write=2.159 s, sync=0.704 s, total=3.322 s; sync files=4, longest=0.669 s, average=0.176 s; distance=542130 kB, estimate=565449 kB; lsn=48/BBF1E430, redo lsn=48/9C97CA20
2026-09-26 18:53:19.423 UTC [27] LOG:  checkpoints are occurring too frequently (3 seconds apart)
2026-09-26 18:53:19.423 UTC [27] HINT:  Consider increasing the configuration parameter "max_wal_size".
2026-09-26 18:53:19.423 UTC [27] LOG:  checkpoint starting: wal
2026-09-26 18:53:22.641 UTC [27] LOG:  checkpoint complete: wrote 2005 buffers (12.2%); 0 WAL file(s) added, 3 removed, 32 recycled; write=2.227 s, sync=0.602 s, total=3.218 s; sync files=4, longest=0.566 s, average=0.151 s; distance=572777 kB, estimate=572777 kB; lsn=48/DEDBD668, redo lsn=48/BF8D6E58
2026-09-26 18:53:22.641 UTC [27] LOG:  checkpoints are occurring too frequently (3 seconds apart)
2026-09-26 18:53:22.641 UTC [27] HINT:  Consider increasing the configuration parameter "max_wal_size".
2026-09-26 18:53:22.641 UTC [27] LOG:  checkpoint starting: wal
2026-09-26 18:53:25.889 UTC [27] LOG:  checkpoint complete: wrote 2110 buffers (12.9%); 0 WAL file(s) added, 1 removed, 32 recycled; write=2.178 s, sync=0.663 s, total=3.249 s; sync files=5, longest=0.618 s, average=0.133 s; distance=536109 kB, estimate=569110 kB; lsn=48/FF949D20, redo lsn=48/E0462638
2026-09-26 18:53:25.890 UTC [27] LOG:  checkpoints are occurring too frequently (3 seconds apart)
2026-09-26 18:53:25.890 UTC [27] HINT:  Consider increasing the configuration parameter "max_wal_size".
2026-09-26 18:53:25.890 UTC [27] LOG:  checkpoint starting: wal
2026-09-26 18:53:29.241 UTC [27] LOG:  checkpoint complete: wrote 2001 buffers (12.2%); 0 WAL file(s) added, 2 removed, 32 recycled; write=2.162 s, sync=0.595 s, total=3.352 s; sync files=4, longest=0.568 s, average=0.149 s; distance=565726 kB, estimate=568771 kB; lsn=49/21A02FA8, redo lsn=49/2CDA038
2026-09-26 18:53:29.241 UTC [27] LOG:  checkpoints are occurring too frequently (4 seconds apart)
2026-09-26 18:53:29.241 UTC [27] HINT:  Consider increasing the configuration parameter "max_wal_size".
2026-09-26 18:53:29.241 UTC [27] LOG:  checkpoint starting: wal
2026-09-26 18:53:32.378 UTC [27] LOG:  checkpoint complete: wrote 1361 buffers (8.3%); 0 WAL file(s) added, 1 removed, 32 recycled; write=2.129 s, sync=0.585 s, total=3.137 s; sync files=4, longest=0.550 s, average=0.146 s; distance=534975 kB, estimate=565392 kB; lsn=49/426A9B58, redo lsn=49/23749D18
2026-09-26 18:53:32.378 UTC [27] LOG:  checkpoints are occurring too frequently (3 seconds apart)
2026-09-26 18:53:32.378 UTC [27] HINT:  Consider increasing the configuration parameter "max_wal_size".
2026-09-26 18:53:32.378 UTC [27] LOG:  checkpoint starting: wal
2026-09-26 18:53:35.792 UTC [27] LOG:  checkpoint complete: wrote 2101 buffers (12.8%); 0 WAL file(s) added, 3 removed, 31 recycled; write=2.296 s, sync=0.670 s, total=3.415 s; sync files=4, longest=0.637 s, average=0.168 s; distance=565956 kB, estimate=565956 kB; lsn=49/6520AEE0, redo lsn=49/45FFB090
2026-09-26 18:53:35.792 UTC [27] LOG:  checkpoints are occurring too frequently (3 seconds apart)
2026-09-26 18:53:35.792 UTC [27] HINT:  Consider increasing the configuration parameter "max_wal_size".
2026-09-26 18:53:35.792 UTC [27] LOG:  checkpoint starting: wal
2026-09-26 18:53:38.932 UTC [27] LOG:  checkpoint complete: wrote 1009 buffers (6.2%); 0 WAL file(s) added, 1 removed, 32 recycled; write=2.096 s, sync=0.613 s, total=3.140 s; sync files=5, longest=0.588 s, average=0.123 s; distance=540222 kB, estimate=563383 kB; lsn=49/85ABBB80, redo lsn=49/66F8A8D8
2026-09-26 18:53:38.932 UTC [27] LOG:  checkpoints are occurring too frequently (3 seconds apart)
2026-09-26 18:53:38.932 UTC [27] HINT:  Consider increasing the configuration parameter "max_wal_size".
2026-09-26 18:53:38.932 UTC [27] LOG:  checkpoint starting: wal
2026-09-26 18:53:45.092 UTC [27] LOG:  checkpoint complete: wrote 2219 buffers (13.5%); 0 WAL file(s) added, 2 removed, 32 recycled; write=5.143 s, sync=0.573 s, total=6.160 s; sync files=4, longest=0.549 s, average=0.144 s; distance=557116 kB, estimate=562756 kB; lsn=49/A773A2B8, redo lsn=49/88F99998
2026-09-26 18:53:45.092 UTC [27] LOG:  checkpoints are occurring too frequently (7 seconds apart)
2026-09-26 18:53:45.092 UTC [27] HINT:  Consider increasing the configuration parameter "max_wal_size".
2026-09-26 18:53:45.092 UTC [27] LOG:  checkpoint starting: wal
2026-09-26 18:54:31.491 UTC [27] LOG:  checkpoint complete: wrote 1449 buffers (8.8%); 0 WAL file(s) added, 3 removed, 31 recycled; write=45.746 s, sync=0.523 s, total=46.400 s; sync files=77, longest=0.341 s, average=0.007 s; distance=545663 kB, estimate=561047 kB; lsn=49/CA400CA0, redo lsn=49/AA479678
2026-09-26 18:54:31.491 UTC [27] LOG:  checkpoint starting: wal
2026-09-26 18:54:33.508 UTC [27] LOG:  checkpoint complete: wrote 1471 buffers (9.0%); 0 WAL file(s) added, 1 removed, 32 recycled; write=1.643 s, sync=0.309 s, total=2.017 s; sync files=7, longest=0.299 s, average=0.045 s; distance=545246 kB, estimate=559467 kB; lsn=49/EA4AE160, redo lsn=49/CB8F1198
2026-09-26 18:54:33.690 UTC [27] LOG:  checkpoints are occurring too frequently (2 seconds apart)
2026-09-26 18:54:33.690 UTC [27] HINT:  Consider increasing the configuration parameter "max_wal_size".
2026-09-26 18:54:33.690 UTC [27] LOG:  checkpoint starting: wal
2026-09-26 18:54:35.841 UTC [27] LOG:  checkpoint complete: wrote 1545 buffers (9.4%); 0 WAL file(s) added, 1 removed, 32 recycled; write=1.783 s, sync=0.299 s, total=2.151 s; sync files=4, longest=0.287 s, average=0.075 s; distance=535621 kB, estimate=557082 kB; lsn=4A/B4537A8, redo lsn=49/EC402880
2026-09-26 18:54:35.929 UTC [27] LOG:  checkpoints are occurring too frequently (2 seconds apart)
2026-09-26 18:54:35.929 UTC [27] HINT:  Consider increasing the configuration parameter "max_wal_size".
2026-09-26 18:54:35.929 UTC [27] LOG:  checkpoint starting: wal
2026-09-26 18:54:38.117 UTC [27] LOG:  checkpoint complete: wrote 1634 buffers (10.0%); 0 WAL file(s) added, 3 removed, 30 recycled; write=1.752 s, sync=0.368 s, total=2.188 s; sync files=5, longest=0.352 s, average=0.074 s; distance=537586 kB, estimate=555133 kB; lsn=4A/2E23E1F8, redo lsn=4A/D0FF0D0
2026-09-26 18:54:38.117 UTC [27] LOG:  checkpoints are occurring too frequently (3 seconds apart)
2026-09-26 18:54:38.117 UTC [27] HINT:  Consider increasing the configuration parameter "max_wal_size".
2026-09-26 18:54:38.117 UTC [27] LOG:  checkpoint starting: wal
2026-09-26 18:54:40.219 UTC [27] LOG:  checkpoint complete: wrote 1467 buffers (9.0%); 0 WAL file(s) added, 1 removed, 32 recycled; write=1.749 s, sync=0.287 s, total=2.102 s; sync files=4, longest=0.277 s, average=0.072 s; distance=552987 kB, estimate=554918 kB; lsn=4A/4DE774B0, redo lsn=4A/2ED05D78
2026-09-26 18:54:40.316 UTC [27] LOG:  checkpoints are occurring too frequently (2 seconds apart)
2026-09-26 18:54:40.316 UTC [27] HINT:  Consider increasing the configuration parameter "max_wal_size".
2026-09-26 18:54:40.316 UTC [27] LOG:  checkpoint starting: wal
2026-09-26 18:54:42.422 UTC [27] LOG:  checkpoint complete: wrote 1521 buffers (9.3%); 0 WAL file(s) added, 2 removed, 31 recycled; write=1.762 s, sync=0.261 s, total=2.106 s; sync files=4, longest=0.250 s, average=0.066 s; distance=527641 kB, estimate=552190 kB; lsn=4A/6F4008C8, redo lsn=4A/4F04C4E8
2026-09-26 18:54:42.443 UTC [27] LOG:  checkpoints are occurring too frequently (2 seconds apart)
2026-09-26 18:54:42.443 UTC [27] HINT:  Consider increasing the configuration parameter "max_wal_size".
2026-09-26 18:54:42.443 UTC [27] LOG:  checkpoint starting: wal
2026-09-26 18:54:45.236 UTC [27] LOG:  checkpoint complete: wrote 1583 buffers (9.7%); 0 WAL file(s) added, 2 removed, 31 recycled; write=1.761 s, sync=0.627 s, total=2.793 s; sync files=4, longest=0.592 s, average=0.157 s; distance=544428 kB, estimate=551414 kB; lsn=4A/904015E8, redo lsn=4A/703F7678
2026-09-26 18:54:45.236 UTC [27] LOG:  checkpoints are occurring too frequently (3 seconds apart)
2026-09-26 18:54:45.236 UTC [27] HINT:  Consider increasing the configuration parameter "max_wal_size".
2026-09-26 18:54:45.236 UTC [27] LOG:  checkpoint starting: wal
2026-09-26 18:54:48.533 UTC [27] LOG:  checkpoint complete: wrote 1734 buffers (10.6%); 0 WAL file(s) added, 2 removed, 32 recycled; write=2.144 s, sync=0.690 s, total=3.297 s; sync files=5, longest=0.581 s, average=0.138 s; distance=565463 kB, estimate=565463 kB; lsn=4A/B1B45748, redo lsn=4A/92C2D640
2026-09-26 18:54:48.533 UTC [27] LOG:  checkpoints are occurring too frequently (3 seconds apart)
2026-09-26 18:54:48.533 UTC [27] HINT:  Consider increasing the configuration parameter "max_wal_size".
2026-09-26 18:54:48.533 UTC [27] LOG:  checkpoint starting: wal
2026-09-26 18:54:52.880 UTC [27] LOG:  checkpoint complete: wrote 2056 buffers (12.5%); 0 WAL file(s) added, 3 removed, 32 recycled; write=3.315 s, sync=0.627 s, total=4.347 s; sync files=5, longest=0.586 s, average=0.126 s; distance=562896 kB, estimate=565207 kB; lsn=4A/D48AE908, redo lsn=4A/B51E19C0
2026-09-26 18:54:52.880 UTC [27] LOG:  checkpoints are occurring too frequently (4 seconds apart)
2026-09-26 18:54:52.880 UTC [27] HINT:  Consider increasing the configuration parameter "max_wal_size".
2026-09-26 18:54:52.880 UTC [27] LOG:  checkpoint starting: wal
2026-09-26 18:54:56.344 UTC [27] LOG:  checkpoint complete: wrote 1778 buffers (10.9%); 0 WAL file(s) added, 2 removed, 32 recycled; write=2.388 s, sync=0.679 s, total=3.464 s; sync files=10, longest=0.621 s, average=0.068 s; distance=564525 kB, estimate=565139 kB; lsn=4A/F698AAB8, redo lsn=4A/D792D150
2026-09-26 18:54:56.344 UTC [27] LOG:  checkpoints are occurring too frequently (4 seconds apart)
2026-09-26 18:54:56.344 UTC [27] HINT:  Consider increasing the configuration parameter "max_wal_size".
2026-09-26 18:54:56.344 UTC [27] LOG:  checkpoint starting: wal
2026-09-26 18:54:59.617 UTC [27] LOG:  checkpoint complete: wrote 2172 buffers (13.3%); 0 WAL file(s) added, 1 removed, 32 recycled; write=2.190 s, sync=0.670 s, total=3.273 s; sync files=12, longest=0.624 s, average=0.056 s; distance=538167 kB, estimate=562441 kB; lsn=4B/17DC8B38, redo lsn=4A/F86BB068
2026-09-26 18:54:59.617 UTC [27] LOG:  checkpoints are occurring too frequently (3 seconds apart)
2026-09-26 18:54:59.617 UTC [27] HINT:  Consider increasing the configuration parameter "max_wal_size".
2026-09-26 18:54:59.617 UTC [27] LOG:  checkpoint starting: wal
2026-09-26 18:55:03.106 UTC [27] LOG:  checkpoint complete: wrote 2047 buffers (12.5%); 0 WAL file(s) added, 3 removed, 32 recycled; write=2.500 s, sync=0.597 s, total=3.489 s; sync files=5, longest=0.565 s, average=0.120 s; distance=568108 kB, estimate=568108 kB; lsn=4B/3AB35380, redo lsn=4B/1B186278
2026-09-26 18:55:03.106 UTC [27] LOG:  checkpoints are occurring too frequently (4 seconds apart)
2026-09-26 18:55:03.106 UTC [27] HINT:  Consider increasing the configuration parameter "max_wal_size".
2026-09-26 18:55:03.106 UTC [27] LOG:  checkpoint starting: wal
2026-09-26 18:55:06.137 UTC [27] LOG:  checkpoint complete: wrote 820 buffers (5.0%); 0 WAL file(s) added, 1 removed, 32 recycled; write=1.995 s, sync=0.587 s, total=3.032 s; sync files=4, longest=0.547 s, average=0.147 s; distance=546922 kB, estimate=565989 kB; lsn=4B/5B4697B8, redo lsn=4B/3C7A0E30
2026-09-26 18:55:06.137 UTC [27] LOG:  checkpoints are occurring too frequently (3 seconds apart)
2026-09-26 18:55:06.137 UTC [27] HINT:  Consider increasing the configuration parameter "max_wal_size".
2026-09-26 18:55:06.137 UTC [27] LOG:  checkpoint starting: wal
2026-09-26 18:55:09.319 UTC [27] LOG:  checkpoint complete: wrote 1958 buffers (12.0%); 0 WAL file(s) added, 2 removed, 32 recycled; write=2.200 s, sync=0.591 s, total=3.183 s; sync files=5, longest=0.547 s, average=0.119 s; distance=555233 kB, estimate=564914 kB; lsn=4B/7D87C188, redo lsn=4B/5E5D9358
2026-09-26 18:55:09.319 UTC [27] LOG:  checkpoints are occurring too frequently (3 seconds apart)
2026-09-26 18:55:09.319 UTC [27] HINT:  Consider increasing the configuration parameter "max_wal_size".
2026-09-26 18:55:09.320 UTC [27] LOG:  checkpoint starting: wal
2026-09-26 18:55:18.088 UTC [27] LOG:  checkpoint complete: wrote 1678 buffers (10.2%); 0 WAL file(s) added, 1 removed, 33 recycled; write=7.762 s, sync=0.674 s, total=8.769 s; sync files=5, longest=0.403 s, average=0.135 s; distance=566128 kB, estimate=566128 kB; lsn=4B/9EBF2E58, redo lsn=4B/80EB5708
2026-09-26 18:55:26.123 UTC [27] LOG:  checkpoints are occurring too frequently (17 seconds apart)
2026-09-26 18:55:26.123 UTC [27] HINT:  Consider increasing the configuration parameter "max_wal_size".
2026-09-26 18:55:26.123 UTC [27] LOG:  checkpoint starting: wal
2026-09-26 18:55:44.784 UTC [27] LOG:  checkpoint complete: wrote 1370 buffers (8.4%); 0 WAL file(s) added, 0 removed, 33 recycled; write=17.951 s, sync=0.278 s, total=18.662 s; sync files=5, longest=0.238 s, average=0.056 s; distance=525913 kB, estimate=562107 kB; lsn=4B/BF1BCEC8, redo lsn=4B/A104BE70
2026-09-26 18:55:44.867 UTC [27] LOG:  checkpoints are occurring too frequently (18 seconds apart)
2026-09-26 18:55:44.867 UTC [27] HINT:  Consider increasing the configuration parameter "max_wal_size".
2026-09-26 18:55:44.867 UTC [27] LOG:  checkpoint starting: wal
2026-09-26 18:55:48.138 UTC [27] LOG:  checkpoint complete: wrote 1661 buffers (10.1%); 0 WAL file(s) added, 1 removed, 32 recycled; write=2.184 s, sync=0.653 s, total=3.272 s; sync files=5, longest=0.621 s, average=0.131 s; distance=544496 kB, estimate=560346 kB; lsn=4B/E14C6DD0, redo lsn=4B/C2407FD0
2026-09-26 18:55:48.138 UTC [27] LOG:  checkpoints are occurring too frequently (4 seconds apart)
2026-09-26 18:55:48.138 UTC [27] HINT:  Consider increasing the configuration parameter "max_wal_size".
2026-09-26 18:55:48.138 UTC [27] LOG:  checkpoint starting: wal
2026-09-26 18:55:51.356 UTC [27] LOG:  checkpoint complete: wrote 2099 buffers (12.8%); 0 WAL file(s) added, 1 removed, 33 recycled; write=2.234 s, sync=0.569 s, total=3.218 s; sync files=5, longest=0.540 s, average=0.114 s; distance=560070 kB, estimate=560318 kB; lsn=4C/28BF238, redo lsn=4B/E46F9AE0
2026-09-26 18:55:51.356 UTC [27] LOG:  checkpoints are occurring too frequently (3 seconds apart)
2026-09-26 18:55:51.356 UTC [27] HINT:  Consider increasing the configuration parameter "max_wal_size".
2026-09-26 18:55:51.356 UTC [27] LOG:  checkpoint starting: wal
2026-09-26 18:55:54.509 UTC [27] LOG:  checkpoint complete: wrote 1549 buffers (9.5%); 0 WAL file(s) added, 1 removed, 32 recycled; write=2.086 s, sync=0.663 s, total=3.153 s; sync files=4, longest=0.622 s, average=0.166 s; distance=541304 kB, estimate=558417 kB; lsn=4C/240D7550, redo lsn=4C/5797E88
2026-09-26 18:55:54.509 UTC [27] LOG:  checkpoints are occurring too frequently (3 seconds apart)
2026-09-26 18:55:54.509 UTC [27] HINT:  Consider increasing the configuration parameter "max_wal_size".
2026-09-26 18:55:54.509 UTC [27] LOG:  checkpoint starting: wal
2026-09-26 18:55:57.732 UTC [27] LOG:  checkpoint complete: wrote 2166 buffers (13.2%); 0 WAL file(s) added, 1 removed, 32 recycled; write=2.250 s, sync=0.591 s, total=3.223 s; sync files=4, longest=0.563 s, average=0.148 s; distance=538410 kB, estimate=556416 kB; lsn=4C/457BA088, redo lsn=4C/265627B8
2026-09-26 18:55:57.732 UTC [27] LOG:  checkpoints are occurring too frequently (3 seconds apart)
2026-09-26 18:55:57.732 UTC [27] HINT:  Consider increasing the configuration parameter "max_wal_size".
2026-09-26 18:55:57.732 UTC [27] LOG:  checkpoint starting: wal
2026-09-26 18:56:01.031 UTC [27] LOG:  checkpoint complete: wrote 1944 buffers (11.9%); 0 WAL file(s) added, 2 removed, 32 recycled; write=2.232 s, sync=0.652 s, total=3.300 s; sync files=4, longest=0.622 s, average=0.163 s; distance=560923 kB, estimate=560923 kB; lsn=4C/6782CD40, redo lsn=4C/489295A8
2026-09-26 18:56:01.043 UTC [27] LOG:  checkpoints are occurring too frequently (4 seconds apart)
2026-09-26 18:56:01.043 UTC [27] HINT:  Consider increasing the configuration parameter "max_wal_size".
2026-09-26 18:56:01.043 UTC [27] LOG:  checkpoint starting: wal
2026-09-26 18:56:04.070 UTC [27] LOG:  checkpoint complete: wrote 1810 buffers (11.0%); 0 WAL file(s) added, 1 removed, 32 recycled; write=2.034 s, sync=0.569 s, total=3.027 s; sync files=5, longest=0.541 s, average=0.114 s; distance=535389 kB, estimate=558370 kB; lsn=4C/8858A0D8, redo lsn=4C/69400AC0
2026-09-26 18:56:04.070 UTC [27] LOG:  checkpoints are occurring too frequently (3 seconds apart)
2026-09-26 18:56:04.070 UTC [27] HINT:  Consider increasing the configuration parameter "max_wal_size".
2026-09-26 18:56:04.070 UTC [27] LOG:  checkpoint starting: wal
2026-09-26 18:56:07.396 UTC [27] LOG:  checkpoint complete: wrote 2068 buffers (12.6%); 0 WAL file(s) added, 2 removed, 32 recycled; write=2.340 s, sync=0.599 s, total=3.326 s; sync files=4, longest=0.579 s, average=0.150 s; distance=565546 kB, estimate=565546 kB; lsn=4C/AA899FF0, redo lsn=4C/8BC4B5B8
2026-09-26 18:56:07.396 UTC [27] LOG:  checkpoints are occurring too frequently (3 seconds apart)
2026-09-26 18:56:07.396 UTC [27] HINT:  Consider increasing the configuration parameter "max_wal_size".
2026-09-26 18:56:07.396 UTC [27] LOG:  checkpoint starting: wal
2026-09-26 18:56:13.454 UTC [27] LOG:  checkpoint complete: wrote 1693 buffers (10.3%); 0 WAL file(s) added, 2 removed, 32 recycled; write=2.081 s, sync=3.513 s, total=6.059 s; sync files=4, longest=3.465 s, average=0.879 s; distance=548149 kB, estimate=563807 kB; lsn=4C/CC55EB68, redo lsn=4C/AD398CA8
2026-09-26 18:56:13.454 UTC [27] LOG:  checkpoints are occurring too frequently (6 seconds apart)
2026-09-26 18:56:13.454 UTC [27] HINT:  Consider increasing the configuration parameter "max_wal_size".
2026-09-26 18:56:13.454 UTC [27] LOG:  checkpoint starting: wal
2026-09-26 18:56:16.719 UTC [27] LOG:  checkpoint complete: wrote 2029 buffers (12.4%); 0 WAL file(s) added, 2 removed, 32 recycled; write=2.148 s, sync=0.677 s, total=3.265 s; sync files=5, longest=0.676 s, average=0.136 s; distance=561613 kB, estimate=563587 kB; lsn=4C/EE4020A8, redo lsn=4C/CF80C428
2026-09-26 18:56:16.719 UTC [27] LOG:  checkpoints are occurring too frequently (3 seconds apart)
2026-09-26 18:56:16.719 UTC [27] HINT:  Consider increasing the configuration parameter "max_wal_size".
2026-09-26 18:56:16.720 UTC [27] LOG:  checkpoint starting: wal
2026-09-26 18:56:20.063 UTC [27] LOG:  checkpoint complete: wrote 1667 buffers (10.2%); 0 WAL file(s) added, 3 removed, 32 recycled; write=2.229 s, sync=0.696 s, total=3.343 s; sync files=4, longest=0.658 s, average=0.174 s; distance=567382 kB, estimate=567382 kB; lsn=4D/11522F60, redo lsn=4C/F2221E28
2026-09-26 18:56:20.063 UTC [27] LOG:  checkpoints are occurring too frequently (4 seconds apart)
2026-09-26 18:56:20.063 UTC [27] HINT:  Consider increasing the configuration parameter "max_wal_size".
2026-09-26 18:56:20.063 UTC [27] LOG:  checkpoint starting: wal
2026-09-26 18:56:23.289 UTC [27] LOG:  checkpoint complete: wrote 2002 buffers (12.2%); 0 WAL file(s) added, 1 removed, 32 recycled; write=2.149 s, sync=0.653 s, total=3.227 s; sync files=4, longest=0.610 s, average=0.164 s; distance=545529 kB, estimate=565197 kB; lsn=4D/329C7F78, redo lsn=4D/136E04E0
2026-09-26 18:56:23.290 UTC [27] LOG:  checkpoints are occurring too frequently (3 seconds apart)
2026-09-26 18:56:23.290 UTC [27] HINT:  Consider increasing the configuration parameter "max_wal_size".
2026-09-26 18:56:23.290 UTC [27] LOG:  checkpoint starting: wal
2026-09-26 18:56:26.518 UTC [27] LOG:  checkpoint complete: wrote 1804 buffers (11.0%); 0 WAL file(s) added, 2 removed, 33 recycled; write=2.221 s, sync=0.571 s, total=3.228 s; sync files=4, longest=0.539 s, average=0.143 s; distance=568173 kB, estimate=568173 kB; lsn=4D/544ADBD8, redo lsn=4D/361BBA68
2026-09-26 18:56:26.549 UTC [27] LOG:  checkpoints are occurring too frequently (3 seconds apart)
2026-09-26 18:56:26.549 UTC [27] HINT:  Consider increasing the configuration parameter "max_wal_size".
2026-09-26 18:56:26.549 UTC [27] LOG:  checkpoint starting: wal
2026-09-26 18:56:29.598 UTC [27] LOG:  checkpoint complete: wrote 1416 buffers (8.6%); 0 WAL file(s) added, 1 removed, 32 recycled; write=1.987 s, sync=0.621 s, total=3.050 s; sync files=5, longest=0.559 s, average=0.125 s; distance=539729 kB, estimate=565329 kB; lsn=4D/76400518, redo lsn=4D/570D01F8
2026-09-26 18:56:29.599 UTC [27] LOG:  checkpoints are occurring too frequently (3 seconds apart)
2026-09-26 18:56:29.599 UTC [27] HINT:  Consider increasing the configuration parameter "max_wal_size".
2026-09-26 18:56:29.599 UTC [27] LOG:  checkpoint starting: wal
2026-09-26 18:57:18.332 UTC [27] LOG:  checkpoint complete: wrote 2214 buffers (13.5%); 0 WAL file(s) added, 4 removed, 30 recycled; write=47.888 s, sync=0.387 s, total=48.734 s; sync files=77, longest=0.141 s, average=0.006 s; distance=572041 kB, estimate=572041 kB; lsn=4D/9A947DA8, redo lsn=4D/79F727D0
2026-09-26 18:57:18.332 UTC [27] LOG:  checkpoint starting: wal
2026-09-26 18:57:21.174 UTC [27] LOG:  checkpoint complete: wrote 1590 buffers (9.7%); 0 WAL file(s) added, 7 removed, 32 recycled; write=2.354 s, sync=0.373 s, total=2.843 s; sync files=7, longest=0.362 s, average=0.054 s; distance=626820 kB, estimate=626820 kB; lsn=4D/BFC3B238, redo lsn=4D/A03939E0
2026-09-26 18:57:21.330 UTC [27] LOG:  checkpoints are occurring too frequently (3 seconds apart)
2026-09-26 18:57:21.330 UTC [27] HINT:  Consider increasing the configuration parameter "max_wal_size".
2026-09-26 18:57:21.330 UTC [27] LOG:  checkpoint starting: wal
2026-09-26 18:57:23.279 UTC [27] LOG:  checkpoint complete: wrote 1404 buffers (8.6%); 0 WAL file(s) added, 1 removed, 32 recycled; write=1.649 s, sync=0.240 s, total=1.950 s; sync files=5, longest=0.229 s, average=0.048 s; distance=541104 kB, estimate=618248 kB; lsn=4D/E04CE8C8, redo lsn=4D/C13FFAB0
2026-09-26 18:57:23.370 UTC [27] LOG:  checkpoints are occurring too frequently (2 seconds apart)
2026-09-26 18:57:23.370 UTC [27] HINT:  Consider increasing the configuration parameter "max_wal_size".
2026-09-26 18:57:23.370 UTC [27] LOG:  checkpoint starting: wal
2026-09-26 18:57:25.660 UTC [27] LOG:  checkpoint complete: wrote 1617 buffers (9.9%); 0 WAL file(s) added, 3 removed, 30 recycled; write=1.814 s, sync=0.394 s, total=2.291 s; sync files=4, longest=0.383 s, average=0.099 s; distance=540699 kB, estimate=610493 kB; lsn=4E/39128E8, redo lsn=4D/E24067B8
2026-09-26 18:57:25.660 UTC [27] LOG:  checkpoints are occurring too frequently (2 seconds apart)
2026-09-26 18:57:25.660 UTC [27] HINT:  Consider increasing the configuration parameter "max_wal_size".
2026-09-26 18:57:25.660 UTC [27] LOG:  checkpoint starting: wal
2026-09-26 18:57:27.807 UTC [27] LOG:  checkpoint complete: wrote 1625 buffers (9.9%); 0 WAL file(s) added, 3 removed, 31 recycled; write=1.749 s, sync=0.313 s, total=2.148 s; sync files=4, longest=0.303 s, average=0.079 s; distance=558871 kB, estimate=605331 kB; lsn=4E/243ABD70, redo lsn=4E/45CC650
2026-09-26 18:57:27.856 UTC [27] LOG:  checkpoints are occurring too frequently (2 seconds apart)
2026-09-26 18:57:27.856 UTC [27] HINT:  Consider increasing the configuration parameter "max_wal_size".
2026-09-26 18:57:27.856 UTC [27] LOG:  checkpoint starting: wal
2026-09-26 18:57:30.049 UTC [27] LOG:  checkpoint complete: wrote 1485 buffers (9.1%); 0 WAL file(s) added, 2 removed, 31 recycled; write=1.736 s, sync=0.373 s, total=2.193 s; sync files=4, longest=0.362 s, average=0.093 s; distance=535944 kB, estimate=598392 kB; lsn=4E/45401088, redo lsn=4E/2512E790
2026-09-26 18:57:30.067 UTC [27] LOG:  checkpoints are occurring too frequently (3 seconds apart)
2026-09-26 18:57:30.067 UTC [27] HINT:  Consider increasing the configuration parameter "max_wal_size".
2026-09-26 18:57:30.067 UTC [27] LOG:  checkpoint starting: wal
2026-09-26 18:57:32.813 UTC [27] LOG:  checkpoint complete: wrote 1540 buffers (9.4%); 0 WAL file(s) added, 2 removed, 31 recycled; write=1.752 s, sync=0.541 s, total=2.746 s; sync files=5, longest=0.509 s, average=0.109 s; distance=543559 kB, estimate=592909 kB; lsn=4E/66B863C8, redo lsn=4E/464003F0
2026-09-26 18:57:32.813 UTC [27] LOG:  checkpoints are occurring too frequently (2 seconds apart)
2026-09-26 18:57:32.813 UTC [27] HINT:  Consider increasing the configuration parameter "max_wal_size".
2026-09-26 18:57:32.813 UTC [27] LOG:  checkpoint starting: wal
2026-09-26 18:57:36.109 UTC [27] LOG:  checkpoint complete: wrote 2001 buffers (12.2%); 0 WAL file(s) added, 4 removed, 32 recycled; write=2.295 s, sync=0.626 s, total=3.297 s; sync files=4, longest=0.594 s, average=0.157 s; distance=589913 kB, estimate=592609 kB; lsn=4E/89890388, redo lsn=4E/6A416B18
2026-09-26 18:57:36.165 UTC [27] LOG:  checkpoints are occurring too frequently (4 seconds apart)
2026-09-26 18:57:36.165 UTC [27] HINT:  Consider increasing the configuration parameter "max_wal_size".
2026-09-26 18:57:36.174 UTC [27] LOG:  checkpoint starting: wal
2026-09-26 18:57:39.345 UTC [27] LOG:  checkpoint complete: wrote 1911 buffers (11.7%); 0 WAL file(s) added, 1 removed, 32 recycled; write=2.075 s, sync=0.634 s, total=3.180 s; sync files=4, longest=0.599 s, average=0.159 s; distance=540591 kB, estimate=587408 kB; lsn=4E/AA506498, redo lsn=4E/8B402970
2026-09-26 18:57:39.345 UTC [27] LOG:  checkpoints are occurring too frequently (3 seconds apart)
2026-09-26 18:57:39.345 UTC [27] HINT:  Consider increasing the configuration parameter "max_wal_size".
2026-09-26 18:57:39.345 UTC [27] LOG:  checkpoint starting: wal
2026-09-26 18:57:42.450 UTC [27] LOG:  checkpoint complete: wrote 2126 buffers (13.0%); 0 WAL file(s) added, 2 removed, 33 recycled; write=2.139 s, sync=0.569 s, total=3.106 s; sync files=5, longest=0.535 s, average=0.114 s; distance=573783 kB, estimate=586045 kB; lsn=4E/CC672188, redo lsn=4E/AE4585D8
2026-09-26 18:57:42.450 UTC [27] LOG:  checkpoints are occurring too frequently (3 seconds apart)
2026-09-26 18:57:42.450 UTC [27] HINT:  Consider increasing the configuration parameter "max_wal_size".
2026-09-26 18:57:42.450 UTC [27] LOG:  checkpoint starting: wal
2026-09-26 18:57:45.563 UTC [27] LOG:  checkpoint complete: wrote 1886 buffers (11.5%); 0 WAL file(s) added, 1 removed, 33 recycled; write=2.141 s, sync=0.575 s, total=3.113 s; sync files=4, longest=0.537 s, average=0.144 s; distance=554265 kB, estimate=582867 kB; lsn=4E/EE4D6430, redo lsn=4E/D019EC78
2026-09-26 18:57:45.702 UTC [27] LOG:  checkpoints are occurring too frequently (3 seconds apart)
2026-09-26 18:57:45.702 UTC [27] HINT:  Consider increasing the configuration parameter "max_wal_size".
2026-09-26 18:57:45.702 UTC [27] LOG:  checkpoint starting: wal
2026-09-26 18:57:50.609 UTC [27] LOG:  checkpoint complete: wrote 2088 buffers (12.7%); 0 WAL file(s) added, 1 removed, 32 recycled; write=3.147 s, sync=1.344 s, total=4.907 s; sync files=4, longest=1.294 s, average=0.336 s; distance=542862 kB, estimate=578867 kB; lsn=4F/10A28B08, redo lsn=4E/F13C25C8
2026-09-26 18:57:50.609 UTC [27] LOG:  checkpoints are occurring too frequently (5 seconds apart)
2026-09-26 18:57:50.609 UTC [27] HINT:  Consider increasing the configuration parameter "max_wal_size".
2026-09-26 18:57:50.609 UTC [27] LOG:  checkpoint starting: wal
2026-09-26 18:57:53.805 UTC [27] LOG:  checkpoint complete: wrote 2096 buffers (12.8%); 0 WAL file(s) added, 2 removed, 33 recycled; write=2.129 s, sync=0.611 s, total=3.197 s; sync files=11, longest=0.564 s, average=0.056 s; distance=571032 kB, estimate=578083 kB; lsn=4F/32D8DE78, redo lsn=4F/14168670
2026-09-26 18:57:53.805 UTC [27] LOG:  checkpoints are occurring too frequently (3 seconds apart)
2026-09-26 18:57:53.805 UTC [27] HINT:  Consider increasing the configuration parameter "max_wal_size".
2026-09-26 18:57:53.805 UTC [27] LOG:  checkpoint starting: wal
2026-09-26 18:57:56.976 UTC [27] LOG:  checkpoint complete: wrote 1690 buffers (10.3%); 0 WAL file(s) added, 1 removed, 33 recycled; write=2.116 s, sync=0.628 s, total=3.171 s; sync files=5, longest=0.595 s, average=0.126 s; distance=560626 kB, estimate=576337 kB; lsn=4F/54CF7B58, redo lsn=4F/364E5228
2026-09-26 18:57:57.046 UTC [27] LOG:  checkpoints are occurring too frequently (4 seconds apart)
2026-09-26 18:57:57.046 UTC [27] HINT:  Consider increasing the configuration parameter "max_wal_size".
2026-09-26 18:57:57.046 UTC [27] LOG:  checkpoint starting: wal
2026-09-26 18:58:00.760 UTC [27] LOG:  checkpoint complete: wrote 2100 buffers (12.8%); 0 WAL file(s) added, 2 removed, 31 recycled; write=2.519 s, sync=0.735 s, total=3.714 s; sync files=5, longest=0.646 s, average=0.147 s; distance=539789 kB, estimate=572683 kB; lsn=4F/7749A9A8, redo lsn=4F/57408670
2026-09-26 18:58:00.760 UTC [27] LOG:  checkpoints are occurring too frequently (3 seconds apart)
2026-09-26 18:58:00.760 UTC [27] HINT:  Consider increasing the configuration parameter "max_wal_size".
2026-09-26 18:58:00.760 UTC [27] LOG:  checkpoint starting: wal
2026-09-26 18:58:31.341 UTC [27] LOG:  checkpoint complete: wrote 1296 buffers (7.9%); 0 WAL file(s) added, 4 removed, 32 recycled; write=29.846 s, sync=0.250 s, total=30.582 s; sync files=4, longest=0.217 s, average=0.063 s; distance=601017 kB, estimate=601017 kB; lsn=4F/9A980858, redo lsn=4F/7BEF6D28
2026-09-26 18:58:31.342 UTC [27] LOG:  checkpoint starting: wal
2026-09-26 18:58:34.369 UTC [27] LOG:  checkpoint complete: wrote 4954 buffers (30.2%); 0 WAL file(s) added, 3 removed, 32 recycled; write=2.044 s, sync=0.559 s, total=3.028 s; sync files=6, longest=0.525 s, average=0.094 s; distance=561042 kB, estimate=597020 kB; lsn=4F/BD53A278, redo lsn=4F/9E2DB828
2026-09-26 18:58:34.369 UTC [27] LOG:  checkpoints are occurring too frequently (3 seconds apart)
2026-09-26 18:58:34.369 UTC [27] HINT:  Consider increasing the configuration parameter "max_wal_size".
2026-09-26 18:58:34.369 UTC [27] LOG:  checkpoint starting: wal
2026-09-26 18:58:37.674 UTC [27] LOG:  checkpoint complete: wrote 1816 buffers (11.1%); 0 WAL file(s) added, 3 removed, 32 recycled; write=2.286 s, sync=0.615 s, total=3.306 s; sync files=4, longest=0.591 s, average=0.154 s; distance=581893 kB, estimate=595507 kB; lsn=4F/E0A3EA18, redo lsn=4F/C1B1CD88
2026-09-26 18:58:37.675 UTC [27] LOG:  checkpoints are occurring too frequently (3 seconds apart)
2026-09-26 18:58:37.675 UTC [27] HINT:  Consider increasing the configuration parameter "max_wal_size".
2026-09-26 18:58:37.675 UTC [27] LOG:  checkpoint starting: wal
2026-09-26 18:58:43.426 UTC [27] LOG:  checkpoint complete: wrote 2007 buffers (12.2%); 0 WAL file(s) added, 1 removed, 32 recycled; write=1.966 s, sync=3.358 s, total=5.752 s; sync files=5, longest=3.306 s, average=0.672 s; distance=534459 kB, estimate=589402 kB; lsn=50/182B068, redo lsn=4F/E250BA90
2026-09-26 18:58:43.427 UTC [27] LOG:  checkpoints are occurring too frequently (6 seconds apart)
2026-09-26 18:58:43.427 UTC [27] HINT:  Consider increasing the configuration parameter "max_wal_size".
2026-09-26 18:58:43.427 UTC [27] LOG:  checkpoint starting: wal
2026-09-26 18:58:46.734 UTC [27] LOG:  checkpoint complete: wrote 1818 buffers (11.1%); 0 WAL file(s) added, 3 removed, 32 recycled; write=2.224 s, sync=0.605 s, total=3.308 s; sync files=4, longest=0.576 s, average=0.152 s; distance=568592 kB, estimate=587321 kB; lsn=50/244EA6C8, redo lsn=50/504FB38
2026-09-26 18:58:46.735 UTC [27] LOG:  checkpoints are occurring too frequently (3 seconds apart)
2026-09-26 18:58:46.735 UTC [27] HINT:  Consider increasing the configuration parameter "max_wal_size".
2026-09-26 18:58:46.735 UTC [27] LOG:  checkpoint starting: wal
2026-09-26 18:58:49.841 UTC [27] LOG:  checkpoint complete: wrote 1731 buffers (10.6%); 0 WAL file(s) added, 2 removed, 32 recycled; write=2.014 s, sync=0.705 s, total=3.106 s; sync files=4, longest=0.656 s, average=0.177 s; distance=565046 kB, estimate=585094 kB; lsn=50/46400D30, redo lsn=50/2781D3C0
2026-09-26 18:58:49.874 UTC [27] LOG:  checkpoints are occurring too frequently (3 seconds apart)
2026-09-26 18:58:49.874 UTC [27] HINT:  Consider increasing the configuration parameter "max_wal_size".
2026-09-26 18:58:49.874 UTC [27] LOG:  checkpoint starting: wal
2026-09-26 18:58:52.998 UTC [27] LOG:  checkpoint complete: wrote 2029 buffers (12.4%); 0 WAL file(s) added, 1 removed, 32 recycled; write=2.104 s, sync=0.573 s, total=3.125 s; sync files=5, longest=0.550 s, average=0.115 s; distance=533600 kB, estimate=579944 kB; lsn=50/677A79C8, redo lsn=50/48135658
2026-09-26 18:58:52.999 UTC [27] LOG:  checkpoints are occurring too frequently (3 seconds apart)
2026-09-26 18:58:52.999 UTC [27] HINT:  Consider increasing the configuration parameter "max_wal_size".
2026-09-26 18:58:53.014 UTC [27] LOG:  checkpoint starting: wal
2026-09-26 18:58:56.257 UTC [27] LOG:  checkpoint complete: wrote 2214 buffers (13.5%); 0 WAL file(s) added, 3 removed, 32 recycled; write=2.222 s, sync=0.635 s, total=3.259 s; sync files=10, longest=0.588 s, average=0.064 s; distance=574380 kB, estimate=579388 kB; lsn=50/8A7C2B18, redo lsn=50/6B220800
2026-09-26 18:58:56.257 UTC [27] LOG:  checkpoints are occurring too frequently (4 seconds apart)
2026-09-26 18:58:56.257 UTC [27] HINT:  Consider increasing the configuration parameter "max_wal_size".
2026-09-26 18:58:56.257 UTC [27] LOG:  checkpoint starting: wal
2026-09-26 18:58:59.321 UTC [27] LOG:  checkpoint complete: wrote 1620 buffers (9.9%); 0 WAL file(s) added, 2 removed, 31 recycled; write=2.083 s, sync=0.598 s, total=3.064 s; sync files=4, longest=0.547 s, average=0.150 s; distance=554359 kB, estimate=576885 kB; lsn=50/AC1C4810, redo lsn=50/8CF7E7A8
2026-09-26 18:58:59.321 UTC [27] LOG:  checkpoints are occurring too frequently (3 seconds apart)
2026-09-26 18:58:59.321 UTC [27] HINT:  Consider increasing the configuration parameter "max_wal_size".
2026-09-26 18:58:59.321 UTC [27] LOG:  checkpoint starting: wal
2026-09-26 18:59:02.346 UTC [27] LOG:  checkpoint complete: wrote 2126 buffers (13.0%); 0 WAL file(s) added, 1 removed, 32 recycled; write=2.020 s, sync=0.584 s, total=3.026 s; sync files=4, longest=0.557 s, average=0.146 s; distance=539516 kB, estimate=573148 kB; lsn=50/CC7CCE40, redo lsn=50/ADE5D9E0
2026-09-26 18:59:02.347 UTC [27] LOG:  checkpoints are occurring too frequently (3 seconds apart)
2026-09-26 18:59:02.347 UTC [27] HINT:  Consider increasing the configuration parameter "max_wal_size".
2026-09-26 18:59:02.347 UTC [27] LOG:  checkpoint starting: wal
2026-09-26 18:59:05.852 UTC [27] LOG:  checkpoint complete: wrote 1988 buffers (12.1%); 0 WAL file(s) added, 3 removed, 32 recycled; write=2.515 s, sync=0.590 s, total=3.506 s; sync files=4, longest=0.552 s, average=0.148 s; distance=560451 kB, estimate=571878 kB; lsn=50/EF4B2790, redo lsn=50/D01AE628
2026-09-26 18:59:05.852 UTC [27] LOG:  checkpoints are occurring too frequently (3 seconds apart)
2026-09-26 18:59:05.852 UTC [27] HINT:  Consider increasing the configuration parameter "max_wal_size".
2026-09-26 18:59:05.852 UTC [27] LOG:  checkpoint starting: wal
2026-09-26 18:59:09.034 UTC [27] LOG:  checkpoint complete: wrote 1640 buffers (10.0%); 0 WAL file(s) added, 2 removed, 32 recycled; write=2.108 s, sync=0.644 s, total=3.182 s; sync files=5, longest=0.600 s, average=0.129 s; distance=568515 kB, estimate=571542 kB; lsn=51/1185FF98, redo lsn=50/F2CDF310
2026-09-26 18:59:09.065 UTC [27] LOG:  checkpoints are occurring too frequently (4 seconds apart)
2026-09-26 18:59:09.065 UTC [27] HINT:  Consider increasing the configuration parameter "max_wal_size".
2026-09-26 18:59:09.065 UTC [27] LOG:  checkpoint starting: wal
2026-09-26 18:59:14.931 UTC [27] LOG:  checkpoint complete: wrote 2074 buffers (12.7%); 0 WAL file(s) added, 1 removed, 32 recycled; write=4.816 s, sync=0.606 s, total=5.866 s; sync files=4, longest=0.572 s, average=0.152 s; distance=531611 kB, estimate=567549 kB; lsn=51/3249CB40, redo lsn=51/13405FE0
2026-09-26 18:59:14.931 UTC [27] LOG:  checkpoints are occurring too frequently (5 seconds apart)
2026-09-26 18:59:14.931 UTC [27] HINT:  Consider increasing the configuration parameter "max_wal_size".
2026-09-26 18:59:14.931 UTC [27] LOG:  checkpoint starting: wal
2026-09-26 18:59:18.200 UTC [27] LOG:  checkpoint complete: wrote 1865 buffers (11.4%); 0 WAL file(s) added, 2 removed, 32 recycled; write=2.235 s, sync=0.603 s, total=3.269 s; sync files=4, longest=0.574 s, average=0.151 s; distance=558357 kB, estimate=566630 kB; lsn=51/5485C9B0, redo lsn=51/3554B688
2026-09-26 18:59:18.201 UTC [27] LOG:  checkpoints are occurring too frequently (4 seconds apart)
2026-09-26 18:59:18.201 UTC [27] HINT:  Consider increasing the configuration parameter "max_wal_size".
2026-09-26 18:59:18.201 UTC [27] LOG:  checkpoint starting: wal
2026-09-26 18:59:21.425 UTC [27] LOG:  checkpoint complete: wrote 2042 buffers (12.5%); 0 WAL file(s) added, 3 removed, 32 recycled; write=2.181 s, sync=0.611 s, total=3.224 s; sync files=4, longest=0.584 s, average=0.153 s; distance=570114 kB, estimate=570114 kB; lsn=51/777F3100, redo lsn=51/5820C238
2026-09-26 18:59:21.425 UTC [27] LOG:  checkpoints are occurring too frequently (3 seconds apart)
2026-09-26 18:59:21.425 UTC [27] HINT:  Consider increasing the configuration parameter "max_wal_size".
2026-09-26 18:59:21.425 UTC [27] LOG:  checkpoint starting: wal
2026-09-26 19:00:10.444 UTC [27] LOG:  checkpoint complete: wrote 639 buffers (3.9%); 0 WAL file(s) added, 3 removed, 30 recycled; write=48.640 s, sync=0.280 s, total=49.020 s; sync files=83, longest=0.227 s, average=0.004 s; distance=544905 kB, estimate=567594 kB; lsn=51/9A273C68, redo lsn=51/7962E9E0
2026-09-26 19:00:10.444 UTC [27] LOG:  checkpoint starting: wal
2026-09-26 19:00:12.494 UTC [27] LOG:  checkpoint complete: wrote 1803 buffers (11.0%); 0 WAL file(s) added, 2 removed, 32 recycled; write=1.662 s, sync=0.325 s, total=2.051 s; sync files=8, longest=0.312 s, average=0.041 s; distance=553835 kB, estimate=566218 kB; lsn=51/BA451810, redo lsn=51/9B309758
2026-09-26 19:00:12.600 UTC [27] LOG:  checkpoints are occurring too frequently (2 seconds apart)
2026-09-26 19:00:12.600 UTC [27] HINT:  Consider increasing the configuration parameter "max_wal_size".
2026-09-26 19:00:12.602 UTC [27] LOG:  checkpoint starting: wal
2026-09-26 19:00:14.708 UTC [27] LOG:  checkpoint complete: wrote 1665 buffers (10.2%); 0 WAL file(s) added, 1 removed, 32 recycled; write=1.753 s, sync=0.289 s, total=2.109 s; sync files=4, longest=0.280 s, average=0.073 s; distance=540399 kB, estimate=563636 kB; lsn=51/DB506C78, redo lsn=51/BC2C5468
2026-09-26 19:00:14.795 UTC [27] LOG:  checkpoints are occurring too frequently (2 seconds apart)
2026-09-26 19:00:14.795 UTC [27] HINT:  Consider increasing the configuration parameter "max_wal_size".
2026-09-26 19:00:14.795 UTC [27] LOG:  checkpoint starting: wal
2026-09-26 19:00:16.910 UTC [27] LOG:  checkpoint complete: wrote 1633 buffers (10.0%); 0 WAL file(s) added, 1 removed, 32 recycled; write=1.760 s, sync=0.283 s, total=2.115 s; sync files=4, longest=0.274 s, average=0.071 s; distance=538639 kB, estimate=561136 kB; lsn=51/FC651D00, redo lsn=51/DD0C9358
2026-09-26 19:00:16.982 UTC [27] LOG:  checkpoints are occurring too frequently (2 seconds apart)
2026-09-26 19:00:16.982 UTC [27] HINT:  Consider increasing the configuration parameter "max_wal_size".
2026-09-26 19:00:16.982 UTC [27] LOG:  checkpoint starting: wal
2026-09-26 19:00:19.131 UTC [27] LOG:  checkpoint complete: wrote 1668 buffers (10.2%); 0 WAL file(s) added, 2 removed, 31 recycled; write=1.749 s, sync=0.320 s, total=2.150 s; sync files=5, longest=0.307 s, average=0.064 s; distance=543995 kB, estimate=559422 kB; lsn=52/1E403A40, redo lsn=51/FE408170
2026-09-26 19:00:19.145 UTC [27] LOG:  checkpoints are occurring too frequently (3 seconds apart)
2026-09-26 19:00:19.145 UTC [27] HINT:  Consider increasing the configuration parameter "max_wal_size".
2026-09-26 19:00:19.145 UTC [27] LOG:  checkpoint starting: wal
2026-09-26 19:00:23.316 UTC [27] LOG:  checkpoint complete: wrote 1657 buffers (10.1%); 0 WAL file(s) added, 2 removed, 31 recycled; write=1.734 s, sync=1.888 s, total=4.171 s; sync files=4, longest=1.784 s, average=0.472 s; distance=540646 kB, estimate=557544 kB; lsn=52/3F627940, redo lsn=52/1F4019E0
2026-09-26 19:00:23.316 UTC [27] LOG:  checkpoints are occurring too frequently (4 seconds apart)
2026-09-26 19:00:23.316 UTC [27] HINT:  Consider increasing the configuration parameter "max_wal_size".
2026-09-26 19:00:23.316 UTC [27] LOG:  checkpoint starting: wal
2026-09-26 19:00:27.403 UTC [27] LOG:  checkpoint complete: wrote 2406 buffers (14.7%); 0 WAL file(s) added, 2 removed, 32 recycled; write=2.951 s, sync=0.702 s, total=4.088 s; sync files=4, longest=0.667 s, average=0.176 s; distance=558874 kB, estimate=558874 kB; lsn=52/603ACFB8, redo lsn=52/415C83F8
2026-09-26 19:00:27.403 UTC [27] LOG:  checkpoints are occurring too frequently (4 seconds apart)
2026-09-26 19:00:27.403 UTC [27] HINT:  Consider increasing the configuration parameter "max_wal_size".
2026-09-26 19:00:27.403 UTC [27] LOG:  checkpoint starting: wal
2026-09-26 19:00:30.581 UTC [27] LOG:  checkpoint complete: wrote 2225 buffers (13.6%); 0 WAL file(s) added, 1 removed, 32 recycled; write=2.069 s, sync=0.709 s, total=3.178 s; sync files=4, longest=0.667 s, average=0.178 s; distance=546416 kB, estimate=557628 kB; lsn=52/81D1A4F8, redo lsn=52/62B645D8
2026-09-26 19:00:30.582 UTC [27] LOG:  checkpoints are occurring too frequently (3 seconds apart)
2026-09-26 19:00:30.582 UTC [27] HINT:  Consider increasing the configuration parameter "max_wal_size".
2026-09-26 19:00:30.582 UTC [27] LOG:  checkpoint starting: wal
2026-09-26 19:00:33.810 UTC [27] LOG:  checkpoint complete: wrote 2090 buffers (12.8%); 0 WAL file(s) added, 3 removed, 32 recycled; write=2.142 s, sync=0.622 s, total=3.229 s; sync files=5, longest=0.577 s, average=0.125 s; distance=561955 kB, estimate=561955 kB; lsn=52/A45634D0, redo lsn=52/8502D460
2026-09-26 19:00:33.811 UTC [27] LOG:  checkpoints are occurring too frequently (3 seconds apart)
2026-09-26 19:00:33.811 UTC [27] HINT:  Consider increasing the configuration parameter "max_wal_size".
2026-09-26 19:00:33.811 UTC [27] LOG:  checkpoint starting: wal
2026-09-26 19:00:37.126 UTC [27] LOG:  checkpoint complete: wrote 1751 buffers (10.7%); 0 WAL file(s) added, 4 removed, 30 recycled; write=2.194 s, sync=0.732 s, total=3.316 s; sync files=4, longest=0.699 s, average=0.183 s; distance=571960 kB, estimate=571960 kB; lsn=52/C8401898, redo lsn=52/A7EBB5A0
2026-09-26 19:00:37.126 UTC [27] LOG:  checkpoints are occurring too frequently (4 seconds apart)
2026-09-26 19:00:37.126 UTC [27] HINT:  Consider increasing the configuration parameter "max_wal_size".
2026-09-26 19:00:37.126 UTC [27] LOG:  checkpoint starting: wal
2026-09-26 19:00:40.375 UTC [27] LOG:  checkpoint complete: wrote 1873 buffers (11.4%); 0 WAL file(s) added, 4 removed, 31 recycled; write=2.148 s, sync=0.707 s, total=3.249 s; sync files=4, longest=0.666 s, average=0.177 s; distance=571973 kB, estimate=571973 kB; lsn=52/EA403478, redo lsn=52/CAD4C9F0
2026-09-26 19:00:40.375 UTC [27] LOG:  checkpoints are occurring too frequently (3 seconds apart)
2026-09-26 19:00:40.375 UTC [27] HINT:  Consider increasing the configuration parameter "max_wal_size".
2026-09-26 19:00:40.375 UTC [27] LOG:  checkpoint starting: wal
2026-09-26 19:00:43.831 UTC [27] LOG:  checkpoint complete: wrote 1979 buffers (12.1%); 0 WAL file(s) added, 3 removed, 33 recycled; write=2.230 s, sync=0.754 s, total=3.457 s; sync files=5, longest=0.720 s, average=0.151 s; distance=576958 kB, estimate=576958 kB; lsn=53/CEA5960, redo lsn=52/EE0BC558
2026-09-26 19:00:43.832 UTC [27] LOG:  checkpoints are occurring too frequently (3 seconds apart)
2026-09-26 19:00:43.832 UTC [27] HINT:  Consider increasing the configuration parameter "max_wal_size".
2026-09-26 19:00:43.832 UTC [27] LOG:  checkpoint starting: wal
2026-09-26 19:00:46.891 UTC [27] LOG:  checkpoint complete: wrote 1659 buffers (10.1%); 0 WAL file(s) added, 1 removed, 33 recycled; write=2.025 s, sync=0.644 s, total=3.060 s; sync files=4, longest=0.607 s, average=0.161 s; distance=556922 kB, estimate=574955 kB; lsn=53/2E4BD430, redo lsn=53/1009AFF8
2026-09-26 19:00:46.995 UTC [27] LOG:  checkpoints are occurring too frequently (3 seconds apart)
2026-09-26 19:00:46.995 UTC [27] HINT:  Consider increasing the configuration parameter "max_wal_size".
2026-09-26 19:00:46.995 UTC [27] LOG:  checkpoint starting: wal
2026-09-26 19:00:50.036 UTC [27] LOG:  checkpoint complete: wrote 1685 buffers (10.3%); 0 WAL file(s) added, 1 removed, 32 recycled; write=1.928 s, sync=0.691 s, total=3.042 s; sync files=4, longest=0.681 s, average=0.173 s; distance=544149 kB, estimate=571874 kB; lsn=53/50403288, redo lsn=53/31400450
2026-09-26 19:00:50.036 UTC [27] LOG:  checkpoints are occurring too frequently (4 seconds apart)
2026-09-26 19:00:50.036 UTC [27] HINT:  Consider increasing the configuration parameter "max_wal_size".
2026-09-26 19:00:50.036 UTC [27] LOG:  checkpoint starting: wal
2026-09-26 19:00:53.185 UTC [27] LOG:  checkpoint complete: wrote 1901 buffers (11.6%); 0 WAL file(s) added, 1 removed, 33 recycled; write=2.131 s, sync=0.727 s, total=3.149 s; sync files=5, longest=0.699 s, average=0.146 s; distance=560326 kB, estimate=570719 kB; lsn=53/716B12B8, redo lsn=53/53731D30
2026-09-26 19:00:53.637 UTC [27] LOG:  checkpoints are occurring too frequently (3 seconds apart)
2026-09-26 19:00:53.637 UTC [27] HINT:  Consider increasing the configuration parameter "max_wal_size".
2026-09-26 19:00:53.637 UTC [27] LOG:  checkpoint starting: wal
2026-09-26 19:01:27.697 UTC [27] LOG:  checkpoint complete: wrote 2014 buffers (12.3%); 0 WAL file(s) added, 1 removed, 32 recycled; write=33.389 s, sync=0.256 s, total=34.061 s; sync files=8, longest=0.222 s, average=0.032 s; distance=537406 kB, estimate=567388 kB; lsn=53/936324B8, redo lsn=53/74401800
2026-09-26 19:01:27.697 UTC [27] LOG:  checkpoint starting: wal
2026-09-26 19:01:30.834 UTC [27] LOG:  checkpoint complete: wrote 4854 buffers (29.6%); 0 WAL file(s) added, 3 removed, 32 recycled; write=2.071 s, sync=0.625 s, total=3.137 s; sync files=6, longest=0.519 s, average=0.105 s; distance=570531 kB, estimate=570531 kB; lsn=53/B6D403A8, redo lsn=53/9712A448
2026-09-26 19:01:30.834 UTC [27] LOG:  checkpoints are occurring too frequently (3 seconds apart)
2026-09-26 19:01:30.834 UTC [27] HINT:  Consider increasing the configuration parameter "max_wal_size".
2026-09-26 19:01:30.834 UTC [27] LOG:  checkpoint starting: wal
2026-09-26 19:01:34.126 UTC [27] LOG:  checkpoint complete: wrote 1911 buffers (11.7%); 0 WAL file(s) added, 4 removed, 32 recycled; write=2.318 s, sync=0.590 s, total=3.292 s; sync files=4, longest=0.563 s, average=0.148 s; distance=593050 kB, estimate=593050 kB; lsn=53/DA8682F8, redo lsn=53/BB450F78
2026-09-26 19:01:34.162 UTC [27] LOG:  checkpoints are occurring too frequently (4 seconds apart)
2026-09-26 19:01:34.162 UTC [27] HINT:  Consider increasing the configuration parameter "max_wal_size".
2026-09-26 19:01:34.162 UTC [27] LOG:  checkpoint starting: wal
2026-09-26 19:01:37.351 UTC [27] LOG:  checkpoint complete: wrote 1728 buffers (10.5%); 0 WAL file(s) added, 1 removed, 32 recycled; write=2.122 s, sync=0.715 s, total=3.190 s; sync files=4, longest=0.690 s, average=0.179 s; distance=540363 kB, estimate=587782 kB; lsn=53/FB43CA78, redo lsn=53/DC403E38
2026-09-26 19:01:37.352 UTC [27] LOG:  checkpoints are occurring too frequently (3 seconds apart)
2026-09-26 19:01:37.352 UTC [27] HINT:  Consider increasing the configuration parameter "max_wal_size".
2026-09-26 19:01:37.352 UTC [27] LOG:  checkpoint starting: wal
2026-09-26 19:01:40.532 UTC [27] LOG:  checkpoint complete: wrote 2237 buffers (13.7%); 0 WAL file(s) added, 1 removed, 32 recycled; write=2.069 s, sync=0.650 s, total=3.181 s; sync files=5, longest=0.607 s, average=0.130 s; distance=546839 kB, estimate=583687 kB; lsn=54/1C8F8540, redo lsn=53/FDA09CB8
2026-09-26 19:01:40.532 UTC [27] LOG:  checkpoints are occurring too frequently (3 seconds apart)
2026-09-26 19:01:40.532 UTC [27] HINT:  Consider increasing the configuration parameter "max_wal_size".
2026-09-26 19:01:40.532 UTC [27] LOG:  checkpoint starting: wal
2026-09-26 19:01:43.681 UTC [27] LOG:  checkpoint complete: wrote 2076 buffers (12.7%); 0 WAL file(s) added, 2 removed, 33 recycled; write=2.126 s, sync=0.583 s, total=3.149 s; sync files=4, longest=0.561 s, average=0.146 s; distance=568810 kB, estimate=582200 kB; lsn=54/3E78AF20, redo lsn=54/205844C8
2026-09-26 19:01:43.681 UTC [27] LOG:  checkpoints are occurring too frequently (3 seconds apart)
2026-09-26 19:01:43.681 UTC [27] HINT:  Consider increasing the configuration parameter "max_wal_size".
2026-09-26 19:01:43.681 UTC [27] LOG:  checkpoint starting: wal
2026-09-26 19:01:49.676 UTC [27] LOG:  checkpoint complete: wrote 1848 buffers (11.3%); 0 WAL file(s) added, 2 removed, 32 recycled; write=4.980 s, sync=0.617 s, total=5.995 s; sync files=4, longest=0.581 s, average=0.155 s; distance=560888 kB, estimate=580068 kB; lsn=54/61B47FA8, redo lsn=54/42942698
2026-09-26 19:01:49.676 UTC [27] LOG:  checkpoints are occurring too frequently (6 seconds apart)
2026-09-26 19:01:49.676 UTC [27] HINT:  Consider increasing the configuration parameter "max_wal_size".
2026-09-26 19:01:49.676 UTC [27] LOG:  checkpoint starting: wal
2026-09-26 19:01:52.613 UTC [27] LOG:  checkpoint complete: wrote 1325 buffers (8.1%); 0 WAL file(s) added, 1 removed, 32 recycled; write=1.989 s, sync=0.593 s, total=2.938 s; sync files=4, longest=0.560 s, average=0.149 s; distance=537562 kB, estimate=575818 kB; lsn=54/82699730, redo lsn=54/63639078
2026-09-26 19:01:52.613 UTC [27] LOG:  checkpoints are occurring too frequently (3 seconds apart)
2026-09-26 19:01:52.613 UTC [27] HINT:  Consider increasing the configuration parameter "max_wal_size".
2026-09-26 19:01:52.613 UTC [27] LOG:  checkpoint starting: wal
2026-09-26 19:01:55.786 UTC [27] LOG:  checkpoint complete: wrote 2245 buffers (13.7%); 0 WAL file(s) added, 1 removed, 32 recycled; write=2.096 s, sync=0.659 s, total=3.173 s; sync files=5, longest=0.611 s, average=0.132 s; distance=544428 kB, estimate=572679 kB; lsn=54/A3614130, redo lsn=54/849E4168
2026-09-26 19:01:55.786 UTC [27] LOG:  checkpoints are occurring too frequently (3 seconds apart)
2026-09-26 19:01:55.786 UTC [27] HINT:  Consider increasing the configuration parameter "max_wal_size".
2026-09-26 19:01:55.786 UTC [27] LOG:  checkpoint starting: wal
2026-09-26 19:01:58.990 UTC [27] LOG:  checkpoint complete: wrote 1891 buffers (11.5%); 0 WAL file(s) added, 2 removed, 32 recycled; write=2.105 s, sync=0.616 s, total=3.204 s; sync files=4, longest=0.571 s, average=0.154 s; distance=562884 kB, estimate=571699 kB; lsn=54/C5575618, redo lsn=54/A6F95408
2026-09-26 19:01:58.990 UTC [27] LOG:  checkpoints are occurring too frequently (3 seconds apart)
2026-09-26 19:01:58.990 UTC [27] HINT:  Consider increasing the configuration parameter "max_wal_size".
2026-09-26 19:01:58.990 UTC [27] LOG:  checkpoint starting: wal
2026-09-26 19:02:02.184 UTC [27] LOG:  checkpoint complete: wrote 1864 buffers (11.4%); 0 WAL file(s) added, 3 removed, 32 recycled; write=2.187 s, sync=0.571 s, total=3.195 s; sync files=4, longest=0.545 s, average=0.143 s; distance=569634 kB, estimate=571493 kB; lsn=54/E88903A8, redo lsn=54/C9BDDD48
2026-09-26 19:02:02.184 UTC [27] LOG:  checkpoints are occurring too frequently (4 seconds apart)
2026-09-26 19:02:02.184 UTC [27] HINT:  Consider increasing the configuration parameter "max_wal_size".
2026-09-26 19:02:02.189 UTC [27] LOG:  checkpoint starting: wal
2026-09-26 19:02:05.575 UTC [27] LOG:  checkpoint complete: wrote 1652 buffers (10.1%); 0 WAL file(s) added, 1 removed, 33 recycled; write=1.989 s, sync=0.724 s, total=3.391 s; sync files=4, longest=0.689 s, average=0.181 s; distance=546585 kB, estimate=569002 kB; lsn=55/98DAF40, redo lsn=54/EB1A4318
2026-09-26 19:02:05.575 UTC [27] LOG:  checkpoints are occurring too frequently (3 seconds apart)
2026-09-26 19:02:05.575 UTC [27] HINT:  Consider increasing the configuration parameter "max_wal_size".
2026-09-26 19:02:05.575 UTC [27] LOG:  checkpoint starting: wal
2026-09-26 19:02:08.615 UTC [27] LOG:  checkpoint complete: wrote 2124 buffers (13.0%); 0 WAL file(s) added, 1 removed, 32 recycled; write=2.023 s, sync=0.606 s, total=3.040 s; sync files=5, longest=0.582 s, average=0.122 s; distance=553341 kB, estimate=567436 kB; lsn=55/2B69F3D8, redo lsn=55/CE03AC0
2026-09-26 19:02:08.615 UTC [27] LOG:  checkpoints are occurring too frequently (3 seconds apart)
2026-09-26 19:02:08.615 UTC [27] HINT:  Consider increasing the configuration parameter "max_wal_size".
2026-09-26 19:02:08.615 UTC [27] LOG:  checkpoint starting: wal
2026-09-26 19:02:11.772 UTC [27] LOG:  checkpoint complete: wrote 1809 buffers (11.0%); 0 WAL file(s) added, 2 removed, 32 recycled; write=2.193 s, sync=0.568 s, total=3.158 s; sync files=4, longest=0.540 s, average=0.142 s; distance=558227 kB, estimate=566515 kB; lsn=55/4D529810, redo lsn=55/2EF287F8
2026-09-26 19:02:11.772 UTC [27] LOG:  checkpoints are occurring too frequently (3 seconds apart)
2026-09-26 19:02:11.772 UTC [27] HINT:  Consider increasing the configuration parameter "max_wal_size".
2026-09-26 19:02:11.772 UTC [27] LOG:  checkpoint starting: wal
2026-09-26 19:02:17.857 UTC [27] LOG:  checkpoint complete: wrote 1670 buffers (10.2%); 0 WAL file(s) added, 4 removed, 31 recycled; write=2.165 s, sync=3.478 s, total=6.085 s; sync files=4, longest=3.436 s, average=0.870 s; distance=560330 kB, estimate=565897 kB; lsn=55/712BDB00, redo lsn=55/5125B2D0
2026-09-26 19:02:17.857 UTC [27] LOG:  checkpoints are occurring too frequently (6 seconds apart)
2026-09-26 19:02:17.857 UTC [27] HINT:  Consider increasing the configuration parameter "max_wal_size".
2026-09-26 19:02:17.857 UTC [27] LOG:  checkpoint starting: wal
2026-09-26 19:03:06.254 UTC [27] LOG:  checkpoint complete: wrote 1674 buffers (10.2%); 0 WAL file(s) added, 2 removed, 32 recycled; write=47.706 s, sync=0.272 s, total=48.397 s; sync files=79, longest=0.041 s, average=0.004 s; distance=563194 kB, estimate=565626 kB; lsn=55/92EFC5C8, redo lsn=55/73859DD8
2026-09-26 19:03:06.259 UTC [27] LOG:  checkpoint starting: wal
2026-09-26 19:03:08.721 UTC [27] LOG:  checkpoint complete: wrote 1918 buffers (11.7%); 0 WAL file(s) added, 2 removed, 31 recycled; write=1.965 s, sync=0.396 s, total=2.462 s; sync files=11, longest=0.383 s, average=0.036 s; distance=536237 kB, estimate=562687 kB; lsn=55/B44F19A8, redo lsn=55/944054C8
2026-09-26 19:03:08.751 UTC [27] LOG:  checkpoints are occurring too frequently (2 seconds apart)
2026-09-26 19:03:08.751 UTC [27] HINT:  Consider increasing the configuration parameter "max_wal_size".
2026-09-26 19:03:08.751 UTC [27] LOG:  checkpoint starting: wal
2026-09-26 19:03:10.766 UTC [27] LOG:  checkpoint complete: wrote 1613 buffers (9.8%); 0 WAL file(s) added, 2 removed, 31 recycled; write=1.657 s, sync=0.262 s, total=2.015 s; sync files=4, longest=0.254 s, average=0.066 s; distance=540661 kB, estimate=560485 kB; lsn=55/D52FAAD0, redo lsn=55/B5402920
2026-09-26 19:03:10.783 UTC [27] LOG:  checkpoints are occurring too frequently (2 seconds apart)
2026-09-26 19:03:10.783 UTC [27] HINT:  Consider increasing the configuration parameter "max_wal_size".
2026-09-26 19:03:10.783 UTC [27] LOG:  checkpoint starting: wal
2026-09-26 19:03:12.890 UTC [27] LOG:  checkpoint complete: wrote 1649 buffers (10.1%); 0 WAL file(s) added, 2 removed, 31 recycled; write=1.641 s, sync=0.409 s, total=2.108 s; sync files=5, longest=0.397 s, average=0.082 s; distance=540664 kB, estimate=558503 kB; lsn=55/F6502860, redo lsn=55/D6400AA0
2026-09-26 19:03:12.904 UTC [27] LOG:  checkpoints are occurring too frequently (2 seconds apart)
2026-09-26 19:03:12.904 UTC [27] HINT:  Consider increasing the configuration parameter "max_wal_size".
2026-09-26 19:03:12.904 UTC [27] LOG:  checkpoint starting: wal
2026-09-26 19:03:15.042 UTC [27] LOG:  checkpoint complete: wrote 1609 buffers (9.8%); 0 WAL file(s) added, 2 removed, 31 recycled; write=1.755 s, sync=0.325 s, total=2.138 s; sync files=4, longest=0.310 s, average=0.081 s; distance=540675 kB, estimate=556720 kB; lsn=56/1742A978, redo lsn=55/F7401938
2026-09-26 19:03:15.058 UTC [27] LOG:  checkpoints are occurring too frequently (3 seconds apart)
2026-09-26 19:03:15.058 UTC [27] HINT:  Consider increasing the configuration parameter "max_wal_size".
2026-09-26 19:03:15.058 UTC [27] LOG:  checkpoint starting: wal
2026-09-26 19:03:17.165 UTC [27] LOG:  checkpoint complete: wrote 1580 buffers (9.6%); 0 WAL file(s) added, 1 removed, 32 recycled; write=1.754 s, sync=0.284 s, total=2.108 s; sync files=4, longest=0.274 s, average=0.071 s; distance=540672 kB, estimate=555115 kB; lsn=56/374FABC8, redo lsn=56/18401C88
2026-09-26 19:03:17.239 UTC [27] LOG:  checkpoints are occurring too frequently (2 seconds apart)
2026-09-26 19:03:17.239 UTC [27] HINT:  Consider increasing the configuration parameter "max_wal_size".
2026-09-26 19:03:17.239 UTC [27] LOG:  checkpoint starting: wal
2026-09-26 19:03:19.926 UTC [27] LOG:  checkpoint complete: wrote 1729 buffers (10.6%); 0 WAL file(s) added, 1 removed, 32 recycled; write=1.757 s, sync=0.430 s, total=2.688 s; sync files=4, longest=0.356 s, average=0.108 s; distance=540668 kB, estimate=553670 kB; lsn=56/58D8A4B0, redo lsn=56/39400FC0
2026-09-26 19:03:19.926 UTC [27] LOG:  checkpoints are occurring too frequently (2 seconds apart)
2026-09-26 19:03:19.926 UTC [27] HINT:  Consider increasing the configuration parameter "max_wal_size".
2026-09-26 19:03:19.926 UTC [27] LOG:  checkpoint starting: wal
2026-09-26 19:03:23.222 UTC [27] LOG:  checkpoint complete: wrote 1961 buffers (12.0%); 0 WAL file(s) added, 4 removed, 31 recycled; write=2.227 s, sync=0.610 s, total=3.296 s; sync files=6, longest=0.570 s, average=0.102 s; distance=581790 kB, estimate=581790 kB; lsn=56/7C23B6D8, redo lsn=56/5CC287D0
2026-09-26 19:03:23.222 UTC [27] LOG:  checkpoints are occurring too frequently (4 seconds apart)
2026-09-26 19:03:23.222 UTC [27] HINT:  Consider increasing the configuration parameter "max_wal_size".
2026-09-26 19:03:23.222 UTC [27] LOG:  checkpoint starting: wal
2026-09-26 19:03:26.572 UTC [27] LOG:  checkpoint complete: wrote 1188 buffers (7.3%); 0 WAL file(s) added, 1 removed, 33 recycled; write=1.949 s, sync=1.005 s, total=3.350 s; sync files=5, longest=0.949 s, average=0.201 s; distance=546258 kB, estimate=578236 kB; lsn=56/9CC426A8, redo lsn=56/7E19D048
2026-09-26 19:03:26.643 UTC [27] LOG:  checkpoints are occurring too frequently (3 seconds apart)
2026-09-26 19:03:26.643 UTC [27] HINT:  Consider increasing the configuration parameter "max_wal_size".
2026-09-26 19:03:26.643 UTC [27] LOG:  checkpoint starting: wal
2026-09-26 19:03:29.646 UTC [27] LOG:  checkpoint complete: wrote 2144 buffers (13.1%); 0 WAL file(s) added, 1 removed, 32 recycled; write=1.964 s, sync=0.644 s, total=3.004 s; sync files=5, longest=0.607 s, average=0.129 s; distance=539853 kB, estimate=574398 kB; lsn=56/BE83B980, redo lsn=56/9F0D0560
2026-09-26 19:03:29.646 UTC [27] LOG:  checkpoints are occurring too frequently (3 seconds apart)
2026-09-26 19:03:29.646 UTC [27] HINT:  Consider increasing the configuration parameter "max_wal_size".
2026-09-26 19:03:29.646 UTC [27] LOG:  checkpoint starting: wal
2026-09-26 19:03:32.890 UTC [27] LOG:  checkpoint complete: wrote 2196 buffers (13.4%); 0 WAL file(s) added, 2 removed, 32 recycled; write=2.106 s, sync=0.673 s, total=3.245 s; sync files=6, longest=0.602 s, average=0.113 s; distance=560638 kB, estimate=573022 kB; lsn=56/E01CA070, redo lsn=56/C144FFC8
2026-09-26 19:03:32.891 UTC [27] LOG:  checkpoints are occurring too frequently (3 seconds apart)
2026-09-26 19:03:32.891 UTC [27] HINT:  Consider increasing the configuration parameter "max_wal_size".
2026-09-26 19:03:32.891 UTC [27] LOG:  checkpoint starting: wal
2026-09-26 19:03:36.115 UTC [27] LOG:  checkpoint complete: wrote 2083 buffers (12.7%); 0 WAL file(s) added, 3 removed, 32 recycled; write=2.158 s, sync=0.595 s, total=3.225 s; sync files=5, longest=0.545 s, average=0.119 s; distance=573410 kB, estimate=573410 kB; lsn=57/37AF400, redo lsn=56/E4448A60
2026-09-26 19:03:36.115 UTC [27] LOG:  checkpoints are occurring too frequently (4 seconds apart)
2026-09-26 19:03:36.115 UTC [27] HINT:  Consider increasing the configuration parameter "max_wal_size".
2026-09-26 19:03:36.115 UTC [27] LOG:  checkpoint starting: wal
2026-09-26 19:03:39.494 UTC [27] LOG:  checkpoint complete: wrote 1683 buffers (10.3%); 0 WAL file(s) added, 3 removed, 32 recycled; write=2.340 s, sync=0.630 s, total=3.379 s; sync files=5, longest=0.585 s, average=0.126 s; distance=576853 kB, estimate=576853 kB; lsn=57/267C7D20, redo lsn=57/779DEE8
2026-09-26 19:03:39.494 UTC [27] LOG:  checkpoints are occurring too frequently (3 seconds apart)
2026-09-26 19:03:39.494 UTC [27] HINT:  Consider increasing the configuration parameter "max_wal_size".
2026-09-26 19:03:39.494 UTC [27] LOG:  checkpoint starting: wal
2026-09-26 19:03:42.520 UTC [27] LOG:  checkpoint complete: wrote 1689 buffers (10.3%); 0 WAL file(s) added, 2 removed, 31 recycled; write=1.980 s, sync=0.630 s, total=3.026 s; sync files=5, longest=0.602 s, average=0.126 s; distance=546024 kB, estimate=573770 kB; lsn=57/480CAD38, redo lsn=57/28CD8198
2026-09-26 19:03:42.520 UTC [27] LOG:  checkpoints are occurring too frequently (3 seconds apart)
2026-09-26 19:03:42.520 UTC [27] HINT:  Consider increasing the configuration parameter "max_wal_size".
2026-09-26 19:03:42.520 UTC [27] LOG:  checkpoint starting: wal
2026-09-26 19:03:45.487 UTC [27] LOG:  checkpoint complete: wrote 1049 buffers (6.4%); 0 WAL file(s) added, 2 removed, 31 recycled; write=1.926 s, sync=0.650 s, total=2.968 s; sync files=6, longest=0.583 s, average=0.109 s; distance=540176 kB, estimate=570410 kB; lsn=57/693E90B0, redo lsn=57/49C5C4F0
2026-09-26 19:03:45.488 UTC [27] LOG:  checkpoints are occurring too frequently (3 seconds apart)
2026-09-26 19:03:45.488 UTC [27] HINT:  Consider increasing the configuration parameter "max_wal_size".
2026-09-26 19:03:45.490 UTC [27] LOG:  checkpoint starting: wal
2026-09-26 19:03:48.443 UTC [27] LOG:  checkpoint complete: wrote 2234 buffers (13.6%); 0 WAL file(s) added, 1 removed, 33 recycled; write=1.951 s, sync=0.593 s, total=2.956 s; sync files=5, longest=0.545 s, average=0.119 s; distance=548496 kB, estimate=568219 kB; lsn=57/89C30F58, redo lsn=57/6B4005E0
2026-09-26 19:03:48.443 UTC [27] LOG:  checkpoints are occurring too frequently (3 seconds apart)
2026-09-26 19:03:48.443 UTC [27] HINT:  Consider increasing the configuration parameter "max_wal_size".
2026-09-26 19:03:48.443 UTC [27] LOG:  checkpoint starting: wal
2026-09-26 19:04:19.519 UTC [27] LOG:  checkpoint complete: wrote 2315 buffers (14.1%); 0 WAL file(s) added, 0 removed, 33 recycled; write=30.458 s, sync=0.247 s, total=31.077 s; sync files=6, longest=0.240 s, average=0.042 s; distance=537382 kB, estimate=565135 kB; lsn=57/A9C54458, redo lsn=57/8C0C9ED0
2026-09-26 19:04:23.850 UTC [27] LOG:  checkpoint starting: wal
2026-09-26 19:04:27.362 UTC [27] LOG:  checkpoint complete: wrote 1172 buffers (7.2%); 0 WAL file(s) added, 2 removed, 31 recycled; write=2.271 s, sync=0.825 s, total=3.512 s; sync files=7, longest=0.580 s, average=0.118 s; distance=543969 kB, estimate=563019 kB; lsn=57/CDDE1F10, redo lsn=57/AD402460
2026-09-26 19:04:27.362 UTC [27] LOG:  checkpoints are occurring too frequently (4 seconds apart)
2026-09-26 19:04:27.362 UTC [27] HINT:  Consider increasing the configuration parameter "max_wal_size".
2026-09-26 19:04:27.362 UTC [27] LOG:  checkpoint starting: wal
2026-09-26 19:04:30.776 UTC [27] LOG:  checkpoint complete: wrote 1789 buffers (10.9%); 0 WAL file(s) added, 4 removed, 33 recycled; write=2.172 s, sync=0.686 s, total=3.414 s; sync files=4, longest=0.649 s, average=0.172 s; distance=604614 kB, estimate=604614 kB; lsn=57/F095DDF0, redo lsn=57/D2273FC8
2026-09-26 19:04:30.776 UTC [27] LOG:  checkpoints are occurring too frequently (3 seconds apart)
2026-09-26 19:04:30.776 UTC [27] HINT:  Consider increasing the configuration parameter "max_wal_size".
2026-09-26 19:04:30.776 UTC [27] LOG:  checkpoint starting: wal
2026-09-26 19:04:33.789 UTC [27] LOG:  checkpoint complete: wrote 1788 buffers (10.9%); 0 WAL file(s) added, 1 removed, 32 recycled; write=2.025 s, sync=0.575 s, total=3.014 s; sync files=4, longest=0.539 s, average=0.144 s; distance=548540 kB, estimate=599007 kB; lsn=58/12542558, redo lsn=57/F3A23268
2026-09-26 19:04:33.789 UTC [27] LOG:  checkpoints are occurring too frequently (3 seconds apart)
2026-09-26 19:04:33.789 UTC [27] HINT:  Consider increasing the configuration parameter "max_wal_size".
2026-09-26 19:04:33.789 UTC [27] LOG:  checkpoint starting: wal
2026-09-26 19:04:36.914 UTC [27] LOG:  checkpoint complete: wrote 1000 buffers (6.1%); 0 WAL file(s) added, 1 removed, 32 recycled; write=2.087 s, sync=0.667 s, total=3.125 s; sync files=4, longest=0.633 s, average=0.167 s; distance=535473 kB, estimate=592654 kB; lsn=58/335733F8, redo lsn=58/1450F820
2026-09-26 19:04:36.929 UTC [27] LOG:  checkpoints are occurring too frequently (3 seconds apart)
2026-09-26 19:04:36.929 UTC [27] HINT:  Consider increasing the configuration parameter "max_wal_size".
2026-09-26 19:04:36.929 UTC [27] LOG:  checkpoint starting: wal
2026-09-26 19:04:39.970 UTC [27] LOG:  checkpoint complete: wrote 2048 buffers (12.5%); 0 WAL file(s) added, 1 removed, 32 recycled; write=1.965 s, sync=0.694 s, total=3.041 s; sync files=5, longest=0.660 s, average=0.139 s; distance=539590 kB, estimate=587347 kB; lsn=58/544F4DF0, redo lsn=58/35401160
2026-09-26 19:04:39.970 UTC [27] LOG:  checkpoints are occurring too frequently (3 seconds apart)
2026-09-26 19:04:39.970 UTC [27] HINT:  Consider increasing the configuration parameter "max_wal_size".
2026-09-26 19:04:39.970 UTC [27] LOG:  checkpoint starting: wal
2026-09-26 19:04:43.168 UTC [27] LOG:  checkpoint complete: wrote 2045 buffers (12.5%); 0 WAL file(s) added, 1 removed, 32 recycled; write=2.156 s, sync=0.634 s, total=3.199 s; sync files=4, longest=0.602 s, average=0.159 s; distance=544064 kB, estimate=583019 kB; lsn=58/75481070, redo lsn=58/567511B8
2026-09-26 19:04:43.168 UTC [27] LOG:  checkpoints are occurring too frequently (4 seconds apart)
2026-09-26 19:04:43.168 UTC [27] HINT:  Consider increasing the configuration parameter "max_wal_size".
2026-09-26 19:04:43.168 UTC [27] LOG:  checkpoint starting: wal
2026-09-26 19:04:49.265 UTC [27] LOG:  checkpoint complete: wrote 1837 buffers (11.2%); 0 WAL file(s) added, 1 removed, 33 recycled; write=2.053 s, sync=3.543 s, total=6.097 s; sync files=4, longest=3.496 s, average=0.886 s; distance=556288 kB, estimate=580346 kB; lsn=58/966A76F0, redo lsn=58/78691530
2026-09-26 19:04:49.265 UTC [27] LOG:  checkpoints are occurring too frequently (6 seconds apart)
2026-09-26 19:04:49.265 UTC [27] HINT:  Consider increasing the configuration parameter "max_wal_size".
2026-09-26 19:04:49.265 UTC [27] LOG:  checkpoint starting: wal
2026-09-26 19:04:52.504 UTC [27] LOG:  checkpoint complete: wrote 1835 buffers (11.2%); 0 WAL file(s) added, 3 removed, 31 recycled; write=2.201 s, sync=0.633 s, total=3.240 s; sync files=4, longest=0.590 s, average=0.159 s; distance=566094 kB, estimate=578921 kB; lsn=58/BA403E48, redo lsn=58/9AF65058
2026-09-26 19:04:52.505 UTC [27] LOG:  checkpoints are occurring too frequently (3 seconds apart)
2026-09-26 19:04:52.505 UTC [27] HINT:  Consider increasing the configuration parameter "max_wal_size".
2026-09-26 19:04:52.505 UTC [27] LOG:  checkpoint starting: wal
2026-09-26 19:04:55.939 UTC [27] LOG:  checkpoint complete: wrote 1704 buffers (10.4%); 0 WAL file(s) added, 4 removed, 31 recycled; write=2.243 s, sync=0.800 s, total=3.435 s; sync files=5, longest=0.756 s, average=0.160 s; distance=568489 kB, estimate=577877 kB; lsn=58/DD673F78, redo lsn=58/BDA8F720
2026-09-26 19:04:55.939 UTC [27] LOG:  checkpoints are occurring too frequently (3 seconds apart)
2026-09-26 19:04:55.939 UTC [27] HINT:  Consider increasing the configuration parameter "max_wal_size".
2026-09-26 19:04:55.939 UTC [27] LOG:  checkpoint starting: wal
2026-09-26 19:04:59.021 UTC [27] LOG:  checkpoint complete: wrote 1127 buffers (6.9%); 0 WAL file(s) added, 2 removed, 32 recycled; write=2.096 s, sync=0.578 s, total=3.083 s; sync files=4, longest=0.552 s, average=0.145 s; distance=549653 kB, estimate=575055 kB; lsn=58/FE543AF0, redo lsn=58/DF354C38
2026-09-26 19:04:59.048 UTC [27] LOG:  checkpoints are occurring too frequently (4 seconds apart)
2026-09-26 19:04:59.048 UTC [27] HINT:  Consider increasing the configuration parameter "max_wal_size".
2026-09-26 19:04:59.048 UTC [27] LOG:  checkpoint starting: wal
2026-09-26 19:05:02.086 UTC [27] LOG:  checkpoint complete: wrote 2059 buffers (12.6%); 0 WAL file(s) added, 1 removed, 32 recycled; write=2.045 s, sync=0.573 s, total=3.039 s; sync files=4, longest=0.547 s, average=0.144 s; distance=541354 kB, estimate=571685 kB; lsn=59/1F5DF4A0, redo lsn=59/3FF4C8
2026-09-26 19:05:02.086 UTC [27] LOG:  checkpoints are occurring too frequently (3 seconds apart)
2026-09-26 19:05:02.086 UTC [27] HINT:  Consider increasing the configuration parameter "max_wal_size".
2026-09-26 19:05:02.086 UTC [27] LOG:  checkpoint starting: wal
2026-09-26 19:05:05.069 UTC [27] LOG:  checkpoint complete: wrote 1859 buffers (11.3%); 0 WAL file(s) added, 1 removed, 32 recycled; write=1.981 s, sync=0.559 s, total=2.983 s; sync files=4, longest=0.537 s, average=0.140 s; distance=551020 kB, estimate=569618 kB; lsn=59/409E7158, redo lsn=59/21E1A528
2026-09-26 19:05:05.069 UTC [27] LOG:  checkpoints are occurring too frequently (3 seconds apart)
2026-09-26 19:05:05.069 UTC [27] HINT:  Consider increasing the configuration parameter "max_wal_size".
2026-09-26 19:05:05.069 UTC [27] LOG:  checkpoint starting: wal
2026-09-26 19:05:08.418 UTC [27] LOG:  checkpoint complete: wrote 1772 buffers (10.8%); 0 WAL file(s) added, 3 removed, 31 recycled; write=2.189 s, sync=0.708 s, total=3.349 s; sync files=5, longest=0.686 s, average=0.142 s; distance=557734 kB, estimate=568430 kB; lsn=59/630C2468, redo lsn=59/43EC3E58
2026-09-26 19:05:08.418 UTC [27] LOG:  checkpoints are occurring too frequently (3 seconds apart)
2026-09-26 19:05:08.418 UTC [27] HINT:  Consider increasing the configuration parameter "max_wal_size".
2026-09-26 19:05:08.418 UTC [27] LOG:  checkpoint starting: wal
2026-09-26 19:05:11.800 UTC [27] LOG:  checkpoint complete: wrote 2000 buffers (12.2%); 0 WAL file(s) added, 5 removed, 31 recycled; write=2.198 s, sync=0.730 s, total=3.383 s; sync files=4, longest=0.703 s, average=0.183 s; distance=575812 kB, estimate=575812 kB; lsn=59/87857B40, redo lsn=59/67115040
2026-09-26 19:05:11.800 UTC [27] LOG:  checkpoints are occurring too frequently (3 seconds apart)
2026-09-26 19:05:11.800 UTC [27] HINT:  Consider increasing the configuration parameter "max_wal_size".
2026-09-26 19:05:11.801 UTC [27] LOG:  checkpoint starting: wal
2026-09-26 19:05:14.892 UTC [27] LOG:  checkpoint complete: wrote 1585 buffers (9.7%); 0 WAL file(s) added, 3 removed, 32 recycled; write=2.084 s, sync=0.594 s, total=3.092 s; sync files=4, longest=0.571 s, average=0.149 s; distance=579002 kB, estimate=579002 kB; lsn=59/A969C740, redo lsn=59/8A6838D0
2026-09-26 19:05:14.892 UTC [27] LOG:  checkpoints are occurring too frequently (3 seconds apart)
2026-09-26 19:05:14.892 UTC [27] HINT:  Consider increasing the configuration parameter "max_wal_size".
2026-09-26 19:05:14.892 UTC [27] LOG:  checkpoint starting: wal
2026-09-26 19:06:04.899 UTC [27] LOG:  checkpoint complete: wrote 962 buffers (5.9%); 0 WAL file(s) added, 3 removed, 30 recycled; write=48.745 s, sync=0.847 s, total=50.007 s; sync files=86, longest=0.408 s, average=0.010 s; distance=542190 kB, estimate=575320 kB; lsn=59/CCF76208, redo lsn=59/AB7FF120
2026-09-26 19:06:04.899 UTC [27] LOG:  checkpoint starting: wal
2026-09-26 19:06:08.464 UTC [27] LOG:  checkpoint complete: wrote 2038 buffers (12.4%); 0 WAL file(s) added, 6 removed, 31 recycled; write=2.387 s, sync=0.688 s, total=3.565 s; sync files=9, longest=0.627 s, average=0.077 s; distance=611256 kB, estimate=611256 kB; lsn=59/F0A887C0, redo lsn=59/D0CED4B8
2026-09-26 19:06:08.464 UTC [27] LOG:  checkpoints are occurring too frequently (4 seconds apart)
2026-09-26 19:06:08.464 UTC [27] HINT:  Consider increasing the configuration parameter "max_wal_size".
2026-09-26 19:06:08.464 UTC [27] LOG:  checkpoint starting: wal
2026-09-26 19:06:11.768 UTC [27] LOG:  checkpoint complete: wrote 1841 buffers (11.2%); 0 WAL file(s) added, 4 removed, 31 recycled; write=2.249 s, sync=0.647 s, total=3.305 s; sync files=5, longest=0.588 s, average=0.130 s; distance=575120 kB, estimate=607643 kB; lsn=5A/13A4E7F0, redo lsn=59/F3E91788
2026-09-26 19:06:11.768 UTC [27] LOG:  checkpoints are occurring too frequently (3 seconds apart)
2026-09-26 19:06:11.768 UTC [27] HINT:  Consider increasing the configuration parameter "max_wal_size".
2026-09-26 19:06:11.768 UTC [27] LOG:  checkpoint starting: wal
2026-09-26 19:06:15.136 UTC [27] LOG:  checkpoint complete: wrote 1956 buffers (11.9%); 0 WAL file(s) added, 4 removed, 31 recycled; write=2.273 s, sync=0.672 s, total=3.368 s; sync files=5, longest=0.620 s, average=0.135 s; distance=568708 kB, estimate=603749 kB; lsn=5A/36ADA578, redo lsn=5A/169F2A30
2026-09-26 19:06:15.136 UTC [27] LOG:  checkpoints are occurring too frequently (4 seconds apart)
2026-09-26 19:06:15.136 UTC [27] HINT:  Consider increasing the configuration parameter "max_wal_size".
2026-09-26 19:06:15.136 UTC [27] LOG:  checkpoint starting: wal
2026-09-26 19:06:18.794 UTC [27] LOG:  checkpoint complete: wrote 1837 buffers (11.2%); 0 WAL file(s) added, 5 removed, 30 recycled; write=2.269 s, sync=0.724 s, total=3.658 s; sync files=6, longest=0.593 s, average=0.121 s; distance=576742 kB, estimate=601049 kB; lsn=5A/5A12D670, redo lsn=5A/39D2C4A0
2026-09-26 19:06:18.794 UTC [27] LOG:  checkpoints are occurring too frequently (3 seconds apart)
2026-09-26 19:06:18.794 UTC [27] HINT:  Consider increasing the configuration parameter "max_wal_size".
2026-09-26 19:06:18.794 UTC [27] LOG:  checkpoint starting: wal
2026-09-26 19:06:27.168 UTC [27] LOG:  checkpoint complete: wrote 2261 buffers (13.8%); 0 WAL file(s) added, 4 removed, 31 recycled; write=3.905 s, sync=3.941 s, total=8.374 s; sync files=5, longest=3.873 s, average=0.789 s; distance=573629 kB, estimate=598307 kB; lsn=5A/7CB4C948, redo lsn=5A/5CD5B9E0
2026-09-26 19:06:27.168 UTC [27] LOG:  checkpoints are occurring too frequently (9 seconds apart)
2026-09-26 19:06:27.168 UTC [27] HINT:  Consider increasing the configuration parameter "max_wal_size".
2026-09-26 19:06:27.168 UTC [27] LOG:  checkpoint starting: wal
2026-09-26 19:06:30.628 UTC [27] LOG:  checkpoint complete: wrote 1791 buffers (10.9%); 0 WAL file(s) added, 4 removed, 31 recycled; write=2.300 s, sync=0.714 s, total=3.460 s; sync files=5, longest=0.642 s, average=0.143 s; distance=572873 kB, estimate=595763 kB; lsn=5A/9FFF8978, redo lsn=5A/7FCCE038
2026-09-26 19:06:30.628 UTC [27] LOG:  checkpoints are occurring too frequently (3 seconds apart)
2026-09-26 19:06:30.628 UTC [27] HINT:  Consider increasing the configuration parameter "max_wal_size".
2026-09-26 19:06:30.628 UTC [27] LOG:  checkpoint starting: wal
2026-09-26 19:06:33.891 UTC [27] LOG:  checkpoint complete: wrote 2058 buffers (12.6%); 0 WAL file(s) added, 4 removed, 32 recycled; write=2.195 s, sync=0.619 s, total=3.263 s; sync files=6, longest=0.570 s, average=0.104 s; distance=579099 kB, estimate=594097 kB; lsn=5A/C2DA4878, redo lsn=5A/A3254CB0
2026-09-26 19:06:33.891 UTC [27] LOG:  checkpoints are occurring too frequently (3 seconds apart)
2026-09-26 19:06:33.891 UTC [27] HINT:  Consider increasing the configuration parameter "max_wal_size".
2026-09-26 19:06:33.891 UTC [27] LOG:  checkpoint starting: wal
2026-09-26 19:06:37.211 UTC [27] LOG:  checkpoint complete: wrote 2142 buffers (13.1%); 0 WAL file(s) added, 3 removed, 31 recycled; write=2.223 s, sync=0.676 s, total=3.320 s; sync files=5, longest=0.623 s, average=0.136 s; distance=570951 kB, estimate=591782 kB; lsn=5A/E5B42760, redo lsn=5A/C5FE6B08
2026-09-26 19:06:37.211 UTC [27] LOG:  checkpoints are occurring too frequently (4 seconds apart)
2026-09-26 19:06:37.211 UTC [27] HINT:  Consider increasing the configuration parameter "max_wal_size".
2026-09-26 19:06:37.211 UTC [27] LOG:  checkpoint starting: wal
2026-09-26 19:06:40.402 UTC [27] LOG:  checkpoint complete: wrote 2085 buffers (12.7%); 0 WAL file(s) added, 3 removed, 32 recycled; write=2.478 s, sync=0.259 s, total=3.192 s; sync files=5, longest=0.203 s, average=0.052 s; distance=569370 kB, estimate=589541 kB; lsn=5B/7B33A10, redo lsn=5A/E8BED6D8
2026-09-26 19:06:40.403 UTC [27] LOG:  checkpoints are occurring too frequently (3 seconds apart)
2026-09-26 19:06:40.403 UTC [27] HINT:  Consider increasing the configuration parameter "max_wal_size".
2026-09-26 19:06:40.403 UTC [27] LOG:  checkpoint starting: wal
2026-09-26 19:06:43.594 UTC [27] LOG:  checkpoint complete: wrote 2163 buffers (13.2%); 0 WAL file(s) added, 3 removed, 31 recycled; write=2.152 s, sync=0.594 s, total=3.192 s; sync files=5, longest=0.534 s, average=0.119 s; distance=560330 kB, estimate=586620 kB; lsn=5B/2A5828A0, redo lsn=5B/AF200A8
2026-09-26 19:06:43.595 UTC [27] LOG:  checkpoints are occurring too frequently (3 seconds apart)
2026-09-26 19:06:43.595 UTC [27] HINT:  Consider increasing the configuration parameter "max_wal_size".
2026-09-26 19:06:43.595 UTC [27] LOG:  checkpoint starting: wal
2026-09-26 19:06:46.795 UTC [27] LOG:  checkpoint complete: wrote 1928 buffers (11.8%); 0 WAL file(s) added, 3 removed, 32 recycled; write=2.121 s, sync=0.662 s, total=3.200 s; sync files=6, longest=0.596 s, average=0.111 s; distance=566317 kB, estimate=584590 kB; lsn=5B/4C953880, redo lsn=5B/2D82B510
2026-09-26 19:06:46.795 UTC [27] LOG:  checkpoints are occurring too frequently (3 seconds apart)
2026-09-26 19:06:46.795 UTC [27] HINT:  Consider increasing the configuration parameter "max_wal_size".
2026-09-26 19:06:46.795 UTC [27] LOG:  checkpoint starting: wal
2026-09-26 19:06:53.015 UTC [27] LOG:  checkpoint complete: wrote 1949 buffers (11.9%); 0 WAL file(s) added, 4 removed, 30 recycled; write=2.164 s, sync=3.586 s, total=6.220 s; sync files=5, longest=3.506 s, average=0.718 s; distance=563598 kB, estimate=582490 kB; lsn=5B/7076E0D8, redo lsn=5B/4FE8ED80
2026-09-26 19:06:53.015 UTC [27] LOG:  checkpoints are occurring too frequently (7 seconds apart)
2026-09-26 19:06:53.015 UTC [27] HINT:  Consider increasing the configuration parameter "max_wal_size".
2026-09-26 19:06:53.015 UTC [27] LOG:  checkpoint starting: wal
2026-09-26 19:06:56.356 UTC [27] LOG:  checkpoint complete: wrote 2167 buffers (13.2%); 0 WAL file(s) added, 5 removed, 31 recycled; write=2.251 s, sync=0.630 s, total=3.341 s; sync files=10, longest=0.562 s, average=0.063 s; distance=587904 kB, estimate=587904 kB; lsn=5B/93E00940, redo lsn=5B/73CAF128
2026-09-26 19:06:56.356 UTC [27] LOG:  checkpoints are occurring too frequently (3 seconds apart)
2026-09-26 19:06:56.356 UTC [27] HINT:  Consider increasing the configuration parameter "max_wal_size".
2026-09-26 19:06:56.356 UTC [27] LOG:  checkpoint starting: wal
2026-09-26 19:06:59.771 UTC [27] LOG:  checkpoint complete: wrote 1794 buffers (10.9%); 0 WAL file(s) added, 5 removed, 30 recycled; write=2.272 s, sync=0.700 s, total=3.415 s; sync files=6, longest=0.640 s, average=0.117 s; distance=576661 kB, estimate=586780 kB; lsn=5B/B701DCC0, redo lsn=5B/96FD47E0
2026-09-26 19:06:59.771 UTC [27] LOG:  checkpoints are occurring too frequently (3 seconds apart)
2026-09-26 19:06:59.771 UTC [27] HINT:  Consider increasing the configuration parameter "max_wal_size".
2026-09-26 19:06:59.771 UTC [27] LOG:  checkpoint starting: wal
2026-09-26 19:07:29.992 UTC [27] LOG:  checkpoint complete: wrote 2284 buffers (13.9%); 0 WAL file(s) added, 2 removed, 33 recycled; write=29.612 s, sync=0.238 s, total=30.222 s; sync files=6, longest=0.236 s, average=0.040 s; distance=565479 kB, estimate=584650 kB; lsn=5B/D73A2ED0, redo lsn=5B/B980E728
2026-09-26 19:07:36.212 UTC [27] LOG:  checkpoint starting: wal
2026-09-26 19:07:39.894 UTC [27] LOG:  checkpoint complete: wrote 845 buffers (5.2%); 0 WAL file(s) added, 1 removed, 32 recycled; write=2.360 s, sync=0.822 s, total=3.683 s; sync files=7, longest=0.581 s, average=0.118 s; distance=536513 kB, estimate=579836 kB; lsn=5B/F9FA7508, redo lsn=5B/DA3FECE8
2026-09-26 19:07:39.894 UTC [27] LOG:  checkpoints are occurring too frequently (3 seconds apart)
2026-09-26 19:07:39.894 UTC [27] HINT:  Consider increasing the configuration parameter "max_wal_size".
2026-09-26 19:07:39.903 UTC [27] LOG:  checkpoint starting: wal
2026-09-26 19:07:46.172 UTC [27] LOG:  checkpoint complete: wrote 2116 buffers (12.9%); 0 WAL file(s) added, 4 removed, 33 recycled; write=2.175 s, sync=3.582 s, total=6.279 s; sync files=5, longest=3.532 s, average=0.717 s; distance=606208 kB, estimate=606208 kB; lsn=5C/1DEBD2E8, redo lsn=5B/FF3FF058
2026-09-26 19:07:46.173 UTC [27] LOG:  checkpoints are occurring too frequently (7 seconds apart)
2026-09-26 19:07:46.173 UTC [27] HINT:  Consider increasing the configuration parameter "max_wal_size".
2026-09-26 19:07:46.173 UTC [27] LOG:  checkpoint starting: wal
2026-09-26 19:07:49.312 UTC [27] LOG:  checkpoint complete: wrote 1512 buffers (9.2%); 0 WAL file(s) added, 3 removed, 31 recycled; write=2.074 s, sync=0.668 s, total=3.139 s; sync files=5, longest=0.604 s, average=0.134 s; distance=560594 kB, estimate=601647 kB; lsn=5C/414043D0, redo lsn=5C/217738D8
2026-09-26 19:07:49.312 UTC [27] LOG:  checkpoints are occurring too frequently (3 seconds apart)
2026-09-26 19:07:49.312 UTC [27] HINT:  Consider increasing the configuration parameter "max_wal_size".
2026-09-26 19:07:49.312 UTC [27] LOG:  checkpoint starting: wal
2026-09-26 19:07:52.416 UTC [27] LOG:  checkpoint complete: wrote 1316 buffers (8.0%); 0 WAL file(s) added, 2 removed, 31 recycled; write=2.010 s, sync=0.686 s, total=3.105 s; sync files=5, longest=0.642 s, average=0.138 s; distance=547552 kB, estimate=596237 kB; lsn=5C/62780E88, redo lsn=5C/42E2B968
2026-09-26 19:07:52.416 UTC [27] LOG:  checkpoints are occurring too frequently (3 seconds apart)
2026-09-26 19:07:52.416 UTC [27] HINT:  Consider increasing the configuration parameter "max_wal_size".
2026-09-26 19:07:52.416 UTC [27] LOG:  checkpoint starting: wal
2026-09-26 19:07:55.461 UTC [27] LOG:  checkpoint complete: wrote 2038 buffers (12.4%); 0 WAL file(s) added, 1 removed, 33 recycled; write=1.942 s, sync=0.694 s, total=3.045 s; sync files=6, longest=0.660 s, average=0.116 s; distance=543912 kB, estimate=591005 kB; lsn=5C/82A95DB8, redo lsn=5C/64155A28
2026-09-26 19:07:55.525 UTC [27] LOG:  checkpoints are occurring too frequently (3 seconds apart)
2026-09-26 19:07:55.525 UTC [27] HINT:  Consider increasing the configuration parameter "max_wal_size".
2026-09-26 19:07:55.525 UTC [27] LOG:  checkpoint starting: wal
2026-09-26 19:07:58.495 UTC [27] LOG:  checkpoint complete: wrote 2220 buffers (13.5%); 0 WAL file(s) added, 1 removed, 32 recycled; write=2.032 s, sync=0.577 s, total=2.970 s; sync files=5, longest=0.536 s, average=0.116 s; distance=540940 kB, estimate=585998 kB; lsn=5C/A4674E70, redo lsn=5C/85198A90
2026-09-26 19:07:58.514 UTC [27] LOG:  checkpoints are occurring too frequently (3 seconds apart)
2026-09-26 19:07:58.514 UTC [27] HINT:  Consider increasing the configuration parameter "max_wal_size".
2026-09-26 19:07:58.514 UTC [27] LOG:  checkpoint starting: wal
2026-09-26 19:08:01.510 UTC [27] LOG:  checkpoint complete: wrote 2057 buffers (12.6%); 0 WAL file(s) added, 1 removed, 32 recycled; write=1.919 s, sync=0.659 s, total=2.997 s; sync files=5, longest=0.617 s, average=0.132 s; distance=543136 kB, estimate=581712 kB; lsn=5C/C56F9918, redo lsn=5C/A6400CA0
2026-09-26 19:08:01.510 UTC [27] LOG:  checkpoints are occurring too frequently (3 seconds apart)
2026-09-26 19:08:01.510 UTC [27] HINT:  Consider increasing the configuration parameter "max_wal_size".
2026-09-26 19:08:01.510 UTC [27] LOG:  checkpoint starting: wal
2026-09-26 19:08:04.409 UTC [27] LOG:  checkpoint complete: wrote 2229 buffers (13.6%); 0 WAL file(s) added, 1 removed, 32 recycled; write=1.937 s, sync=0.578 s, total=2.899 s; sync files=5, longest=0.534 s, average=0.116 s; distance=545647 kB, estimate=578106 kB; lsn=5C/E62C09C8, redo lsn=5C/C78DCB48
2026-09-26 19:08:04.441 UTC [27] LOG:  checkpoints are occurring too frequently (3 seconds apart)
2026-09-26 19:08:04.441 UTC [27] HINT:  Consider increasing the configuration parameter "max_wal_size".
2026-09-26 19:08:04.441 UTC [27] LOG:  checkpoint starting: wal
2026-09-26 19:08:07.488 UTC [27] LOG:  checkpoint complete: wrote 2371 buffers (14.5%); 0 WAL file(s) added, 1 removed, 32 recycled; write=1.961 s, sync=0.646 s, total=3.047 s; sync files=6, longest=0.598 s, average=0.108 s; distance=535694 kB, estimate=573864 kB; lsn=5D/7851AB8, redo lsn=5C/E84004D8
2026-09-26 19:08:07.488 UTC [27] LOG:  checkpoints are occurring too frequently (3 seconds apart)
2026-09-26 19:08:07.488 UTC [27] HINT:  Consider increasing the configuration parameter "max_wal_size".
2026-09-26 19:08:07.488 UTC [27] LOG:  checkpoint starting: wal
2026-09-26 19:08:10.675 UTC [27] LOG:  checkpoint complete: wrote 2076 buffers (12.7%); 0 WAL file(s) added, 1 removed, 32 recycled; write=1.988 s, sync=0.656 s, total=3.187 s; sync files=5, longest=0.620 s, average=0.132 s; distance=548631 kB, estimate=571341 kB; lsn=5D/28D135F8, redo lsn=5D/9BC6148
2026-09-26 19:08:10.675 UTC [27] LOG:  checkpoints are occurring too frequently (3 seconds apart)
2026-09-26 19:08:10.675 UTC [27] HINT:  Consider increasing the configuration parameter "max_wal_size".
2026-09-26 19:08:10.675 UTC [27] LOG:  checkpoint starting: wal
2026-09-26 19:08:16.595 UTC [27] LOG:  checkpoint complete: wrote 1934 buffers (11.8%); 0 WAL file(s) added, 2 removed, 32 recycled; write=4.884 s, sync=0.637 s, total=5.920 s; sync files=5, longest=0.597 s, average=0.128 s; distance=557956 kB, estimate=570003 kB; lsn=5D/4AE04398, redo lsn=5D/2BCA7300
2026-09-26 19:08:16.595 UTC [27] LOG:  checkpoints are occurring too frequently (6 seconds apart)
2026-09-26 19:08:16.595 UTC [27] HINT:  Consider increasing the configuration parameter "max_wal_size".
2026-09-26 19:08:16.595 UTC [27] LOG:  checkpoint starting: wal
2026-09-26 19:08:19.650 UTC [27] LOG:  checkpoint complete: wrote 1797 buffers (11.0%); 0 WAL file(s) added, 2 removed, 32 recycled; write=2.028 s, sync=0.598 s, total=3.055 s; sync files=5, longest=0.565 s, average=0.120 s; distance=559803 kB, estimate=568983 kB; lsn=5D/6CDFC440, redo lsn=5D/4DF562B0
2026-09-26 19:08:19.650 UTC [27] LOG:  checkpoints are occurring too frequently (3 seconds apart)
2026-09-26 19:08:19.650 UTC [27] HINT:  Consider increasing the configuration parameter "max_wal_size".
2026-09-26 19:08:19.650 UTC [27] LOG:  checkpoint starting: wal
2026-09-26 19:08:22.992 UTC [27] LOG:  checkpoint complete: wrote 2231 buffers (13.6%); 0 WAL file(s) added, 4 removed, 31 recycled; write=2.238 s, sync=0.631 s, total=3.343 s; sync files=6, longest=0.545 s, average=0.106 s; distance=572253 kB, estimate=572253 kB; lsn=5D/9040F0E8, redo lsn=5D/70E2DA08
2026-09-26 19:08:22.992 UTC [27] LOG:  checkpoints are occurring too frequently (3 seconds apart)
2026-09-26 19:08:22.992 UTC [27] HINT:  Consider increasing the configuration parameter "max_wal_size".
2026-09-26 19:08:22.995 UTC [27] LOG:  checkpoint starting: wal
2026-09-26 19:08:26.288 UTC [27] LOG:  checkpoint complete: wrote 1981 buffers (12.1%); 0 WAL file(s) added, 4 removed, 32 recycled; write=2.111 s, sync=0.682 s, total=3.296 s; sync files=5, longest=0.639 s, average=0.137 s; distance=579399 kB, estimate=579399 kB; lsn=5D/B301AFA0, redo lsn=5D/943FF788
2026-09-26 19:08:26.288 UTC [27] LOG:  checkpoints are occurring too frequently (4 seconds apart)
2026-09-26 19:08:26.288 UTC [27] HINT:  Consider increasing the configuration parameter "max_wal_size".
2026-09-26 19:08:26.288 UTC [27] LOG:  checkpoint starting: wal
2026-09-26 19:08:29.424 UTC [27] LOG:  checkpoint complete: wrote 1634 buffers (10.0%); 0 WAL file(s) added, 3 removed, 31 recycled; write=2.117 s, sync=0.580 s, total=3.136 s; sync files=5, longest=0.531 s, average=0.116 s; distance=563264 kB, estimate=577785 kB; lsn=5D/D6244AD8, redo lsn=5D/B6A0F9A8
2026-09-26 19:08:29.424 UTC [27] LOG:  checkpoints are occurring too frequently (3 seconds apart)
2026-09-26 19:08:29.424 UTC [27] HINT:  Consider increasing the configuration parameter "max_wal_size".
2026-09-26 19:08:29.425 UTC [27] LOG:  checkpoint starting: wal
2026-09-26 19:09:18.113 UTC [27] LOG:  checkpoint complete: wrote 1804 buffers (11.0%); 0 WAL file(s) added, 2 removed, 32 recycled; write=47.982 s, sync=0.312 s, total=48.690 s; sync files=78, longest=0.068 s, average=0.004 s; distance=550841 kB, estimate=575091 kB; lsn=5D/F7F7E020, redo lsn=5D/D83FE028
2026-09-26 19:09:18.113 UTC [27] LOG:  checkpoint starting: wal
2026-09-26 19:09:21.429 UTC [27] LOG:  checkpoint complete: wrote 4168 buffers (25.4%); 0 WAL file(s) added, 2 removed, 31 recycled; write=1.848 s, sync=0.656 s, total=3.316 s; sync files=13, longest=0.579 s, average=0.051 s; distance=539445 kB, estimate=571526 kB; lsn=5E/193272C0, redo lsn=5D/F92CB760
2026-09-26 19:09:21.429 UTC [27] LOG:  checkpoints are occurring too frequently (3 seconds apart)
2026-09-26 19:09:21.429 UTC [27] HINT:  Consider increasing the configuration parameter "max_wal_size".
2026-09-26 19:09:21.429 UTC [27] LOG:  checkpoint starting: wal
2026-09-26 19:09:24.761 UTC [27] LOG:  checkpoint complete: wrote 1669 buffers (10.2%); 0 WAL file(s) added, 4 removed, 32 recycled; write=2.293 s, sync=0.608 s, total=3.332 s; sync files=5, longest=0.550 s, average=0.122 s; distance=600643 kB, estimate=600643 kB; lsn=5E/3CDFF100, redo lsn=5E/1DD5C6B8
2026-09-26 19:09:24.761 UTC [27] LOG:  checkpoints are occurring too frequently (3 seconds apart)
2026-09-26 19:09:24.761 UTC [27] HINT:  Consider increasing the configuration parameter "max_wal_size".
2026-09-26 19:09:24.761 UTC [27] LOG:  checkpoint starting: wal
2026-09-26 19:09:27.470 UTC [27] LOG:  checkpoint complete: wrote 1618 buffers (9.9%); 0 WAL file(s) added, 2 removed, 32 recycled; write=2.108 s, sync=0.499 s, total=2.709 s; sync files=6, longest=0.479 s, average=0.084 s; distance=556997 kB, estimate=596279 kB; lsn=5E/5E77B348, redo lsn=5E/3FD4DB20
2026-09-26 19:09:27.530 UTC [27] LOG:  checkpoints are occurring too frequently (3 seconds apart)
2026-09-26 19:09:27.530 UTC [27] HINT:  Consider increasing the configuration parameter "max_wal_size".
2026-09-26 19:09:27.530 UTC [27] LOG:  checkpoint starting: wal
2026-09-26 19:09:29.776 UTC [27] LOG:  checkpoint complete: wrote 1465 buffers (8.9%); 0 WAL file(s) added, 1 removed, 32 recycled; write=1.834 s, sync=0.335 s, total=2.247 s; sync files=5, longest=0.313 s, average=0.067 s; distance=531146 kB, estimate=589765 kB; lsn=5E/7F7DC098, redo lsn=5E/60400430
2026-09-26 19:09:29.829 UTC [27] LOG:  checkpoints are occurring too frequently (2 seconds apart)
2026-09-26 19:09:29.829 UTC [27] HINT:  Consider increasing the configuration parameter "max_wal_size".
2026-09-26 19:09:29.829 UTC [27] LOG:  checkpoint starting: wal
2026-09-26 19:09:32.081 UTC [27] LOG:  checkpoint complete: wrote 1534 buffers (9.4%); 0 WAL file(s) added, 1 removed, 32 recycled; write=1.744 s, sync=0.423 s, total=2.252 s; sync files=5, longest=0.401 s, average=0.085 s; distance=540681 kB, estimate=584857 kB; lsn=5E/A07DF2F0, redo lsn=5E/81402A28
2026-09-26 19:09:32.124 UTC [27] LOG:  checkpoints are occurring too frequently (3 seconds apart)
2026-09-26 19:09:32.124 UTC [27] HINT:  Consider increasing the configuration parameter "max_wal_size".
2026-09-26 19:09:32.124 UTC [27] LOG:  checkpoint starting: wal
2026-09-26 19:09:34.311 UTC [27] LOG:  checkpoint complete: wrote 1672 buffers (10.2%); 0 WAL file(s) added, 2 removed, 31 recycled; write=1.835 s, sync=0.264 s, total=2.187 s; sync files=5, longest=0.242 s, average=0.054 s; distance=540671 kB, estimate=580438 kB; lsn=5E/C2326E88, redo lsn=5E/A24027A0
2026-09-26 19:09:34.329 UTC [27] LOG:  checkpoints are occurring too frequently (2 seconds apart)
2026-09-26 19:09:34.329 UTC [27] HINT:  Consider increasing the configuration parameter "max_wal_size".
2026-09-26 19:09:34.329 UTC [27] LOG:  checkpoint starting: wal
2026-09-26 19:09:36.488 UTC [27] LOG:  checkpoint complete: wrote 1695 buffers (10.3%); 0 WAL file(s) added, 1 removed, 32 recycled; write=1.838 s, sync=0.245 s, total=2.159 s; sync files=6, longest=0.220 s, average=0.041 s; distance=540674 kB, estimate=576462 kB; lsn=5E/E2F97590, redo lsn=5E/C3402FC8
2026-09-26 19:09:36.516 UTC [27] LOG:  checkpoints are occurring too frequently (2 seconds apart)
2026-09-26 19:09:36.516 UTC [27] HINT:  Consider increasing the configuration parameter "max_wal_size".
2026-09-26 19:09:36.516 UTC [27] LOG:  checkpoint starting: wal
2026-09-26 19:09:39.342 UTC [27] LOG:  checkpoint complete: wrote 1706 buffers (10.4%); 0 WAL file(s) added, 5 removed, 28 recycled; write=1.830 s, sync=0.625 s, total=2.827 s; sync files=5, longest=0.557 s, average=0.125 s; distance=540665 kB, estimate=572882 kB; lsn=5F/7725340, redo lsn=5E/E4401720
2026-09-26 19:09:39.342 UTC [27] LOG:  checkpoints are occurring too frequently (3 seconds apart)
2026-09-26 19:09:39.342 UTC [27] HINT:  Consider increasing the configuration parameter "max_wal_size".
2026-09-26 19:09:39.342 UTC [27] LOG:  checkpoint starting: wal
2026-09-26 19:09:42.611 UTC [27] LOG:  checkpoint complete: wrote 1722 buffers (10.5%); 0 WAL file(s) added, 4 removed, 33 recycled; write=2.142 s, sync=0.667 s, total=3.269 s; sync files=5, longest=0.593 s, average=0.134 s; distance=608687 kB, estimate=608687 kB; lsn=5F/279EF028, redo lsn=5F/966D4D0
2026-09-26 19:09:42.611 UTC [27] LOG:  checkpoints are occurring too frequently (3 seconds apart)
2026-09-26 19:09:42.611 UTC [27] HINT:  Consider increasing the configuration parameter "max_wal_size".
2026-09-26 19:09:42.611 UTC [27] LOG:  checkpoint starting: wal
2026-09-26 19:09:45.781 UTC [27] LOG:  checkpoint complete: wrote 1453 buffers (8.9%); 0 WAL file(s) added, 2 removed, 31 recycled; write=2.087 s, sync=0.680 s, total=3.171 s; sync files=6, longest=0.598 s, average=0.114 s; distance=549212 kB, estimate=602739 kB; lsn=5F/4AC4A890, redo lsn=5F/2AEC4738
2026-09-26 19:09:45.782 UTC [27] LOG:  checkpoints are occurring too frequently (3 seconds apart)
2026-09-26 19:09:45.782 UTC [27] HINT:  Consider increasing the configuration parameter "max_wal_size".
2026-09-26 19:09:45.782 UTC [27] LOG:  checkpoint starting: wal
2026-09-26 19:09:48.887 UTC [27] LOG:  checkpoint complete: wrote 1661 buffers (10.1%); 0 WAL file(s) added, 3 removed, 32 recycled; write=2.063 s, sync=0.616 s, total=3.106 s; sync files=5, longest=0.555 s, average=0.124 s; distance=558670 kB, estimate=598333 kB; lsn=5F/6CF440F0, redo lsn=5F/4D058178
2026-09-26 19:09:48.888 UTC [27] LOG:  checkpoints are occurring too frequently (3 seconds apart)
2026-09-26 19:09:48.888 UTC [27] HINT:  Consider increasing the configuration parameter "max_wal_size".
2026-09-26 19:09:48.888 UTC [27] LOG:  checkpoint starting: wal
2026-09-26 19:09:52.159 UTC [27] LOG:  checkpoint complete: wrote 1771 buffers (10.8%); 0 WAL file(s) added, 1 removed, 33 recycled; write=1.990 s, sync=0.839 s, total=3.272 s; sync files=5, longest=0.779 s, average=0.168 s; distance=559028 kB, estimate=594402 kB; lsn=5F/8DA60430, redo lsn=5F/6F245568
2026-09-26 19:09:52.159 UTC [27] LOG:  checkpoints are occurring too frequently (4 seconds apart)
2026-09-26 19:09:52.159 UTC [27] HINT:  Consider increasing the configuration parameter "max_wal_size".
2026-09-26 19:09:52.159 UTC [27] LOG:  checkpoint starting: wal
2026-09-26 19:09:55.426 UTC [27] LOG:  checkpoint complete: wrote 1627 buffers (9.9%); 0 WAL file(s) added, 1 removed, 32 recycled; write=2.133 s, sync=0.716 s, total=3.268 s; sync files=13, longest=0.638 s, average=0.056 s; distance=548963 kB, estimate=589858 kB; lsn=5F/AFF157B0, redo lsn=5F/90A5E3A8
2026-09-26 19:09:55.426 UTC [27] LOG:  checkpoints are occurring too frequently (3 seconds apart)
2026-09-26 19:09:55.426 UTC [27] HINT:  Consider increasing the configuration parameter "max_wal_size".
2026-09-26 19:09:55.426 UTC [27] LOG:  checkpoint starting: wal
2026-09-26 19:09:59.016 UTC [27] LOG:  checkpoint complete: wrote 1756 buffers (10.7%); 0 WAL file(s) added, 2 removed, 32 recycled; write=2.830 s, sync=0.294 s, total=3.590 s; sync files=6, longest=0.226 s, average=0.049 s; distance=554773 kB, estimate=586350 kB; lsn=5F/D128F288, redo lsn=5F/B28237D8
2026-09-26 19:09:59.016 UTC [27] LOG:  checkpoints are occurring too frequently (4 seconds apart)
2026-09-26 19:09:59.016 UTC [27] HINT:  Consider increasing the configuration parameter "max_wal_size".
2026-09-26 19:09:59.017 UTC [27] LOG:  checkpoint starting: wal
2026-09-26 19:10:02.235 UTC [27] LOG:  checkpoint complete: wrote 1617 buffers (9.9%); 0 WAL file(s) added, 2 removed, 32 recycled; write=2.117 s, sync=0.676 s, total=3.219 s; sync files=5, longest=0.590 s, average=0.136 s; distance=553620 kB, estimate=583077 kB; lsn=5F/F3903EF0, redo lsn=5F/D44C8890
2026-09-26 19:10:02.235 UTC [27] LOG:  checkpoints are occurring too frequently (3 seconds apart)
2026-09-26 19:10:02.235 UTC [27] HINT:  Consider increasing the configuration parameter "max_wal_size".
2026-09-26 19:10:02.235 UTC [27] LOG:  checkpoint starting: wal
2026-09-26 19:10:05.369 UTC [27] LOG:  checkpoint complete: wrote 1566 buffers (9.6%); 0 WAL file(s) added, 2 removed, 32 recycled; write=2.058 s, sync=0.638 s, total=3.134 s; sync files=5, longest=0.551 s, average=0.128 s; distance=558240 kB, estimate=580593 kB; lsn=60/158980D0, redo lsn=5F/F65F0AA0
2026-09-26 19:10:05.369 UTC [27] LOG:  checkpoints are occurring too frequently (3 seconds apart)
2026-09-26 19:10:05.369 UTC [27] HINT:  Consider increasing the configuration parameter "max_wal_size".
2026-09-26 19:10:05.369 UTC [27] LOG:  checkpoint starting: wal
2026-09-26 19:10:14.312 UTC [27] LOG:  checkpoint complete: wrote 1362 buffers (8.3%); 0 WAL file(s) added, 1 removed, 33 recycled; write=7.852 s, sync=0.682 s, total=8.944 s; sync files=6, longest=0.390 s, average=0.114 s; distance=557629 kB, estimate=578297 kB; lsn=60/3646C638, redo lsn=60/18680220
2026-09-26 19:10:25.177 UTC [27] LOG:  checkpoints are occurring too frequently (20 seconds apart)
2026-09-26 19:10:25.177 UTC [27] HINT:  Consider increasing the configuration parameter "max_wal_size".
2026-09-26 19:10:25.177 UTC [27] LOG:  checkpoint starting: wal
2026-09-26 19:10:47.914 UTC [27] LOG:  checkpoint complete: wrote 1428 buffers (8.7%); 0 WAL file(s) added, 1 removed, 32 recycled; write=22.004 s, sync=0.329 s, total=22.737 s; sync files=5, longest=0.269 s, average=0.066 s; distance=534202 kB, estimate=573887 kB; lsn=60/58400368, redo lsn=60/3902ECA8
2026-09-26 19:10:47.956 UTC [27] LOG:  checkpoints are occurring too frequently (22 seconds apart)
2026-09-26 19:10:47.956 UTC [27] HINT:  Consider increasing the configuration parameter "max_wal_size".
2026-09-26 19:10:47.956 UTC [27] LOG:  checkpoint starting: wal
2026-09-26 19:10:51.115 UTC [27] LOG:  checkpoint complete: wrote 4850 buffers (29.6%); 0 WAL file(s) added, 2 removed, 31 recycled; write=2.119 s, sync=0.602 s, total=3.159 s; sync files=8, longest=0.508 s, average=0.076 s; distance=544477 kB, estimate=570946 kB; lsn=60/7A11AE48, redo lsn=60/5A3E6200
2026-09-26 19:10:51.115 UTC [27] LOG:  checkpoints are occurring too frequently (4 seconds apart)
2026-09-26 19:10:51.115 UTC [27] HINT:  Consider increasing the configuration parameter "max_wal_size".
2026-09-26 19:10:51.115 UTC [27] LOG:  checkpoint starting: wal
2026-09-26 19:10:54.534 UTC [27] LOG:  checkpoint complete: wrote 1851 buffers (11.3%); 0 WAL file(s) added, 4 removed, 31 recycled; write=2.227 s, sync=0.756 s, total=3.419 s; sync files=5, longest=0.702 s, average=0.152 s; distance=583794 kB, estimate=583794 kB; lsn=60/9D965408, redo lsn=60/7DE02AE0
2026-09-26 19:10:54.534 UTC [27] LOG:  checkpoints are occurring too frequently (3 seconds apart)
2026-09-26 19:10:54.534 UTC [27] HINT:  Consider increasing the configuration parameter "max_wal_size".
2026-09-26 19:10:54.534 UTC [27] LOG:  checkpoint starting: wal
2026-09-26 19:10:57.909 UTC [27] LOG:  checkpoint complete: wrote 1655 buffers (10.1%); 0 WAL file(s) added, 5 removed, 31 recycled; write=2.259 s, sync=0.651 s, total=3.376 s; sync files=5, longest=0.568 s, average=0.131 s; distance=578622 kB, estimate=583277 kB; lsn=60/C1402E60, redo lsn=60/A13123A8
2026-09-26 19:10:57.910 UTC [27] LOG:  checkpoints are occurring too frequently (3 seconds apart)
2026-09-26 19:10:57.910 UTC [27] HINT:  Consider increasing the configuration parameter "max_wal_size".
2026-09-26 19:10:57.918 UTC [27] LOG:  checkpoint starting: wal
2026-09-26 19:11:03.848 UTC [27] LOG:  checkpoint complete: wrote 1414 buffers (8.6%); 0 WAL file(s) added, 2 removed, 32 recycled; write=4.869 s, sync=0.682 s, total=5.939 s; sync files=5, longest=0.613 s, average=0.137 s; distance=559162 kB, estimate=580865 kB; lsn=60/E240F9C8, redo lsn=60/C3520E28
2026-09-26 19:11:03.848 UTC [27] LOG:  checkpoints are occurring too frequently (6 seconds apart)
2026-09-26 19:11:03.848 UTC [27] HINT:  Consider increasing the configuration parameter "max_wal_size".
2026-09-26 19:11:03.848 UTC [27] LOG:  checkpoint starting: wal
2026-09-26 19:11:07.017 UTC [27] LOG:  checkpoint complete: wrote 1857 buffers (11.3%); 0 WAL file(s) added, 1 removed, 32 recycled; write=2.109 s, sync=0.610 s, total=3.169 s; sync files=6, longest=0.559 s, average=0.102 s; distance=544263 kB, estimate=577205 kB; lsn=61/3CE46D8, redo lsn=60/E48A2AD0
2026-09-26 19:11:07.017 UTC [27] LOG:  checkpoints are occurring too frequently (4 seconds apart)
2026-09-26 19:11:07.017 UTC [27] HINT:  Consider increasing the configuration parameter "max_wal_size".
2026-09-26 19:11:07.017 UTC [27] LOG:  checkpoint starting: wal
2026-09-26 19:11:10.285 UTC [27] LOG:  checkpoint complete: wrote 1884 buffers (11.5%); 0 WAL file(s) added, 2 removed, 32 recycled; write=2.180 s, sync=0.666 s, total=3.269 s; sync files=5, longest=0.615 s, average=0.134 s; distance=550731 kB, estimate=574557 kB; lsn=61/25AAAB60, redo lsn=61/62758A8
2026-09-26 19:11:10.285 UTC [27] LOG:  checkpoints are occurring too frequently (3 seconds apart)
2026-09-26 19:11:10.285 UTC [27] HINT:  Consider increasing the configuration parameter "max_wal_size".
2026-09-26 19:11:10.286 UTC [27] LOG:  checkpoint starting: wal
2026-09-26 19:11:13.330 UTC [27] LOG:  checkpoint complete: wrote 1726 buffers (10.5%); 0 WAL file(s) added, 1 removed, 32 recycled; write=2.002 s, sync=0.631 s, total=3.045 s; sync files=5, longest=0.577 s, average=0.126 s; distance=553153 kB, estimate=572417 kB; lsn=61/46F39340, redo lsn=61/27EA5E80
2026-09-26 19:11:13.330 UTC [27] LOG:  checkpoints are occurring too frequently (3 seconds apart)
2026-09-26 19:11:13.330 UTC [27] HINT:  Consider increasing the configuration parameter "max_wal_size".
2026-09-26 19:11:13.330 UTC [27] LOG:  checkpoint starting: wal
2026-09-26 19:11:16.550 UTC [27] LOG:  checkpoint complete: wrote 1679 buffers (10.2%); 0 WAL file(s) added, 2 removed, 32 recycled; write=2.172 s, sync=0.633 s, total=3.220 s; sync files=5, longest=0.572 s, average=0.127 s; distance=547009 kB, estimate=569876 kB; lsn=61/68963318, redo lsn=61/494D65E0
2026-09-26 19:11:16.550 UTC [27] LOG:  checkpoints are occurring too frequently (3 seconds apart)
2026-09-26 19:11:16.550 UTC [27] HINT:  Consider increasing the configuration parameter "max_wal_size".
2026-09-26 19:11:16.550 UTC [27] LOG:  checkpoint starting: wal
2026-09-26 19:11:20.119 UTC [27] LOG:  checkpoint complete: wrote 1545 buffers (9.4%); 0 WAL file(s) added, 2 removed, 31 recycled; write=2.297 s, sync=0.761 s, total=3.570 s; sync files=6, longest=0.699 s, average=0.127 s; distance=547401 kB, estimate=567629 kB; lsn=61/8A36B738, redo lsn=61/6AB68D30
2026-09-26 19:11:20.119 UTC [27] LOG:  checkpoints are occurring too frequently (4 seconds apart)
2026-09-26 19:11:20.119 UTC [27] HINT:  Consider increasing the configuration parameter "max_wal_size".
2026-09-26 19:11:20.119 UTC [27] LOG:  checkpoint starting: wal
2026-09-26 19:11:23.253 UTC [27] LOG:  checkpoint complete: wrote 1828 buffers (11.2%); 0 WAL file(s) added, 3 removed, 31 recycled; write=2.064 s, sync=0.624 s, total=3.134 s; sync files=5, longest=0.552 s, average=0.125 s; distance=556054 kB, estimate=566471 kB; lsn=61/AC3FE588, redo lsn=61/8CA6E7C8
2026-09-26 19:11:23.253 UTC [27] LOG:  checkpoints are occurring too frequently (3 seconds apart)
2026-09-26 19:11:23.253 UTC [27] HINT:  Consider increasing the configuration parameter "max_wal_size".
2026-09-26 19:11:23.253 UTC [27] LOG:  checkpoint starting: wal
2026-09-26 19:11:26.421 UTC [27] LOG:  checkpoint complete: wrote 1758 buffers (10.7%); 0 WAL file(s) added, 2 removed, 32 recycled; write=2.090 s, sync=0.676 s, total=3.168 s; sync files=5, longest=0.624 s, average=0.136 s; distance=553599 kB, estimate=565184 kB; lsn=61/CDF64660, redo lsn=61/AE70E568
2026-09-26 19:11:26.421 UTC [27] LOG:  checkpoints are occurring too frequently (3 seconds apart)
2026-09-26 19:11:26.421 UTC [27] HINT:  Consider increasing the configuration parameter "max_wal_size".
2026-09-26 19:11:26.421 UTC [27] LOG:  checkpoint starting: wal
2026-09-26 19:11:32.523 UTC [27] LOG:  checkpoint complete: wrote 1823 buffers (11.1%); 0 WAL file(s) added, 1 removed, 33 recycled; write=2.228 s, sync=0.405 s, total=6.102 s; sync files=5, longest=0.377 s, average=0.081 s; distance=553014 kB, estimate=563967 kB; lsn=61/EE6EFB58, redo lsn=61/D031BE78
2026-09-26 19:11:32.523 UTC [27] LOG:  checkpoints are occurring too frequently (6 seconds apart)
2026-09-26 19:11:32.523 UTC [27] HINT:  Consider increasing the configuration parameter "max_wal_size".
2026-09-26 19:11:32.523 UTC [27] LOG:  checkpoint starting: wal
2026-09-26 19:11:35.522 UTC [27] LOG:  checkpoint complete: wrote 1420 buffers (8.7%); 0 WAL file(s) added, 2 removed, 32 recycled; write=1.985 s, sync=0.608 s, total=3.000 s; sync files=6, longest=0.538 s, average=0.102 s; distance=559906 kB, estimate=563561 kB; lsn=62/114F88B0, redo lsn=61/F25E4728
2026-09-26 19:11:35.522 UTC [27] LOG:  checkpoints are occurring too frequently (3 seconds apart)
2026-09-26 19:11:35.522 UTC [27] HINT:  Consider increasing the configuration parameter "max_wal_size".
2026-09-26 19:11:35.522 UTC [27] LOG:  checkpoint starting: wal
2026-09-26 19:11:38.665 UTC [27] LOG:  checkpoint complete: wrote 1446 buffers (8.8%); 0 WAL file(s) added, 3 removed, 31 recycled; write=2.047 s, sync=0.647 s, total=3.143 s; sync files=5, longest=0.575 s, average=0.130 s; distance=551121 kB, estimate=562317 kB; lsn=62/3419E2F8, redo lsn=62/14018D30
2026-09-26 19:11:38.665 UTC [27] LOG:  checkpoints are occurring too frequently (3 seconds apart)
2026-09-26 19:11:38.665 UTC [27] HINT:  Consider increasing the configuration parameter "max_wal_size".
2026-09-26 19:11:38.665 UTC [27] LOG:  checkpoint starting: wal
2026-09-26 19:11:41.764 UTC [27] LOG:  checkpoint complete: wrote 1635 buffers (10.0%); 0 WAL file(s) added, 2 removed, 32 recycled; write=2.016 s, sync=0.669 s, total=3.100 s; sync files=5, longest=0.603 s, average=0.134 s; distance=558283 kB, estimate=561914 kB; lsn=62/55FDED00, redo lsn=62/3614BBA0
2026-09-26 19:11:41.764 UTC [27] LOG:  checkpoints are occurring too frequently (3 seconds apart)
2026-09-26 19:11:41.764 UTC [27] HINT:  Consider increasing the configuration parameter "max_wal_size".
2026-09-26 19:11:41.764 UTC [27] LOG:  checkpoint starting: wal
2026-09-26 19:11:44.933 UTC [27] LOG:  checkpoint complete: wrote 1524 buffers (9.3%); 0 WAL file(s) added, 1 removed, 32 recycled; write=2.056 s, sync=0.668 s, total=3.169 s; sync files=5, longest=0.603 s, average=0.134 s; distance=553462 kB, estimate=561068 kB; lsn=62/76EE2908, redo lsn=62/57DC96F8
2026-09-26 19:11:44.934 UTC [27] LOG:  checkpoints are occurring too frequently (3 seconds apart)
2026-09-26 19:11:44.934 UTC [27] HINT:  Consider increasing the configuration parameter "max_wal_size".
2026-09-26 19:11:44.934 UTC [27] LOG:  checkpoint starting: wal
2026-09-26 19:12:37.250 UTC [27] LOG:  checkpoint complete: wrote 1317 buffers (8.0%); 0 WAL file(s) added, 3 removed, 31 recycled; write=51.362 s, sync=0.533 s, total=52.317 s; sync files=78, longest=0.293 s, average=0.007 s; distance=549494 kB, estimate=559911 kB; lsn=62/99F38B60, redo lsn=62/796672B8
2026-09-26 19:12:37.250 UTC [27] LOG:  checkpoint starting: wal
2026-09-26 19:12:39.663 UTC [27] LOG:  checkpoint complete: wrote 1532 buffers (9.4%); 0 WAL file(s) added, 6 removed, 31 recycled; write=1.880 s, sync=0.445 s, total=2.413 s; sync files=8, longest=0.411 s, average=0.056 s; distance=610047 kB, estimate=610047 kB; lsn=62/BE531F98, redo lsn=62/9EA27020
2026-09-26 19:12:39.663 UTC [27] LOG:  checkpoints are occurring too frequently (2 seconds apart)
2026-09-26 19:12:39.663 UTC [27] HINT:  Consider increasing the configuration parameter "max_wal_size".
2026-09-26 19:12:39.663 UTC [27] LOG:  checkpoint starting: wal
2026-09-26 19:12:41.982 UTC [27] LOG:  checkpoint complete: wrote 1428 buffers (8.7%); 0 WAL file(s) added, 1 removed, 32 recycled; write=1.824 s, sync=0.429 s, total=2.320 s; sync files=5, longest=0.404 s, average=0.086 s; distance=534601 kB, estimate=602502 kB; lsn=62/DEAEE840, redo lsn=62/BF439750
2026-09-26 19:12:42.024 UTC [27] LOG:  checkpoints are occurring too frequently (3 seconds apart)
2026-09-26 19:12:42.024 UTC [27] HINT:  Consider increasing the configuration parameter "max_wal_size".
2026-09-26 19:12:42.024 UTC [27] LOG:  checkpoint starting: wal
2026-09-26 19:12:44.232 UTC [27] LOG:  checkpoint complete: wrote 1611 buffers (9.8%); 0 WAL file(s) added, 2 removed, 31 recycled; write=1.723 s, sync=0.404 s, total=2.208 s; sync files=5, longest=0.371 s, average=0.081 s; distance=540435 kB, estimate=596296 kB; lsn=63/402628, redo lsn=62/E03FE4D8
2026-09-26 19:12:44.233 UTC [27] LOG:  checkpoints are occurring too frequently (2 seconds apart)
2026-09-26 19:12:44.233 UTC [27] HINT:  Consider increasing the configuration parameter "max_wal_size".
2026-09-26 19:12:44.233 UTC [27] LOG:  checkpoint starting: wal
2026-09-26 19:12:46.444 UTC [27] LOG:  checkpoint complete: wrote 1650 buffers (10.1%); 0 WAL file(s) added, 1 removed, 32 recycled; write=1.736 s, sync=0.388 s, total=2.212 s; sync files=6, longest=0.361 s, average=0.065 s; distance=540857 kB, estimate=590752 kB; lsn=63/20890668, redo lsn=63/142C9F0
2026-09-26 19:12:46.495 UTC [27] LOG:  checkpoints are occurring too frequently (2 seconds apart)
2026-09-26 19:12:46.495 UTC [27] HINT:  Consider increasing the configuration parameter "max_wal_size".
2026-09-26 19:12:46.495 UTC [27] LOG:  checkpoint starting: wal
2026-09-26 19:12:48.764 UTC [27] LOG:  checkpoint complete: wrote 1636 buffers (10.0%); 0 WAL file(s) added, 2 removed, 31 recycled; write=1.775 s, sync=0.423 s, total=2.270 s; sync files=5, longest=0.397 s, average=0.085 s; distance=540496 kB, estimate=585726 kB; lsn=63/42B11A00, redo lsn=63/22400CF8
2026-09-26 19:12:48.765 UTC [27] LOG:  checkpoints are occurring too frequently (2 seconds apart)
2026-09-26 19:12:48.765 UTC [27] HINT:  Consider increasing the configuration parameter "max_wal_size".
2026-09-26 19:12:48.765 UTC [27] LOG:  checkpoint starting: wal
2026-09-26 19:12:51.600 UTC [27] LOG:  checkpoint complete: wrote 1631 buffers (10.0%); 0 WAL file(s) added, 1 removed, 32 recycled; write=1.754 s, sync=0.656 s, total=2.836 s; sync files=5, longest=0.587 s, average=0.132 s; distance=547257 kB, estimate=581879 kB; lsn=63/62B67578, redo lsn=63/43A6F1B0
2026-09-26 19:12:51.600 UTC [27] LOG:  checkpoints are occurring too frequently (3 seconds apart)
2026-09-26 19:12:51.600 UTC [27] HINT:  Consider increasing the configuration parameter "max_wal_size".
2026-09-26 19:12:51.600 UTC [27] LOG:  checkpoint starting: wal
2026-09-26 19:12:55.154 UTC [27] LOG:  checkpoint complete: wrote 2106 buffers (12.9%); 0 WAL file(s) added, 4 removed, 32 recycled; write=2.309 s, sync=0.743 s, total=3.554 s; sync files=13, longest=0.566 s, average=0.058 s; distance=582708 kB, estimate=582708 kB; lsn=63/864023F8, redo lsn=63/6737C1F0
2026-09-26 19:12:55.154 UTC [27] LOG:  checkpoints are occurring too frequently (4 seconds apart)
2026-09-26 19:12:55.154 UTC [27] HINT:  Consider increasing the configuration parameter "max_wal_size".
2026-09-26 19:12:55.154 UTC [27] LOG:  checkpoint starting: wal
2026-09-26 19:12:58.732 UTC [27] LOG:  checkpoint complete: wrote 2164 buffers (13.2%); 0 WAL file(s) added, 4 removed, 31 recycled; write=2.440 s, sync=0.613 s, total=3.578 s; sync files=6, longest=0.533 s, average=0.103 s; distance=585233 kB, estimate=585233 kB; lsn=63/AA400088, redo lsn=63/8AF00930
2026-09-26 19:12:58.732 UTC [27] LOG:  checkpoints are occurring too frequently (3 seconds apart)
2026-09-26 19:12:58.732 UTC [27] HINT:  Consider increasing the configuration parameter "max_wal_size".
2026-09-26 19:12:58.732 UTC [27] LOG:  checkpoint starting: wal
2026-09-26 19:13:02.386 UTC [27] LOG:  checkpoint complete: wrote 1809 buffers (11.0%); 0 WAL file(s) added, 5 removed, 31 recycled; write=2.413 s, sync=0.711 s, total=3.654 s; sync files=5, longest=0.620 s, average=0.143 s; distance=583788 kB, estimate=585089 kB; lsn=63/CE3F72D0, redo lsn=63/AE91BBF0
2026-09-26 19:13:02.386 UTC [27] LOG:  checkpoints are occurring too frequently (4 seconds apart)
2026-09-26 19:13:02.386 UTC [27] HINT:  Consider increasing the configuration parameter "max_wal_size".
2026-09-26 19:13:02.386 UTC [27] LOG:  checkpoint starting: wal
2026-09-26 19:13:06.703 UTC [27] LOG:  checkpoint complete: wrote 1777 buffers (10.8%); 0 WAL file(s) added, 4 removed, 31 recycled; write=2.263 s, sync=1.004 s, total=4.318 s; sync files=5, longest=0.805 s, average=0.201 s; distance=575529 kB, estimate=584133 kB; lsn=63/F14018A0, redo lsn=63/D1B261A8
2026-09-26 19:13:06.703 UTC [27] LOG:  checkpoints are occurring too frequently (4 seconds apart)
2026-09-26 19:13:06.703 UTC [27] HINT:  Consider increasing the configuration parameter "max_wal_size".
2026-09-26 19:13:06.703 UTC [27] LOG:  checkpoint starting: wal
2026-09-26 19:13:10.827 UTC [27] LOG:  checkpoint complete: wrote 2193 buffers (13.4%); 0 WAL file(s) added, 6 removed, 33 recycled; write=2.918 s, sync=0.726 s, total=4.125 s; sync files=6, longest=0.633 s, average=0.121 s; distance=630259 kB, estimate=630259 kB; lsn=64/16CA82B8, redo lsn=63/F82A30E0
2026-09-26 19:13:10.828 UTC [27] LOG:  checkpoints are occurring too frequently (4 seconds apart)
2026-09-26 19:13:10.828 UTC [27] HINT:  Consider increasing the configuration parameter "max_wal_size".
2026-09-26 19:13:10.828 UTC [27] LOG:  checkpoint starting: wal
2026-09-26 19:13:14.317 UTC [27] LOG:  checkpoint complete: wrote 1931 buffers (11.8%); 0 WAL file(s) added, 4 removed, 31 recycled; write=2.234 s, sync=0.755 s, total=3.490 s; sync files=5, longest=0.653 s, average=0.151 s; distance=579178 kB, estimate=625151 kB; lsn=64/3BB4B3D0, redo lsn=64/1B83DA50
2026-09-26 19:13:14.317 UTC [27] LOG:  checkpoints are occurring too frequently (4 seconds apart)
2026-09-26 19:13:14.317 UTC [27] HINT:  Consider increasing the configuration parameter "max_wal_size".
2026-09-26 19:13:14.317 UTC [27] LOG:  checkpoint starting: wal
2026-09-26 19:13:21.604 UTC [27] LOG:  checkpoint complete: wrote 1958 buffers (12.0%); 0 WAL file(s) added, 6 removed, 31 recycled; write=2.796 s, sync=0.812 s, total=7.287 s; sync files=5, longest=0.694 s, average=0.163 s; distance=602039 kB, estimate=622840 kB; lsn=64/60464100, redo lsn=64/4042B678
2026-09-26 19:13:21.604 UTC [27] LOG:  checkpoints are occurring too frequently (7 seconds apart)
2026-09-26 19:13:21.604 UTC [27] HINT:  Consider increasing the configuration parameter "max_wal_size".
2026-09-26 19:13:21.604 UTC [27] LOG:  checkpoint starting: wal
2026-09-26 19:13:28.054 UTC [27] LOG:  checkpoint complete: wrote 2167 buffers (13.2%); 0 WAL file(s) added, 6 removed, 32 recycled; write=2.175 s, sync=0.916 s, total=6.451 s; sync files=6, longest=0.726 s, average=0.153 s; distance=625852 kB, estimate=625852 kB; lsn=64/85E24700, redo lsn=64/6675A8A8
2026-09-26 19:13:28.055 UTC [27] LOG:  checkpoints are occurring too frequently (7 seconds apart)
2026-09-26 19:13:28.055 UTC [27] HINT:  Consider increasing the configuration parameter "max_wal_size".
2026-09-26 19:13:28.055 UTC [27] LOG:  checkpoint starting: wal
2026-09-26 19:13:38.441 UTC [27] LOG:  checkpoint complete: wrote 2126 buffers (13.0%); 0 WAL file(s) added, 10 removed, 30 recycled; write=5.053 s, sync=3.895 s, total=10.387 s; sync files=6, longest=3.135 s, average=0.651 s; distance=658068 kB, estimate=658068 kB; lsn=64/AF402DF8, redo lsn=64/8E9FF8B0
2026-09-26 19:13:38.442 UTC [27] LOG:  checkpoints are occurring too frequently (10 seconds apart)
2026-09-26 19:13:38.442 UTC [27] HINT:  Consider increasing the configuration parameter "max_wal_size".
2026-09-26 19:13:38.442 UTC [27] LOG:  checkpoint starting: wal
2026-09-26 19:14:11.115 UTC [27] LOG:  checkpoint complete: wrote 954 buffers (5.8%); 0 WAL file(s) added, 4 removed, 33 recycled; write=31.949 s, sync=0.301 s, total=32.673 s; sync files=11, longest=0.279 s, average=0.028 s; distance=610027 kB, estimate=653263 kB; lsn=64/D19C1388, redo lsn=64/B3DBA6D8
2026-09-26 19:14:18.393 UTC [27] LOG:  checkpoint starting: wal
2026-09-26 19:14:22.029 UTC [27] LOG:  checkpoint complete: wrote 1229 buffers (7.5%); 0 WAL file(s) added, 3 removed, 30 recycled; write=2.373 s, sync=0.772 s, total=3.636 s; sync files=7, longest=0.566 s, average=0.111 s; distance=530722 kB, estimate=641009 kB; lsn=64/F51309A8, redo lsn=64/D44030F0
2026-09-26 19:14:22.029 UTC [27] LOG:  checkpoints are occurring too frequently (4 seconds apart)
2026-09-26 19:14:22.029 UTC [27] HINT:  Consider increasing the configuration parameter "max_wal_size".
2026-09-26 19:14:22.029 UTC [27] LOG:  checkpoint starting: wal
2026-09-26 19:14:25.573 UTC [27] LOG:  checkpoint complete: wrote 1931 buffers (11.8%); 0 WAL file(s) added, 6 removed, 31 recycled; write=2.384 s, sync=0.656 s, total=3.545 s; sync files=5, longest=0.584 s, average=0.132 s; distance=606942 kB, estimate=637603 kB; lsn=65/193C9788, redo lsn=64/F94BAAD0
2026-09-26 19:14:25.573 UTC [27] LOG:  checkpoints are occurring too frequently (3 seconds apart)
2026-09-26 19:14:25.573 UTC [27] HINT:  Consider increasing the configuration parameter "max_wal_size".
2026-09-26 19:14:25.576 UTC [27] LOG:  checkpoint starting: wal
2026-09-26 19:14:29.194 UTC [27] LOG:  checkpoint complete: wrote 1890 buffers (11.5%); 0 WAL file(s) added, 5 removed, 31 recycled; write=2.301 s, sync=0.798 s, total=3.621 s; sync files=5, longest=0.673 s, average=0.160 s; distance=588207 kB, estimate=632663 kB; lsn=65/3D400E30, redo lsn=65/1D326990
2026-09-26 19:14:29.195 UTC [27] LOG:  checkpoints are occurring too frequently (4 seconds apart)
2026-09-26 19:14:29.195 UTC [27] HINT:  Consider increasing the configuration parameter "max_wal_size".
2026-09-26 19:14:29.195 UTC [27] LOG:  checkpoint starting: wal
2026-09-26 19:14:32.447 UTC [27] LOG:  checkpoint complete: wrote 1794 buffers (10.9%); 0 WAL file(s) added, 2 removed, 33 recycled; write=2.118 s, sync=0.643 s, total=3.253 s; sync files=5, longest=0.576 s, average=0.129 s; distance=572605 kB, estimate=626657 kB; lsn=65/5EC44B50, redo lsn=65/40255E48
2026-09-26 19:14:32.447 UTC [27] LOG:  checkpoints are occurring too frequently (3 seconds apart)
2026-09-26 19:14:32.447 UTC [27] HINT:  Consider increasing the configuration parameter "max_wal_size".
2026-09-26 19:14:32.447 UTC [27] LOG:  checkpoint starting: wal
2026-09-26 19:14:35.796 UTC [27] LOG:  checkpoint complete: wrote 1734 buffers (10.6%); 0 WAL file(s) added, 2 removed, 32 recycled; write=2.117 s, sync=0.710 s, total=3.350 s; sync files=6, longest=0.613 s, average=0.119 s; distance=557126 kB, estimate=619704 kB; lsn=65/814014A0, redo lsn=65/62267680
2026-09-26 19:14:35.796 UTC [27] LOG:  checkpoints are occurring too frequently (3 seconds apart)
2026-09-26 19:14:35.796 UTC [27] HINT:  Consider increasing the configuration parameter "max_wal_size".
2026-09-26 19:14:35.796 UTC [27] LOG:  checkpoint starting: wal
2026-09-26 19:14:39.125 UTC [27] LOG:  checkpoint complete: wrote 1756 buffers (10.7%); 0 WAL file(s) added, 3 removed, 31 recycled; write=2.190 s, sync=0.721 s, total=3.330 s; sync files=5, longest=0.645 s, average=0.145 s; distance=560597 kB, estimate=613793 kB; lsn=65/A44026B0, redo lsn=65/845DCAD0
2026-09-26 19:14:39.126 UTC [27] LOG:  checkpoints are occurring too frequently (4 seconds apart)
2026-09-26 19:14:39.126 UTC [27] HINT:  Consider increasing the configuration parameter "max_wal_size".
2026-09-26 19:14:39.126 UTC [27] LOG:  checkpoint starting: wal
2026-09-26 19:14:42.470 UTC [27] LOG:  checkpoint complete: wrote 1838 buffers (11.2%); 0 WAL file(s) added, 2 removed, 32 recycled; write=2.189 s, sync=0.705 s, total=3.344 s; sync files=5, longest=0.633 s, average=0.141 s; distance=560400 kB, estimate=608454 kB; lsn=65/C5CE9738, redo lsn=65/A6920E30
2026-09-26 19:14:42.470 UTC [27] LOG:  checkpoints are occurring too frequently (3 seconds apart)
2026-09-26 19:14:42.470 UTC [27] HINT:  Consider increasing the configuration parameter "max_wal_size".
2026-09-26 19:14:42.470 UTC [27] LOG:  checkpoint starting: wal
2026-09-26 19:14:48.545 UTC [27] LOG:  checkpoint complete: wrote 1978 buffers (12.1%); 0 WAL file(s) added, 1 removed, 33 recycled; write=1.998 s, sync=0.629 s, total=6.076 s; sync files=5, longest=0.543 s, average=0.126 s; distance=556645 kB, estimate=603273 kB; lsn=65/E6D90DC8, redo lsn=65/C88BA330
2026-09-26 19:14:48.545 UTC [27] LOG:  checkpoints are occurring too frequently (6 seconds apart)
2026-09-26 19:14:48.545 UTC [27] HINT:  Consider increasing the configuration parameter "max_wal_size".
2026-09-26 19:14:48.545 UTC [27] LOG:  checkpoint starting: wal
2026-09-26 19:14:51.771 UTC [27] LOG:  checkpoint complete: wrote 1604 buffers (9.8%); 0 WAL file(s) added, 2 removed, 32 recycled; write=2.181 s, sync=0.642 s, total=3.226 s; sync files=6, longest=0.566 s, average=0.107 s; distance=554866 kB, estimate=598432 kB; lsn=66/9FC8400, redo lsn=65/EA696D70
2026-09-26 19:14:51.771 UTC [27] LOG:  checkpoints are occurring too frequently (3 seconds apart)
2026-09-26 19:14:51.771 UTC [27] HINT:  Consider increasing the configuration parameter "max_wal_size".
2026-09-26 19:14:51.771 UTC [27] LOG:  checkpoint starting: wal
2026-09-26 19:14:55.149 UTC [27] LOG:  checkpoint complete: wrote 1661 buffers (10.1%); 0 WAL file(s) added, 3 removed, 31 recycled; write=2.102 s, sync=0.752 s, total=3.378 s; sync files=5, longest=0.692 s, average=0.151 s; distance=560464 kB, estimate=594636 kB; lsn=66/2C104850, redo lsn=66/C9EB0B0
2026-09-26 19:14:55.149 UTC [27] LOG:  checkpoints are occurring too frequently (4 seconds apart)
2026-09-26 19:14:55.149 UTC [27] HINT:  Consider increasing the configuration parameter "max_wal_size".
2026-09-26 19:14:55.149 UTC [27] LOG:  checkpoint starting: wal
2026-09-26 19:14:58.434 UTC [27] LOG:  checkpoint complete: wrote 1679 buffers (10.2%); 0 WAL file(s) added, 3 removed, 32 recycled; write=2.182 s, sync=0.638 s, total=3.286 s; sync files=5, longest=0.561 s, average=0.128 s; distance=565329 kB, estimate=591705 kB; lsn=66/4E04FC18, redo lsn=66/2F1FF830
2026-09-26 19:14:58.434 UTC [27] LOG:  checkpoints are occurring too frequently (3 seconds apart)
2026-09-26 19:14:58.434 UTC [27] HINT:  Consider increasing the configuration parameter "max_wal_size".
2026-09-26 19:14:58.434 UTC [27] LOG:  checkpoint starting: wal
2026-09-26 19:15:01.651 UTC [27] LOG:  checkpoint complete: wrote 1500 buffers (9.2%); 0 WAL file(s) added, 3 removed, 31 recycled; write=2.069 s, sync=0.684 s, total=3.218 s; sync files=5, longest=0.605 s, average=0.137 s; distance=560288 kB, estimate=588563 kB; lsn=66/71127598, redo lsn=66/51527B00
2026-09-26 19:15:01.652 UTC [27] LOG:  checkpoints are occurring too frequently (3 seconds apart)
2026-09-26 19:15:01.652 UTC [27] HINT:  Consider increasing the configuration parameter "max_wal_size".
2026-09-26 19:15:01.652 UTC [27] LOG:  checkpoint starting: wal
2026-09-26 19:15:05.341 UTC [27] LOG:  checkpoint complete: wrote 1599 buffers (9.8%); 0 WAL file(s) added, 3 removed, 31 recycled; write=2.473 s, sync=0.695 s, total=3.689 s; sync files=6, longest=0.631 s, average=0.116 s; distance=565995 kB, estimate=586306 kB; lsn=66/9337DD48, redo lsn=66/73DE2958
2026-09-26 19:15:05.341 UTC [27] LOG:  checkpoints are occurring too frequently (4 seconds apart)
2026-09-26 19:15:05.341 UTC [27] HINT:  Consider increasing the configuration parameter "max_wal_size".
2026-09-26 19:15:05.341 UTC [27] LOG:  checkpoint starting: wal
2026-09-26 19:15:08.696 UTC [27] LOG:  checkpoint complete: wrote 1581 buffers (9.6%); 0 WAL file(s) added, 4 removed, 31 recycled; write=2.237 s, sync=0.680 s, total=3.356 s; sync files=5, longest=0.594 s, average=0.136 s; distance=564826 kB, estimate=584158 kB; lsn=66/B63FE850, redo lsn=66/96579478
2026-09-26 19:15:08.696 UTC [27] LOG:  checkpoints are occurring too frequently (3 seconds apart)
2026-09-26 19:15:08.696 UTC [27] HINT:  Consider increasing the configuration parameter "max_wal_size".
2026-09-26 19:15:08.696 UTC [27] LOG:  checkpoint starting: wal
2026-09-26 19:15:11.889 UTC [27] LOG:  checkpoint complete: wrote 1610 buffers (9.8%); 0 WAL file(s) added, 3 removed, 31 recycled; write=2.068 s, sync=0.692 s, total=3.193 s; sync files=5, longest=0.612 s, average=0.139 s; distance=565842 kB, estimate=582327 kB; lsn=66/D8402898, redo lsn=66/B8E0DD38
2026-09-26 19:15:11.889 UTC [27] LOG:  checkpoints are occurring too frequently (3 seconds apart)
2026-09-26 19:15:11.889 UTC [27] HINT:  Consider increasing the configuration parameter "max_wal_size".
2026-09-26 19:15:11.889 UTC [27] LOG:  checkpoint starting: wal
2026-09-26 19:15:15.139 UTC [27] LOG:  checkpoint complete: wrote 1673 buffers (10.2%); 0 WAL file(s) added, 3 removed, 32 recycled; write=2.188 s, sync=0.595 s, total=3.251 s; sync files=5, longest=0.517 s, average=0.119 s; distance=559948 kB, estimate=580089 kB; lsn=66/FA2DE9C8, redo lsn=66/DB0E0F38
2026-09-26 19:15:15.139 UTC [27] LOG:  checkpoints are occurring too frequently (4 seconds apart)
2026-09-26 19:15:15.139 UTC [27] HINT:  Consider increasing the configuration parameter "max_wal_size".
2026-09-26 19:15:15.139 UTC [27] LOG:  checkpoint starting: wal
2026-09-26 19:16:07.992 UTC [27] LOG:  checkpoint complete: wrote 1353 buffers (8.3%); 0 WAL file(s) added, 5 removed, 29 recycled; write=51.355 s, sync=0.988 s, total=52.853 s; sync files=83, longest=0.377 s, average=0.012 s; distance=565043 kB, estimate=578584 kB; lsn=67/1F4014C0, redo lsn=66/FD8ADE70
2026-09-26 19:16:07.992 UTC [27] LOG:  checkpoint starting: wal
2026-09-26 19:16:11.672 UTC [27] LOG:  checkpoint complete: wrote 2053 buffers (12.5%); 0 WAL file(s) added, 8 removed, 31 recycled; write=2.354 s, sync=0.787 s, total=3.681 s; sync files=11, longest=0.598 s, average=0.072 s; distance=635517 kB, estimate=635517 kB; lsn=67/444049A0, redo lsn=67/2454D2E8
2026-09-26 19:16:11.672 UTC [27] LOG:  checkpoints are occurring too frequently (4 seconds apart)
2026-09-26 19:16:11.672 UTC [27] HINT:  Consider increasing the configuration parameter "max_wal_size".
2026-09-26 19:16:11.672 UTC [27] LOG:  checkpoint starting: wal
2026-09-26 19:16:15.320 UTC [27] LOG:  checkpoint complete: wrote 2003 buffers (12.2%); 0 WAL file(s) added, 5 removed, 30 recycled; write=2.267 s, sync=0.855 s, total=3.648 s; sync files=7, longest=0.655 s, average=0.123 s; distance=581727 kB, estimate=630138 kB; lsn=67/683FF250, redo lsn=67/47D64EE8
2026-09-26 19:16:15.320 UTC [27] LOG:  checkpoints are occurring too frequently (4 seconds apart)
2026-09-26 19:16:15.320 UTC [27] HINT:  Consider increasing the configuration parameter "max_wal_size".
2026-09-26 19:16:15.320 UTC [27] LOG:  checkpoint starting: wal
2026-09-26 19:16:18.950 UTC [27] LOG:  checkpoint complete: wrote 2143 buffers (13.1%); 0 WAL file(s) added, 6 removed, 30 recycled; write=2.297 s, sync=0.852 s, total=3.631 s; sync files=6, longest=0.589 s, average=0.142 s; distance=590701 kB, estimate=626194 kB; lsn=67/8C403A40, redo lsn=67/6BE405F8
2026-09-26 19:16:18.950 UTC [27] LOG:  checkpoints are occurring too frequently (3 seconds apart)
2026-09-26 19:16:18.950 UTC [27] HINT:  Consider increasing the configuration parameter "max_wal_size".
2026-09-26 19:16:18.950 UTC [27] LOG:  checkpoint starting: wal
2026-09-26 19:16:22.442 UTC [27] LOG:  checkpoint complete: wrote 1920 buffers (11.7%); 0 WAL file(s) added, 5 removed, 31 recycled; write=2.184 s, sync=0.831 s, total=3.493 s; sync files=7, longest=0.639 s, average=0.119 s; distance=583287 kB, estimate=621903 kB; lsn=67/AF402770, redo lsn=67/8F7DE380
2026-09-26 19:16:22.442 UTC [27] LOG:  checkpoints are occurring too frequently (4 seconds apart)
2026-09-26 19:16:22.442 UTC [27] HINT:  Consider increasing the configuration parameter "max_wal_size".
2026-09-26 19:16:22.442 UTC [27] LOG:  checkpoint starting: wal
2026-09-26 19:16:29.079 UTC [27] LOG:  checkpoint complete: wrote 2064 buffers (12.6%); 0 WAL file(s) added, 5 removed, 30 recycled; write=2.260 s, sync=3.871 s, total=6.637 s; sync files=6, longest=3.619 s, average=0.646 s; distance=576120 kB, estimate=617325 kB; lsn=67/D3402148, redo lsn=67/B2A7C680
2026-09-26 19:16:29.079 UTC [27] LOG:  checkpoints are occurring too frequently (7 seconds apart)
2026-09-26 19:16:29.079 UTC [27] HINT:  Consider increasing the configuration parameter "max_wal_size".
2026-09-26 19:16:29.079 UTC [27] LOG:  checkpoint starting: wal
2026-09-26 19:16:32.533 UTC [27] LOG:  checkpoint complete: wrote 1908 buffers (11.6%); 0 WAL file(s) added, 5 removed, 31 recycled; write=2.302 s, sync=0.680 s, total=3.454 s; sync files=6, longest=0.505 s, average=0.114 s; distance=584173 kB, estimate=614010 kB; lsn=67/F6401A98, redo lsn=67/D64F7E00
2026-09-26 19:16:32.533 UTC [27] LOG:  checkpoints are occurring too frequently (3 seconds apart)
2026-09-26 19:16:32.533 UTC [27] HINT:  Consider increasing the configuration parameter "max_wal_size".
2026-09-26 19:16:32.533 UTC [27] LOG:  checkpoint starting: wal
2026-09-26 19:16:36.193 UTC [27] LOG:  checkpoint complete: wrote 2165 buffers (13.2%); 0 WAL file(s) added, 4 removed, 31 recycled; write=2.313 s, sync=0.903 s, total=3.660 s; sync files=6, longest=0.624 s, average=0.151 s; distance=580496 kB, estimate=610658 kB; lsn=68/19519E88, redo lsn=67/F9BDBEC8
2026-09-26 19:16:36.193 UTC [27] LOG:  checkpoints are occurring too frequently (4 seconds apart)
2026-09-26 19:16:36.193 UTC [27] HINT:  Consider increasing the configuration parameter "max_wal_size".
2026-09-26 19:16:36.193 UTC [27] LOG:  checkpoint starting: wal
2026-09-26 19:16:40.437 UTC [27] LOG:  checkpoint complete: wrote 1987 buffers (12.1%); 0 WAL file(s) added, 3 removed, 31 recycled; write=2.857 s, sync=0.866 s, total=4.245 s; sync files=7, longest=0.655 s, average=0.124 s; distance=553354 kB, estimate=604928 kB; lsn=68/3B400228, redo lsn=68/1B83E760
2026-09-26 19:16:40.437 UTC [27] LOG:  checkpoints are occurring too frequently (4 seconds apart)
2026-09-26 19:16:40.437 UTC [27] HINT:  Consider increasing the configuration parameter "max_wal_size".
2026-09-26 19:16:40.437 UTC [27] LOG:  checkpoint starting: wal
2026-09-26 19:16:44.052 UTC [27] LOG:  checkpoint complete: wrote 2223 buffers (13.6%); 0 WAL file(s) added, 4 removed, 31 recycled; write=2.388 s, sync=0.806 s, total=3.615 s; sync files=6, longest=0.552 s, average=0.135 s; distance=566686 kB, estimate=601104 kB; lsn=68/5E405138, redo lsn=68/3E1A6208
2026-09-26 19:16:44.052 UTC [27] LOG:  checkpoints are occurring too frequently (4 seconds apart)
2026-09-26 19:16:44.052 UTC [27] HINT:  Consider increasing the configuration parameter "max_wal_size".
2026-09-26 19:16:44.052 UTC [27] LOG:  checkpoint starting: wal
2026-09-26 19:16:47.680 UTC [27] LOG:  checkpoint complete: wrote 1979 buffers (12.1%); 0 WAL file(s) added, 4 removed, 31 recycled; write=2.299 s, sync=0.861 s, total=3.628 s; sync files=6, longest=0.662 s, average=0.144 s; distance=573428 kB, estimate=598336 kB; lsn=68/814014B0, redo lsn=68/611A3560
2026-09-26 19:16:47.680 UTC [27] LOG:  checkpoints are occurring too frequently (3 seconds apart)
2026-09-26 19:16:47.680 UTC [27] HINT:  Consider increasing the configuration parameter "max_wal_size".
2026-09-26 19:16:47.680 UTC [27] LOG:  checkpoint starting: wal
2026-09-26 19:16:51.053 UTC [27] LOG:  checkpoint complete: wrote 2074 buffers (12.7%); 0 WAL file(s) added, 4 removed, 31 recycled; write=2.187 s, sync=0.729 s, total=3.374 s; sync files=7, longest=0.543 s, average=0.105 s; distance=573599 kB, estimate=595862 kB; lsn=68/A44022C0, redo lsn=68/841CB1E8
2026-09-26 19:16:51.053 UTC [27] LOG:  checkpoints are occurring too frequently (4 seconds apart)
2026-09-26 19:16:51.053 UTC [27] HINT:  Consider increasing the configuration parameter "max_wal_size".
2026-09-26 19:16:51.053 UTC [27] LOG:  checkpoint starting: wal
2026-09-26 19:16:54.534 UTC [27] LOG:  checkpoint complete: wrote 2020 buffers (12.3%); 0 WAL file(s) added, 5 removed, 30 recycled; write=2.308 s, sync=0.734 s, total=3.481 s; sync files=16, longest=0.539 s, average=0.046 s; distance=581497 kB, estimate=594426 kB; lsn=68/C8409368, redo lsn=68/A79A97C0
2026-09-26 19:16:54.535 UTC [27] LOG:  checkpoints are occurring too frequently (3 seconds apart)
2026-09-26 19:16:54.535 UTC [27] HINT:  Consider increasing the configuration parameter "max_wal_size".
2026-09-26 19:16:54.535 UTC [27] LOG:  checkpoint starting: wal
2026-09-26 19:17:00.884 UTC [27] LOG:  checkpoint complete: wrote 1898 buffers (11.6%); 0 WAL file(s) added, 6 removed, 30 recycled; write=5.114 s, sync=0.787 s, total=6.350 s; sync files=8, longest=0.605 s, average=0.099 s; distance=588059 kB, estimate=593789 kB; lsn=68/EC3FE248, redo lsn=68/CB7F0660
2026-09-26 19:17:00.884 UTC [27] LOG:  checkpoints are occurring too frequently (6 seconds apart)
2026-09-26 19:17:00.884 UTC [27] HINT:  Consider increasing the configuration parameter "max_wal_size".
2026-09-26 19:17:00.884 UTC [27] LOG:  checkpoint starting: wal
2026-09-26 19:17:04.311 UTC [27] LOG:  checkpoint complete: wrote 2073 buffers (12.7%); 0 WAL file(s) added, 5 removed, 31 recycled; write=2.231 s, sync=0.755 s, total=3.428 s; sync files=7, longest=0.556 s, average=0.108 s; distance=588453 kB, estimate=593256 kB; lsn=69/F407868, redo lsn=68/EF699CD8
2026-09-26 19:17:04.312 UTC [27] LOG:  checkpoints are occurring too frequently (4 seconds apart)
2026-09-26 19:17:04.312 UTC [27] HINT:  Consider increasing the configuration parameter "max_wal_size".
2026-09-26 19:17:04.312 UTC [27] LOG:  checkpoint starting: wal
2026-09-26 19:17:08.019 UTC [27] LOG:  checkpoint complete: wrote 1871 buffers (11.4%); 0 WAL file(s) added, 4 removed, 31 recycled; write=2.847 s, sync=0.458 s, total=3.708 s; sync files=8, longest=0.332 s, average=0.058 s; distance=577103 kB, estimate=591640 kB; lsn=69/32403738, redo lsn=69/12A2D980
2026-09-26 19:17:08.020 UTC [27] LOG:  checkpoints are occurring too frequently (4 seconds apart)
2026-09-26 19:17:08.020 UTC [27] HINT:  Consider increasing the configuration parameter "max_wal_size".
2026-09-26 19:17:08.020 UTC [27] LOG:  checkpoint starting: wal
2026-09-26 19:17:12.032 UTC [27] LOG:  checkpoint complete: wrote 1900 buffers (11.6%); 0 WAL file(s) added, 4 removed, 31 recycled; write=2.763 s, sync=0.789 s, total=4.013 s; sync files=8, longest=0.477 s, average=0.099 s; distance=570054 kB, estimate=589482 kB; lsn=69/55403298, redo lsn=69/356DF508
2026-09-26 19:17:12.032 UTC [27] LOG:  checkpoints are occurring too frequently (4 seconds apart)
2026-09-26 19:17:12.032 UTC [27] HINT:  Consider increasing the configuration parameter "max_wal_size".
2026-09-26 19:17:12.032 UTC [27] LOG:  checkpoint starting: wal
2026-09-26 19:17:48.027 UTC [27] LOG:  checkpoint complete: wrote 827 buffers (5.0%); 0 WAL file(s) added, 2 removed, 33 recycled; write=35.367 s, sync=0.263 s, total=35.995 s; sync files=4, longest=0.262 s, average=0.066 s; distance=576527 kB, estimate=588186 kB; lsn=69/76586820, redo lsn=69/589E3190
2026-09-26 19:17:58.247 UTC [27] LOG:  checkpoint starting: wal
2026-09-26 19:18:01.896 UTC [27] LOG:  checkpoint complete: wrote 861 buffers (5.3%); 0 WAL file(s) added, 2 removed, 31 recycled; write=2.433 s, sync=0.785 s, total=3.649 s; sync files=8, longest=0.429 s, average=0.099 s; distance=534635 kB, estimate=582831 kB; lsn=69/994005A0, redo lsn=69/793FE168
2026-09-26 19:18:01.896 UTC [27] LOG:  checkpoints are occurring too frequently (3 seconds apart)
2026-09-26 19:18:01.896 UTC [27] HINT:  Consider increasing the configuration parameter "max_wal_size".
2026-09-26 19:18:01.896 UTC [27] LOG:  checkpoint starting: wal
2026-09-26 19:18:05.458 UTC [27] LOG:  checkpoint complete: wrote 2039 buffers (12.4%); 0 WAL file(s) added, 4 removed, 32 recycled; write=2.418 s, sync=0.671 s, total=3.562 s; sync files=5, longest=0.569 s, average=0.135 s; distance=590359 kB, estimate=590359 kB; lsn=69/BC400058, redo lsn=69/9D483FA0
2026-09-26 19:18:05.458 UTC [27] LOG:  checkpoints are occurring too frequently (4 seconds apart)
2026-09-26 19:18:05.458 UTC [27] HINT:  Consider increasing the configuration parameter "max_wal_size".
2026-09-26 19:18:05.458 UTC [27] LOG:  checkpoint starting: wal
2026-09-26 19:18:08.841 UTC [27] LOG:  checkpoint complete: wrote 2036 buffers (12.4%); 0 WAL file(s) added, 3 removed, 32 recycled; write=2.209 s, sync=0.694 s, total=3.384 s; sync files=5, longest=0.583 s, average=0.139 s; distance=574090 kB, estimate=588732 kB; lsn=69/DF403790, redo lsn=69/C05268B0
2026-09-26 19:18:08.841 UTC [27] LOG:  checkpoints are occurring too frequently (3 seconds apart)
2026-09-26 19:18:08.841 UTC [27] HINT:  Consider increasing the configuration parameter "max_wal_size".
2026-09-26 19:18:08.841 UTC [27] LOG:  checkpoint starting: wal
2026-09-26 19:18:12.260 UTC [27] LOG:  checkpoint complete: wrote 2076 buffers (12.7%); 0 WAL file(s) added, 4 removed, 31 recycled; write=2.304 s, sync=0.672 s, total=3.419 s; sync files=5, longest=0.556 s, average=0.135 s; distance=577215 kB, estimate=587580 kB; lsn=6A/34019D8, redo lsn=69/E38D66F0
2026-09-26 19:18:12.260 UTC [27] LOG:  checkpoints are occurring too frequently (4 seconds apart)
2026-09-26 19:18:12.260 UTC [27] HINT:  Consider increasing the configuration parameter "max_wal_size".
2026-09-26 19:18:12.260 UTC [27] LOG:  checkpoint starting: wal
2026-09-26 19:18:15.745 UTC [27] LOG:  checkpoint complete: wrote 1738 buffers (10.6%); 0 WAL file(s) added, 5 removed, 31 recycled; write=2.186 s, sync=0.807 s, total=3.485 s; sync files=6, longest=0.732 s, average=0.135 s; distance=584896 kB, estimate=587312 kB; lsn=6A/27167558, redo lsn=6A/74066F8
2026-09-26 19:18:15.745 UTC [27] LOG:  checkpoints are occurring too frequently (3 seconds apart)
2026-09-26 19:18:15.745 UTC [27] HINT:  Consider increasing the configuration parameter "max_wal_size".
2026-09-26 19:18:15.754 UTC [27] LOG:  checkpoint starting: wal
2026-09-26 19:18:19.142 UTC [27] LOG:  checkpoint complete: wrote 1877 buffers (11.5%); 0 WAL file(s) added, 5 removed, 31 recycled; write=2.260 s, sync=0.700 s, total=3.397 s; sync files=6, longest=0.599 s, average=0.117 s; distance=589803 kB, estimate=589803 kB; lsn=6A/4B849748, redo lsn=6A/2B4014B0
2026-09-26 19:18:19.142 UTC [27] LOG:  checkpoints are occurring too frequently (4 seconds apart)
2026-09-26 19:18:19.142 UTC [27] HINT:  Consider increasing the configuration parameter "max_wal_size".
2026-09-26 19:18:19.142 UTC [27] LOG:  checkpoint starting: wal
2026-09-26 19:18:22.544 UTC [27] LOG:  checkpoint complete: wrote 1463 buffers (8.9%); 0 WAL file(s) added, 4 removed, 31 recycled; write=2.243 s, sync=0.693 s, total=3.402 s; sync files=5, longest=0.612 s, average=0.139 s; distance=580522 kB, estimate=588875 kB; lsn=6A/6E4022F8, redo lsn=6A/4EAEBDF0
2026-09-26 19:18:22.544 UTC [27] LOG:  checkpoints are occurring too frequently (3 seconds apart)
2026-09-26 19:18:22.544 UTC [27] HINT:  Consider increasing the configuration parameter "max_wal_size".
2026-09-26 19:18:22.544 UTC [27] LOG:  checkpoint starting: wal
2026-09-26 19:18:28.639 UTC [27] LOG:  checkpoint complete: wrote 1492 buffers (9.1%); 0 WAL file(s) added, 3 removed, 32 recycled; write=2.073 s, sync=3.549 s, total=6.096 s; sync files=5, longest=3.464 s, average=0.710 s; distance=569975 kB, estimate=586985 kB; lsn=6A/90CE1FF8, redo lsn=6A/71789CA8
2026-09-26 19:18:28.639 UTC [27] LOG:  checkpoints are occurring too frequently (6 seconds apart)
2026-09-26 19:18:28.639 UTC [27] HINT:  Consider increasing the configuration parameter "max_wal_size".
2026-09-26 19:18:28.639 UTC [27] LOG:  checkpoint starting: wal
2026-09-26 19:18:31.955 UTC [27] LOG:  checkpoint complete: wrote 1569 buffers (9.6%); 0 WAL file(s) added, 4 removed, 31 recycled; write=2.190 s, sync=0.652 s, total=3.316 s; sync files=6, longest=0.542 s, average=0.109 s; distance=569350 kB, estimate=585221 kB; lsn=6A/B44030D8, redo lsn=6A/9438B680
2026-09-26 19:18:31.955 UTC [27] LOG:  checkpoints are occurring too frequently (3 seconds apart)
2026-09-26 19:18:31.955 UTC [27] HINT:  Consider increasing the configuration parameter "max_wal_size".
2026-09-26 19:18:31.955 UTC [27] LOG:  checkpoint starting: wal
2026-09-26 19:18:35.137 UTC [27] LOG:  checkpoint complete: wrote 1574 buffers (9.6%); 0 WAL file(s) added, 3 removed, 32 recycled; write=1.989 s, sync=0.724 s, total=3.183 s; sync files=5, longest=0.638 s, average=0.146 s; distance=573903 kB, estimate=584090 kB; lsn=6A/D6F38198, redo lsn=6A/B73FF658
2026-09-26 19:18:35.137 UTC [27] LOG:  checkpoints are occurring too frequently (4 seconds apart)
2026-09-26 19:18:35.137 UTC [27] HINT:  Consider increasing the configuration parameter "max_wal_size".
2026-09-26 19:18:35.139 UTC [27] LOG:  checkpoint starting: wal
2026-09-26 19:18:38.212 UTC [27] LOG:  checkpoint complete: wrote 1736 buffers (10.6%); 0 WAL file(s) added, 2 removed, 33 recycled; write=2.498 s, sync=0.090 s, total=3.075 s; sync files=5, longest=0.049 s, average=0.018 s; distance=573704 kB, estimate=583051 kB; lsn=6A/F883F940, redo lsn=6A/DA441820
2026-09-26 19:18:38.212 UTC [27] LOG:  checkpoints are occurring too frequently (3 seconds apart)
2026-09-26 19:18:38.212 UTC [27] HINT:  Consider increasing the configuration parameter "max_wal_size".
2026-09-26 19:18:38.212 UTC [27] LOG:  checkpoint starting: wal
2026-09-26 19:18:41.412 UTC [27] LOG:  checkpoint complete: wrote 1655 buffers (10.1%); 0 WAL file(s) added, 3 removed, 31 recycled; write=2.109 s, sync=0.655 s, total=3.200 s; sync files=5, longest=0.551 s, average=0.131 s; distance=567589 kB, estimate=581505 kB; lsn=6B/1C4022C0, redo lsn=6A/FCE8AFF8
2026-09-26 19:18:41.412 UTC [27] LOG:  checkpoints are occurring too frequently (3 seconds apart)
2026-09-26 19:18:41.412 UTC [27] HINT:  Consider increasing the configuration parameter "max_wal_size".
2026-09-26 19:18:41.412 UTC [27] LOG:  checkpoint starting: wal
2026-09-26 19:18:44.758 UTC [27] LOG:  checkpoint complete: wrote 1506 buffers (9.2%); 0 WAL file(s) added, 5 removed, 30 recycled; write=2.192 s, sync=0.697 s, total=3.347 s; sync files=6, longest=0.586 s, average=0.117 s; distance=573223 kB, estimate=580677 kB; lsn=6B/404016B0, redo lsn=6B/1FE54EB0
2026-09-26 19:18:44.758 UTC [27] LOG:  checkpoints are occurring too frequently (3 seconds apart)
2026-09-26 19:18:44.758 UTC [27] HINT:  Consider increasing the configuration parameter "max_wal_size".
2026-09-26 19:18:44.758 UTC [27] LOG:  checkpoint starting: wal
2026-09-26 19:18:48.024 UTC [27] LOG:  checkpoint complete: wrote 1553 buffers (9.5%); 0 WAL file(s) added, 5 removed, 31 recycled; write=2.168 s, sync=0.647 s, total=3.266 s; sync files=5, longest=0.551 s, average=0.130 s; distance=579939 kB, estimate=580603 kB; lsn=6B/63400920, redo lsn=6B/434ADB20
2026-09-26 19:18:48.024 UTC [27] LOG:  checkpoints are occurring too frequently (4 seconds apart)
2026-09-26 19:18:48.024 UTC [27] HINT:  Consider increasing the configuration parameter "max_wal_size".
2026-09-26 19:18:48.024 UTC [27] LOG:  checkpoint starting: wal
2026-09-26 19:18:51.284 UTC [27] LOG:  checkpoint complete: wrote 1464 buffers (8.9%); 0 WAL file(s) added, 3 removed, 32 recycled; write=2.089 s, sync=0.671 s, total=3.260 s; sync files=5, longest=0.557 s, average=0.135 s; distance=574791 kB, estimate=580022 kB; lsn=6B/85401F80, redo lsn=6B/665FFA78
2026-09-26 19:18:51.284 UTC [27] LOG:  checkpoints are occurring too frequently (3 seconds apart)
2026-09-26 19:18:51.284 UTC [27] HINT:  Consider increasing the configuration parameter "max_wal_size".
2026-09-26 19:18:51.284 UTC [27] LOG:  checkpoint starting: wal
2026-09-26 19:18:57.727 UTC [27] LOG:  checkpoint complete: wrote 2380 buffers (14.5%); 0 WAL file(s) added, 3 removed, 32 recycled; write=2.071 s, sync=3.920 s, total=6.443 s; sync files=5, longest=3.819 s, average=0.784 s; distance=571678 kB, estimate=579187 kB; lsn=6B/A8400C50, redo lsn=6B/894473E8
2026-09-26 19:18:57.727 UTC [27] LOG:  checkpoints are occurring too frequently (6 seconds apart)
2026-09-26 19:18:57.727 UTC [27] HINT:  Consider increasing the configuration parameter "max_wal_size".
2026-09-26 19:18:57.727 UTC [27] LOG:  checkpoint starting: wal
2026-09-26 19:19:53.441 UTC [27] LOG:  checkpoint complete: wrote 1693 buffers (10.3%); 0 WAL file(s) added, 5 removed, 30 recycled; write=54.669 s, sync=0.545 s, total=55.714 s; sync files=79, longest=0.237 s, average=0.007 s; distance=569524 kB, estimate=578221 kB; lsn=6B/CD64EAA0, redo lsn=6B/AC074568
2026-09-26 19:19:53.441 UTC [27] LOG:  checkpoint starting: wal
2026-09-26 19:19:56.271 UTC [27] LOG:  checkpoint complete: wrote 1938 buffers (11.8%); 0 WAL file(s) added, 8 removed, 30 recycled; write=2.291 s, sync=0.428 s, total=2.830 s; sync files=16, longest=0.353 s, average=0.027 s; distance=634410 kB, estimate=634410 kB; lsn=6B/F34F5A08, redo lsn=6B/D2BFEFA8
2026-09-26 19:19:56.271 UTC [27] LOG:  checkpoints are occurring too frequently (3 seconds apart)
2026-09-26 19:19:56.271 UTC [27] HINT:  Consider increasing the configuration parameter "max_wal_size".
2026-09-26 19:19:56.271 UTC [27] LOG:  checkpoint starting: wal
2026-09-26 19:19:58.689 UTC [27] LOG:  checkpoint complete: wrote 1634 buffers (10.0%); 0 WAL file(s) added, 4 removed, 30 recycled; write=1.787 s, sync=0.557 s, total=2.418 s; sync files=8, longest=0.484 s, average=0.070 s; distance=546054 kB, estimate=625574 kB; lsn=6C/1549D4C8, redo lsn=6B/F4140860
2026-09-26 19:19:58.689 UTC [27] LOG:  checkpoints are occurring too frequently (2 seconds apart)
2026-09-26 19:19:58.689 UTC [27] HINT:  Consider increasing the configuration parameter "max_wal_size".
2026-09-26 19:19:58.689 UTC [27] LOG:  checkpoint starting: wal
2026-09-26 19:20:00.957 UTC [27] LOG:  checkpoint complete: wrote 1628 buffers (9.9%); 0 WAL file(s) added, 3 removed, 30 recycled; write=1.756 s, sync=0.439 s, total=2.268 s; sync files=8, longest=0.378 s, average=0.055 s; distance=555666 kB, estimate=618584 kB; lsn=6C/36E2B440, redo lsn=6C/15FE5428
2026-09-26 19:20:00.957 UTC [27] LOG:  checkpoints are occurring too frequently (2 seconds apart)
2026-09-26 19:20:00.957 UTC [27] HINT:  Consider increasing the configuration parameter "max_wal_size".
2026-09-26 19:20:00.957 UTC [27] LOG:  checkpoint starting: wal
2026-09-26 19:20:03.177 UTC [27] LOG:  checkpoint complete: wrote 1620 buffers (9.9%); 0 WAL file(s) added, 4 removed, 30 recycled; write=1.767 s, sync=0.377 s, total=2.221 s; sync files=7, longest=0.307 s, average=0.054 s; distance=550967 kB, estimate=611822 kB; lsn=6C/584052C0, redo lsn=6C/379F3410
2026-09-26 19:20:03.178 UTC [27] LOG:  checkpoints are occurring too frequently (3 seconds apart)
2026-09-26 19:20:03.178 UTC [27] HINT:  Consider increasing the configuration parameter "max_wal_size".
2026-09-26 19:20:03.178 UTC [27] LOG:  checkpoint starting: wal
2026-09-26 19:20:05.355 UTC [27] LOG:  checkpoint complete: wrote 1589 buffers (9.7%); 0 WAL file(s) added, 3 removed, 31 recycled; write=1.689 s, sync=0.401 s, total=2.178 s; sync files=7, longest=0.343 s, average=0.058 s; distance=549009 kB, estimate=605541 kB; lsn=6C/79258B78, redo lsn=6C/59217900
2026-09-26 19:20:05.393 UTC [27] LOG:  checkpoints are occurring too frequently (2 seconds apart)
2026-09-26 19:20:05.393 UTC [27] HINT:  Consider increasing the configuration parameter "max_wal_size".
2026-09-26 19:20:05.393 UTC [27] LOG:  checkpoint starting: wal
2026-09-26 19:20:08.484 UTC [27] LOG:  checkpoint complete: wrote 1650 buffers (10.1%); 0 WAL file(s) added, 2 removed, 31 recycled; write=1.926 s, sync=0.719 s, total=3.092 s; sync files=8, longest=0.525 s, average=0.090 s; distance=542625 kB, estimate=599249 kB; lsn=6C/9A40CE98, redo lsn=6C/7A4000A0
2026-09-26 19:20:08.484 UTC [27] LOG:  checkpoints are occurring too frequently (3 seconds apart)
2026-09-26 19:20:08.484 UTC [27] HINT:  Consider increasing the configuration parameter "max_wal_size".
2026-09-26 19:20:08.484 UTC [27] LOG:  checkpoint starting: wal
2026-09-26 19:20:11.832 UTC [27] LOG:  checkpoint complete: wrote 2015 buffers (12.3%); 0 WAL file(s) added, 4 removed, 32 recycled; write=2.042 s, sync=0.775 s, total=3.348 s; sync files=7, longest=0.576 s, average=0.111 s; distance=586627 kB, estimate=597987 kB; lsn=6C/BD402EC8, redo lsn=6C/9E0E1010
2026-09-26 19:20:11.832 UTC [27] LOG:  checkpoints are occurring too frequently (3 seconds apart)
2026-09-26 19:20:11.832 UTC [27] HINT:  Consider increasing the configuration parameter "max_wal_size".
2026-09-26 19:20:11.832 UTC [27] LOG:  checkpoint starting: wal
2026-09-26 19:20:15.216 UTC [27] LOG:  checkpoint complete: wrote 2076 buffers (12.7%); 0 WAL file(s) added, 4 removed, 31 recycled; write=2.093 s, sync=0.837 s, total=3.384 s; sync files=7, longest=0.574 s, average=0.120 s; distance=577259 kB, estimate=595914 kB; lsn=6C/E1403F78, redo lsn=6C/C149BE30
2026-09-26 19:20:15.216 UTC [27] LOG:  checkpoints are occurring too frequently (4 seconds apart)
2026-09-26 19:20:15.216 UTC [27] HINT:  Consider increasing the configuration parameter "max_wal_size".
2026-09-26 19:20:15.216 UTC [27] LOG:  checkpoint starting: wal
2026-09-26 19:20:18.700 UTC [27] LOG:  checkpoint complete: wrote 1742 buffers (10.6%); 0 WAL file(s) added, 5 removed, 31 recycled; write=2.180 s, sync=0.847 s, total=3.485 s; sync files=8, longest=0.619 s, average=0.106 s; distance=585794 kB, estimate=594902 kB; lsn=6D/5806DB8, redo lsn=6C/E50AC900
2026-09-26 19:20:18.701 UTC [27] LOG:  checkpoints are occurring too frequently (3 seconds apart)
2026-09-26 19:20:18.701 UTC [27] HINT:  Consider increasing the configuration parameter "max_wal_size".
2026-09-26 19:20:18.701 UTC [27] LOG:  checkpoint starting: wal
2026-09-26 19:20:22.127 UTC [27] LOG:  checkpoint complete: wrote 2108 buffers (12.9%); 0 WAL file(s) added, 5 removed, 31 recycled; write=2.166 s, sync=0.800 s, total=3.427 s; sync files=7, longest=0.570 s, average=0.115 s; distance=589521 kB, estimate=594364 kB; lsn=6D/29406090, redo lsn=6D/90610E8
2026-09-26 19:20:22.127 UTC [27] LOG:  checkpoints are occurring too frequently (4 seconds apart)
2026-09-26 19:20:22.127 UTC [27] HINT:  Consider increasing the configuration parameter "max_wal_size".
2026-09-26 19:20:22.127 UTC [27] LOG:  checkpoint starting: wal
2026-09-26 19:20:25.873 UTC [27] LOG:  checkpoint complete: wrote 2143 buffers (13.1%); 0 WAL file(s) added, 5 removed, 30 recycled; write=2.832 s, sync=0.481 s, total=3.747 s; sync files=7, longest=0.271 s, average=0.069 s; distance=584009 kB, estimate=593329 kB; lsn=6D/4D402AF8, redo lsn=6D/2CAB3888
2026-09-26 19:20:25.873 UTC [27] LOG:  checkpoints are occurring too frequently (3 seconds apart)
2026-09-26 19:20:25.873 UTC [27] HINT:  Consider increasing the configuration parameter "max_wal_size".
2026-09-26 19:20:25.873 UTC [27] LOG:  checkpoint starting: wal
2026-09-26 19:20:29.312 UTC [27] LOG:  checkpoint complete: wrote 2103 buffers (12.8%); 0 WAL file(s) added, 5 removed, 31 recycled; write=2.177 s, sync=0.810 s, total=3.439 s; sync files=7, longest=0.618 s, average=0.116 s; distance=586625 kB, estimate=592658 kB; lsn=6D/70405DB8, redo lsn=6D/50794018
2026-09-26 19:20:29.312 UTC [27] LOG:  checkpoints are occurring too frequently (4 seconds apart)
2026-09-26 19:20:29.312 UTC [27] HINT:  Consider increasing the configuration parameter "max_wal_size".
2026-09-26 19:20:29.312 UTC [27] LOG:  checkpoint starting: wal
2026-09-26 19:20:32.766 UTC [27] LOG:  checkpoint complete: wrote 2045 buffers (12.5%); 0 WAL file(s) added, 4 removed, 31 recycled; write=2.115 s, sync=0.869 s, total=3.455 s; sync files=8, longest=0.618 s, average=0.109 s; distance=574965 kB, estimate=590889 kB; lsn=6D/93407AA0, redo lsn=6D/739117E0
2026-09-26 19:20:32.767 UTC [27] LOG:  checkpoints are occurring too frequently (3 seconds apart)
2026-09-26 19:20:32.767 UTC [27] HINT:  Consider increasing the configuration parameter "max_wal_size".
2026-09-26 19:20:32.767 UTC [27] LOG:  checkpoint starting: wal
2026-09-26 19:20:36.139 UTC [27] LOG:  checkpoint complete: wrote 2132 buffers (13.0%); 0 WAL file(s) added, 5 removed, 30 recycled; write=2.135 s, sync=0.749 s, total=3.373 s; sync files=7, longest=0.558 s, average=0.107 s; distance=578267 kB, estimate=589627 kB; lsn=6D/B7402CB8, redo lsn=6D/96DC8768
2026-09-26 19:20:36.139 UTC [27] LOG:  checkpoints are occurring too frequently (4 seconds apart)
2026-09-26 19:20:36.139 UTC [27] HINT:  Consider increasing the configuration parameter "max_wal_size".
2026-09-26 19:20:36.139 UTC [27] LOG:  checkpoint starting: wal
2026-09-26 19:20:39.620 UTC [27] LOG:  checkpoint complete: wrote 1869 buffers (11.4%); 0 WAL file(s) added, 5 removed, 31 recycled; write=2.208 s, sync=0.814 s, total=3.482 s; sync files=7, longest=0.597 s, average=0.117 s; distance=584718 kB, estimate=589136 kB; lsn=6D/DA403410, redo lsn=6D/BA8CC2B8
2026-09-26 19:20:39.621 UTC [27] LOG:  checkpoints are occurring too frequently (3 seconds apart)
2026-09-26 19:20:39.621 UTC [27] HINT:  Consider increasing the configuration parameter "max_wal_size".
2026-09-26 19:20:39.621 UTC [27] LOG:  checkpoint starting: wal
2026-09-26 19:20:43.030 UTC [27] LOG:  checkpoint complete: wrote 1951 buffers (11.9%); 0 WAL file(s) added, 4 removed, 31 recycled; write=2.132 s, sync=0.753 s, total=3.410 s; sync files=8, longest=0.522 s, average=0.095 s; distance=572496 kB, estimate=587472 kB; lsn=6D/FD408070, redo lsn=6D/DD7E0668
2026-09-26 19:20:43.031 UTC [27] LOG:  checkpoints are occurring too frequently (4 seconds apart)
2026-09-26 19:20:43.031 UTC [27] HINT:  Consider increasing the configuration parameter "max_wal_size".
2026-09-26 19:20:43.034 UTC [27] LOG:  checkpoint starting: wal
2026-09-26 19:20:47.210 UTC [27] LOG:  checkpoint complete: wrote 1989 buffers (12.1%); 0 WAL file(s) added, 4 removed, 32 recycled; write=2.866 s, sync=0.860 s, total=4.180 s; sync files=8, longest=0.418 s, average=0.108 s; distance=582270 kB, estimate=586952 kB; lsn=6E/205B1858, redo lsn=6E/107FFE0
2026-09-26 19:20:47.210 UTC [27] LOG:  checkpoints are occurring too frequently (4 seconds apart)
2026-09-26 19:20:47.210 UTC [27] HINT:  Consider increasing the configuration parameter "max_wal_size".
2026-09-26 19:20:47.216 UTC [27] LOG:  checkpoint starting: wal
2026-09-26 19:21:19.121 UTC [27] LOG:  checkpoint complete: wrote 988 buffers (6.0%); 0 WAL file(s) added, 0 removed, 32 recycled; write=31.112 s, sync=0.372 s, total=31.911 s; sync files=13, longest=0.253 s, average=0.029 s; distance=539792 kB, estimate=582236 kB; lsn=6E/3FB96028, redo lsn=6E/21FA4190
2026-09-26 19:21:27.211 UTC [27] LOG:  checkpoint starting: wal
2026-09-26 19:21:30.860 UTC [27] LOG:  checkpoint complete: wrote 1006 buffers (6.1%); 0 WAL file(s) added, 1 removed, 32 recycled; write=2.750 s, sync=0.421 s, total=3.649 s; sync files=10, longest=0.364 s, average=0.042 s; distance=528797 kB, estimate=576892 kB; lsn=6E/61D81820, redo lsn=6E/4240B900
2026-09-26 19:21:30.860 UTC [27] LOG:  checkpoints are occurring too frequently (3 seconds apart)
2026-09-26 19:21:30.860 UTC [27] HINT:  Consider increasing the configuration parameter "max_wal_size".
2026-09-26 19:21:30.860 UTC [27] LOG:  checkpoint starting: wal
2026-09-26 19:21:34.156 UTC [27] LOG:  checkpoint complete: wrote 2123 buffers (13.0%); 0 WAL file(s) added, 5 removed, 31 recycled; write=2.147 s, sync=0.681 s, total=3.296 s; sync files=5, longest=0.548 s, average=0.137 s; distance=595818 kB, estimate=595818 kB; lsn=6E/864006A0, redo lsn=6E/669E6160
2026-09-26 19:21:34.156 UTC [27] LOG:  checkpoints are occurring too frequently (4 seconds apart)
2026-09-26 19:21:34.156 UTC [27] HINT:  Consider increasing the configuration parameter "max_wal_size".
2026-09-26 19:21:34.156 UTC [27] LOG:  checkpoint starting: wal
2026-09-26 19:21:37.439 UTC [27] LOG:  checkpoint complete: wrote 2241 buffers (13.7%); 0 WAL file(s) added, 4 removed, 32 recycled; write=2.218 s, sync=0.617 s, total=3.284 s; sync files=5, longest=0.540 s, average=0.124 s; distance=589361 kB, estimate=595172 kB; lsn=6E/A9AFB120, redo lsn=6E/8A972690
2026-09-26 19:21:37.439 UTC [27] LOG:  checkpoints are occurring too frequently (3 seconds apart)
2026-09-26 19:21:37.439 UTC [27] HINT:  Consider increasing the configuration parameter "max_wal_size".
2026-09-26 19:21:37.439 UTC [27] LOG:  checkpoint starting: wal
2026-09-26 19:21:43.816 UTC [27] LOG:  checkpoint complete: wrote 2104 buffers (12.8%); 0 WAL file(s) added, 5 removed, 31 recycled; write=2.223 s, sync=3.659 s, total=6.377 s; sync files=6, longest=3.519 s, average=0.610 s; distance=584200 kB, estimate=594075 kB; lsn=6E/CE403100, redo lsn=6E/AE3F4A88
2026-09-26 19:21:43.817 UTC [27] LOG:  checkpoints are occurring too frequently (6 seconds apart)
2026-09-26 19:21:43.817 UTC [27] HINT:  Consider increasing the configuration parameter "max_wal_size".
2026-09-26 19:21:43.834 UTC [27] LOG:  checkpoint starting: wal
2026-09-26 19:21:47.077 UTC [27] LOG:  checkpoint complete: wrote 1892 buffers (11.5%); 0 WAL file(s) added, 5 removed, 31 recycled; write=2.176 s, sync=0.653 s, total=3.261 s; sync files=5, longest=0.548 s, average=0.131 s; distance=599745 kB, estimate=599745 kB; lsn=6E/F2403090, redo lsn=6E/D2DA5100
2026-09-26 19:21:47.077 UTC [27] LOG:  checkpoints are occurring too frequently (4 seconds apart)
2026-09-26 19:21:47.077 UTC [27] HINT:  Consider increasing the configuration parameter "max_wal_size".
2026-09-26 19:21:47.077 UTC [27] LOG:  checkpoint starting: wal
2026-09-26 19:21:50.480 UTC [27] LOG:  checkpoint complete: wrote 2160 buffers (13.2%); 0 WAL file(s) added, 6 removed, 30 recycled; write=2.197 s, sync=0.701 s, total=3.404 s; sync files=5, longest=0.587 s, average=0.141 s; distance=584008 kB, estimate=598171 kB; lsn=6F/174018F8, redo lsn=6E/F67F7480
2026-09-26 19:21:50.481 UTC [27] LOG:  checkpoints are occurring too frequently (3 seconds apart)
2026-09-26 19:21:50.481 UTC [27] HINT:  Consider increasing the configuration parameter "max_wal_size".
2026-09-26 19:21:50.481 UTC [27] LOG:  checkpoint starting: wal
2026-09-26 19:21:53.912 UTC [27] LOG:  checkpoint complete: wrote 1552 buffers (9.5%); 0 WAL file(s) added, 6 removed, 31 recycled; write=2.174 s, sync=0.757 s, total=3.432 s; sync files=5, longest=0.606 s, average=0.152 s; distance=601198 kB, estimate=601198 kB; lsn=6F/3B402E58, redo lsn=6F/1B312DD8
2026-09-26 19:21:53.913 UTC [27] LOG:  checkpoints are occurring too frequently (3 seconds apart)
2026-09-26 19:21:53.913 UTC [27] HINT:  Consider increasing the configuration parameter "max_wal_size".
2026-09-26 19:21:53.913 UTC [27] LOG:  checkpoint starting: wal
2026-09-26 19:21:57.143 UTC [27] LOG:  checkpoint complete: wrote 1482 buffers (9.0%); 0 WAL file(s) added, 5 removed, 30 recycled; write=2.148 s, sync=0.657 s, total=3.230 s; sync files=6, longest=0.547 s, average=0.110 s; distance=584084 kB, estimate=599486 kB; lsn=6F/5F400BC0, redo lsn=6F/3ED77E70
2026-09-26 19:21:57.143 UTC [27] LOG:  checkpoints are occurring too frequently (4 seconds apart)
2026-09-26 19:21:57.143 UTC [27] HINT:  Consider increasing the configuration parameter "max_wal_size".
2026-09-26 19:21:57.143 UTC [27] LOG:  checkpoint starting: wal
2026-09-26 19:22:00.241 UTC [27] LOG:  checkpoint complete: wrote 1825 buffers (11.1%); 0 WAL file(s) added, 3 removed, 33 recycled; write=2.287 s, sync=0.371 s, total=3.098 s; sync files=5, longest=0.343 s, average=0.075 s; distance=578920 kB, estimate=597430 kB; lsn=6F/80D26768, redo lsn=6F/622D2158
2026-09-26 19:22:00.241 UTC [27] LOG:  checkpoints are occurring too frequently (3 seconds apart)
2026-09-26 19:22:00.241 UTC [27] HINT:  Consider increasing the configuration parameter "max_wal_size".
2026-09-26 19:22:00.263 UTC [27] LOG:  checkpoint starting: wal
2026-09-26 19:22:03.580 UTC [27] LOG:  checkpoint complete: wrote 1649 buffers (10.1%); 0 WAL file(s) added, 4 removed, 31 recycled; write=2.076 s, sync=0.731 s, total=3.340 s; sync files=5, longest=0.606 s, average=0.147 s; distance=572647 kB, estimate=594952 kB; lsn=6F/A54018F0, redo lsn=6F/8520C0F0
2026-09-26 19:22:03.580 UTC [27] LOG:  checkpoints are occurring too frequently (3 seconds apart)
2026-09-26 19:22:03.580 UTC [27] HINT:  Consider increasing the configuration parameter "max_wal_size".
2026-09-26 19:22:03.580 UTC [27] LOG:  checkpoint starting: wal
2026-09-26 19:22:06.833 UTC [27] LOG:  checkpoint complete: wrote 1563 buffers (9.5%); 0 WAL file(s) added, 4 removed, 32 recycled; write=2.122 s, sync=0.629 s, total=3.253 s; sync files=5, longest=0.506 s, average=0.126 s; distance=587989 kB, estimate=594255 kB; lsn=6F/C8400FF0, redo lsn=6F/A90418E8
2026-09-26 19:22:06.834 UTC [27] LOG:  checkpoints are occurring too frequently (3 seconds apart)
2026-09-26 19:22:06.834 UTC [27] HINT:  Consider increasing the configuration parameter "max_wal_size".
2026-09-26 19:22:06.834 UTC [27] LOG:  checkpoint starting: wal
2026-09-26 19:22:13.105 UTC [27] LOG:  checkpoint complete: wrote 1435 buffers (8.8%); 0 WAL file(s) added, 3 removed, 32 recycled; write=2.079 s, sync=3.700 s, total=6.272 s; sync files=6, longest=3.552 s, average=0.617 s; distance=580291 kB, estimate=592859 kB; lsn=6F/EB401500, redo lsn=6F/CC6F2540
2026-09-26 19:22:13.105 UTC [27] LOG:  checkpoints are occurring too frequently (7 seconds apart)
2026-09-26 19:22:13.105 UTC [27] HINT:  Consider increasing the configuration parameter "max_wal_size".
2026-09-26 19:22:13.105 UTC [27] LOG:  checkpoint starting: wal
2026-09-26 19:22:16.427 UTC [27] LOG:  checkpoint complete: wrote 1509 buffers (9.2%); 0 WAL file(s) added, 6 removed, 29 recycled; write=2.202 s, sync=0.696 s, total=3.322 s; sync files=5, longest=0.574 s, average=0.140 s; distance=580547 kB, estimate=591628 kB; lsn=70/11402AB8, redo lsn=6F/EFDE3170
2026-09-26 19:22:16.427 UTC [27] LOG:  checkpoints are occurring too frequently (3 seconds apart)
2026-09-26 19:22:16.427 UTC [27] HINT:  Consider increasing the configuration parameter "max_wal_size".
2026-09-26 19:22:16.427 UTC [27] LOG:  checkpoint starting: wal
2026-09-26 19:22:19.801 UTC [27] LOG:  checkpoint complete: wrote 1449 buffers (8.8%); 0 WAL file(s) added, 6 removed, 31 recycled; write=2.171 s, sync=0.720 s, total=3.374 s; sync files=5, longest=0.592 s, average=0.144 s; distance=592910 kB, estimate=592910 kB; lsn=70/344011F8, redo lsn=70/140E6C20
2026-09-26 19:22:19.801 UTC [27] LOG:  checkpoints are occurring too frequently (3 seconds apart)
2026-09-26 19:22:19.801 UTC [27] HINT:  Consider increasing the configuration parameter "max_wal_size".
2026-09-26 19:22:19.801 UTC [27] LOG:  checkpoint starting: wal
2026-09-26 19:22:23.029 UTC [27] LOG:  checkpoint complete: wrote 1573 buffers (9.6%); 0 WAL file(s) added, 4 removed, 31 recycled; write=2.093 s, sync=0.687 s, total=3.228 s; sync files=5, longest=0.568 s, average=0.138 s; distance=581722 kB, estimate=591791 kB; lsn=70/57A3AFC8, redo lsn=70/378FD7D8
2026-09-26 19:22:23.029 UTC [27] LOG:  checkpoints are occurring too frequently (4 seconds apart)
2026-09-26 19:22:23.029 UTC [27] HINT:  Consider increasing the configuration parameter "max_wal_size".
2026-09-26 19:22:23.029 UTC [27] LOG:  checkpoint starting: wal
2026-09-26 19:22:26.230 UTC [27] LOG:  checkpoint complete: wrote 1403 buffers (8.6%); 0 WAL file(s) added, 4 removed, 32 recycled; write=2.073 s, sync=0.652 s, total=3.201 s; sync files=6, longest=0.519 s, average=0.109 s; distance=580863 kB, estimate=590699 kB; lsn=70/7A400788, redo lsn=70/5B03D650
2026-09-26 19:22:26.230 UTC [27] LOG:  checkpoints are occurring too frequently (3 seconds apart)
2026-09-26 19:22:26.230 UTC [27] HINT:  Consider increasing the configuration parameter "max_wal_size".
2026-09-26 19:22:26.230 UTC [27] LOG:  checkpoint starting: wal
2026-09-26 19:22:58.351 UTC [1151] ERROR:  canceling autovacuum task
2026-09-26 19:22:58.351 UTC [1151] CONTEXT:  automatic analyze of table "energia_db.silver.tbl_fatura"
2026-09-26 19:23:20.686 UTC [27] LOG:  checkpoint complete: wrote 1361 buffers (8.3%); 0 WAL file(s) added, 6 removed, 29 recycled; write=53.429 s, sync=0.555 s, total=54.456 s; sync files=79, longest=0.225 s, average=0.008 s; distance=582927 kB, estimate=589921 kB; lsn=70/A0402EA8, redo lsn=70/7E981450
2026-09-26 19:23:20.686 UTC [27] LOG:  checkpoint starting: wal
2026-09-26 19:23:23.480 UTC [27] LOG:  checkpoint complete: wrote 1898 buffers (11.6%); 0 WAL file(s) added, 7 removed, 32 recycled; write=2.217 s, sync=0.473 s, total=2.795 s; sync files=8, longest=0.428 s, average=0.060 s; distance=632128 kB, estimate=632128 kB; lsn=70/C4A41850, redo lsn=70/A52D14E8
2026-09-26 19:23:23.547 UTC [27] LOG:  checkpoints are occurring too frequently (3 seconds apart)
2026-09-26 19:23:23.547 UTC [27] HINT:  Consider increasing the configuration parameter "max_wal_size".
2026-09-26 19:23:23.547 UTC [27] LOG:  checkpoint starting: wal
2026-09-26 19:23:25.772 UTC [27] LOG:  checkpoint complete: wrote 1561 buffers (9.5%); 0 WAL file(s) added, 3 removed, 30 recycled; write=1.673 s, sync=0.478 s, total=2.226 s; sync files=6, longest=0.437 s, average=0.080 s; distance=540708 kB, estimate=622986 kB; lsn=70/E7B608F0, redo lsn=70/C62DA500
2026-09-26 19:23:25.772 UTC [27] LOG:  checkpoints are occurring too frequently (2 seconds apart)
2026-09-26 19:23:25.772 UTC [27] HINT:  Consider increasing the configuration parameter "max_wal_size".
2026-09-26 19:23:25.772 UTC [27] LOG:  checkpoint starting: wal
2026-09-26 19:23:27.834 UTC [27] LOG:  checkpoint complete: wrote 1637 buffers (10.0%); 0 WAL file(s) added, 3 removed, 31 recycled; write=1.706 s, sync=0.283 s, total=2.062 s; sync files=5, longest=0.243 s, average=0.057 s; distance=561641 kB, estimate=616851 kB; lsn=71/8BED898, redo lsn=70/E8754CE8
2026-09-26 19:23:27.834 UTC [27] LOG:  checkpoints are occurring too frequently (2 seconds apart)
2026-09-26 19:23:27.834 UTC [27] HINT:  Consider increasing the configuration parameter "max_wal_size".
2026-09-26 19:23:27.834 UTC [27] LOG:  checkpoint starting: wal
2026-09-26 19:23:29.876 UTC [27] LOG:  checkpoint complete: wrote 1549 buffers (9.5%); 0 WAL file(s) added, 3 removed, 30 recycled; write=1.686 s, sync=0.271 s, total=2.042 s; sync files=5, longest=0.232 s, average=0.054 s; distance=541468 kB, estimate=609313 kB; lsn=71/2A268330, redo lsn=71/981C090
2026-09-26 19:23:29.876 UTC [27] LOG:  checkpoints are occurring too frequently (2 seconds apart)
2026-09-26 19:23:29.876 UTC [27] HINT:  Consider increasing the configuration parameter "max_wal_size".
2026-09-26 19:23:29.876 UTC [27] LOG:  checkpoint starting: wal
2026-09-26 19:23:31.878 UTC [27] LOG:  checkpoint complete: wrote 1633 buffers (10.0%); 0 WAL file(s) added, 2 removed, 31 recycled; write=1.675 s, sync=0.267 s, total=2.002 s; sync files=5, longest=0.227 s, average=0.054 s; distance=547011 kB, estimate=603083 kB; lsn=71/4A5B1658, redo lsn=71/2AE4D040
2026-09-26 19:23:31.898 UTC [27] LOG:  checkpoints are occurring too frequently (2 seconds apart)
2026-09-26 19:23:31.898 UTC [27] HINT:  Consider increasing the configuration parameter "max_wal_size".
2026-09-26 19:23:31.898 UTC [27] LOG:  checkpoint starting: wal
2026-09-26 19:23:34.138 UTC [27] LOG:  checkpoint complete: wrote 1544 buffers (9.4%); 0 WAL file(s) added, 3 removed, 30 recycled; write=1.689 s, sync=0.326 s, total=2.240 s; sync files=6, longest=0.275 s, average=0.055 s; distance=530128 kB, estimate=595787 kB; lsn=71/6C9BC218, redo lsn=71/4B401158
2026-09-26 19:23:34.138 UTC [27] LOG:  checkpoints are occurring too frequently (3 seconds apart)
2026-09-26 19:23:34.138 UTC [27] HINT:  Consider increasing the configuration parameter "max_wal_size".
2026-09-26 19:23:34.138 UTC [27] LOG:  checkpoint starting: wal
2026-09-26 19:23:37.334 UTC [27] LOG:  checkpoint complete: wrote 1859 buffers (11.3%); 0 WAL file(s) added, 4 removed, 31 recycled; write=2.151 s, sync=0.652 s, total=3.196 s; sync files=5, longest=0.515 s, average=0.131 s; distance=578112 kB, estimate=594020 kB; lsn=71/8E459E98, redo lsn=71/6E8913A0
2026-09-26 19:23:37.334 UTC [27] LOG:  checkpoints are occurring too frequently (3 seconds apart)
2026-09-26 19:23:37.334 UTC [27] HINT:  Consider increasing the configuration parameter "max_wal_size".
2026-09-26 19:23:37.335 UTC [27] LOG:  checkpoint starting: wal
2026-09-26 19:23:40.546 UTC [27] LOG:  checkpoint complete: wrote 2044 buffers (12.5%); 0 WAL file(s) added, 4 removed, 31 recycled; write=2.101 s, sync=0.714 s, total=3.212 s; sync files=5, longest=0.569 s, average=0.143 s; distance=573196 kB, estimate=591937 kB; lsn=71/B14C32F0, redo lsn=71/91854440
2026-09-26 19:23:40.546 UTC [27] LOG:  checkpoints are occurring too frequently (3 seconds apart)
2026-09-26 19:23:40.546 UTC [27] HINT:  Consider increasing the configuration parameter "max_wal_size".
2026-09-26 19:23:40.546 UTC [27] LOG:  checkpoint starting: wal
2026-09-26 19:23:43.813 UTC [27] LOG:  checkpoint complete: wrote 2015 buffers (12.3%); 0 WAL file(s) added, 5 removed, 30 recycled; write=2.199 s, sync=0.632 s, total=3.267 s; sync files=5, longest=0.512 s, average=0.127 s; distance=575656 kB, estimate=590309 kB; lsn=71/D54009C8, redo lsn=71/B4A7E6F0
2026-09-26 19:23:43.813 UTC [27] LOG:  checkpoints are occurring too frequently (3 seconds apart)
2026-09-26 19:23:43.813 UTC [27] HINT:  Consider increasing the configuration parameter "max_wal_size".
2026-09-26 19:23:43.813 UTC [27] LOG:  checkpoint starting: wal
2026-09-26 19:23:47.047 UTC [27] LOG:  checkpoint complete: wrote 1907 buffers (11.6%); 0 WAL file(s) added, 4 removed, 32 recycled; write=2.087 s, sync=0.695 s, total=3.235 s; sync files=6, longest=0.560 s, average=0.116 s; distance=587140 kB, estimate=589992 kB; lsn=71/F7BDC700, redo lsn=71/D87DF788
2026-09-26 19:23:47.048 UTC [27] LOG:  checkpoints are occurring too frequently (4 seconds apart)
2026-09-26 19:23:47.048 UTC [27] HINT:  Consider increasing the configuration parameter "max_wal_size".
2026-09-26 19:23:47.048 UTC [27] LOG:  checkpoint starting: wal
2026-09-26 19:23:50.262 UTC [27] LOG:  checkpoint complete: wrote 1749 buffers (10.7%); 0 WAL file(s) added, 3 removed, 32 recycled; write=2.034 s, sync=0.677 s, total=3.215 s; sync files=5, longest=0.550 s, average=0.136 s; distance=569102 kB, estimate=587903 kB; lsn=72/1A91D338, redo lsn=71/FB3A3368
2026-09-26 19:23:50.263 UTC [27] LOG:  checkpoints are occurring too frequently (3 seconds apart)
2026-09-26 19:23:50.263 UTC [27] HINT:  Consider increasing the configuration parameter "max_wal_size".
2026-09-26 19:23:50.263 UTC [27] LOG:  checkpoint starting: wal
2026-09-26 19:23:53.547 UTC [27] LOG:  checkpoint complete: wrote 2036 buffers (12.4%); 0 WAL file(s) added, 4 removed, 31 recycled; write=2.194 s, sync=0.678 s, total=3.285 s; sync files=6, longest=0.527 s, average=0.113 s; distance=579016 kB, estimate=587015 kB; lsn=72/3EA56888, redo lsn=72/1E915720
2026-09-26 19:23:53.547 UTC [27] LOG:  checkpoints are occurring too frequently (3 seconds apart)
2026-09-26 19:23:53.547 UTC [27] HINT:  Consider increasing the configuration parameter "max_wal_size".
2026-09-26 19:23:53.547 UTC [27] LOG:  checkpoint starting: wal
2026-09-26 19:23:56.973 UTC [27] LOG:  checkpoint complete: wrote 2096 buffers (12.8%); 0 WAL file(s) added, 5 removed, 30 recycled; write=2.198 s, sync=0.804 s, total=3.426 s; sync files=6, longest=0.559 s, average=0.134 s; distance=580505 kB, estimate=586364 kB; lsn=72/6245A280, redo lsn=72/41FFBD40
2026-09-26 19:23:56.973 UTC [27] LOG:  checkpoints are occurring too frequently (3 seconds apart)
2026-09-26 19:23:56.973 UTC [27] HINT:  Consider increasing the configuration parameter "max_wal_size".
2026-09-26 19:23:56.973 UTC [27] LOG:  checkpoint starting: wal
2026-09-26 19:24:00.298 UTC [27] LOG:  checkpoint complete: wrote 2152 buffers (13.1%); 0 WAL file(s) added, 4 removed, 32 recycled; write=2.102 s, sync=0.771 s, total=3.326 s; sync files=15, longest=0.594 s, average=0.052 s; distance=580705 kB, estimate=585798 kB; lsn=72/84CDDE40, redo lsn=72/65714378
2026-09-26 19:24:00.299 UTC [27] LOG:  checkpoints are occurring too frequently (4 seconds apart)
2026-09-26 19:24:00.299 UTC [27] HINT:  Consider increasing the configuration parameter "max_wal_size".
2026-09-26 19:24:00.299 UTC [27] LOG:  checkpoint starting: wal
2026-09-26 19:24:03.737 UTC [27] LOG:  checkpoint complete: wrote 2056 buffers (12.5%); 0 WAL file(s) added, 4 removed, 31 recycled; write=2.561 s, sync=0.422 s, total=3.439 s; sync files=5, longest=0.299 s, average=0.085 s; distance=570195 kB, estimate=584237 kB; lsn=72/A83FF250, redo lsn=72/883E90B0
2026-09-26 19:24:03.737 UTC [27] LOG:  checkpoints are occurring too frequently (3 seconds apart)
2026-09-26 19:24:03.737 UTC [27] HINT:  Consider increasing the configuration parameter "max_wal_size".
2026-09-26 19:24:03.737 UTC [27] LOG:  checkpoint starting: wal
2026-09-26 19:24:06.987 UTC [27] LOG:  checkpoint complete: wrote 1968 buffers (12.0%); 0 WAL file(s) added, 4 removed, 31 recycled; write=2.083 s, sync=0.686 s, total=3.250 s; sync files=5, longest=0.573 s, average=0.138 s; distance=577474 kB, estimate=583561 kB; lsn=72/CB19EC10, redo lsn=72/AB7D9A40
2026-09-26 19:24:06.987 UTC [27] LOG:  checkpoints are occurring too frequently (3 seconds apart)
2026-09-26 19:24:06.987 UTC [27] HINT:  Consider increasing the configuration parameter "max_wal_size".
2026-09-26 19:24:06.987 UTC [27] LOG:  checkpoint starting: wal
2026-09-26 19:24:10.317 UTC [27] LOG:  checkpoint complete: wrote 1886 buffers (11.5%); 0 WAL file(s) added, 4 removed, 31 recycled; write=2.118 s, sync=0.772 s, total=3.330 s; sync files=6, longest=0.600 s, average=0.129 s; distance=575405 kB, estimate=582746 kB; lsn=72/EE402390, redo lsn=72/CE9C5048
2026-09-26 19:24:10.317 UTC [27] LOG:  checkpoints are occurring too frequently (4 seconds apart)
2026-09-26 19:24:10.317 UTC [27] HINT:  Consider increasing the configuration parameter "max_wal_size".
2026-09-26 19:24:10.317 UTC [27] LOG:  checkpoint starting: wal
2026-09-26 19:24:33.429 UTC [27] LOG:  checkpoint complete: wrote 2232 buffers (13.6%); 0 WAL file(s) added, 2 removed, 33 recycled; write=22.662 s, sync=0.105 s, total=23.113 s; sync files=6, longest=0.103 s, average=0.018 s; distance=573081 kB, estimate=581779 kB; lsn=73/F54D2B0, redo lsn=72/F196B710
2026-09-26 19:24:47.308 UTC [27] LOG:  checkpoint starting: wal
2026-09-26 19:24:54.048 UTC [27] LOG:  checkpoint complete: wrote 977 buffers (6.0%); 0 WAL file(s) added, 0 removed, 33 recycled; write=6.044 s, sync=0.321 s, total=6.741 s; sync files=7, longest=0.288 s, average=0.046 s; distance=531190 kB, estimate=576720 kB; lsn=73/308A1658, redo lsn=73/120290E0
2026-09-26 19:24:54.221 UTC [27] LOG:  checkpoints are occurring too frequently (7 seconds apart)
2026-09-26 19:24:54.221 UTC [27] HINT:  Consider increasing the configuration parameter "max_wal_size".
2026-09-26 19:24:54.221 UTC [27] LOG:  checkpoint starting: wal
2026-09-26 19:24:57.207 UTC [27] LOG:  checkpoint complete: wrote 1529 buffers (9.3%); 0 WAL file(s) added, 2 removed, 31 recycled; write=1.920 s, sync=0.684 s, total=2.987 s; sync files=10, longest=0.557 s, average=0.069 s; distance=544665 kB, estimate=573515 kB; lsn=73/534008A8, redo lsn=73/3340F7D0
2026-09-26 19:24:57.207 UTC [27] LOG:  checkpoints are occurring too frequently (3 seconds apart)
2026-09-26 19:24:57.207 UTC [27] HINT:  Consider increasing the configuration parameter "max_wal_size".
2026-09-26 19:24:57.207 UTC [27] LOG:  checkpoint starting: wal
2026-09-26 19:25:00.458 UTC [27] LOG:  checkpoint complete: wrote 2420 buffers (14.8%); 0 WAL file(s) added, 4 removed, 30 recycled; write=2.042 s, sync=0.770 s, total=3.251 s; sync files=5, longest=0.644 s, average=0.154 s; distance=565215 kB, estimate=572685 kB; lsn=73/76402050, redo lsn=73/55C07680
2026-09-26 19:25:00.458 UTC [27] LOG:  checkpoints are occurring too frequently (3 seconds apart)
2026-09-26 19:25:00.458 UTC [27] HINT:  Consider increasing the configuration parameter "max_wal_size".
2026-09-26 19:25:00.458 UTC [27] LOG:  checkpoint starting: wal
2026-09-26 19:25:03.594 UTC [27] LOG:  checkpoint complete: wrote 1797 buffers (11.0%); 0 WAL file(s) added, 6 removed, 30 recycled; write=1.997 s, sync=0.705 s, total=3.137 s; sync files=6, longest=0.567 s, average=0.118 s; distance=582689 kB, estimate=582689 kB; lsn=73/9A4029B8, redo lsn=73/7950FDF0
2026-09-26 19:25:03.595 UTC [27] LOG:  checkpoints are occurring too frequently (3 seconds apart)
2026-09-26 19:25:03.595 UTC [27] HINT:  Consider increasing the configuration parameter "max_wal_size".
2026-09-26 19:25:03.595 UTC [27] LOG:  checkpoint starting: wal
2026-09-26 19:25:06.802 UTC [27] LOG:  checkpoint complete: wrote 1582 buffers (9.7%); 0 WAL file(s) added, 5 removed, 31 recycled; write=2.103 s, sync=0.684 s, total=3.208 s; sync files=5, longest=0.562 s, average=0.137 s; distance=586626 kB, estimate=586626 kB; lsn=73/BD401478, redo lsn=73/9D1F0628
2026-09-26 19:25:06.802 UTC [27] LOG:  checkpoints are occurring too frequently (3 seconds apart)
2026-09-26 19:25:06.802 UTC [27] HINT:  Consider increasing the configuration parameter "max_wal_size".
2026-09-26 19:25:06.802 UTC [27] LOG:  checkpoint starting: wal
2026-09-26 19:25:10.023 UTC [27] LOG:  checkpoint complete: wrote 1369 buffers (8.4%); 0 WAL file(s) added, 4 removed, 31 recycled; write=2.045 s, sync=0.711 s, total=3.221 s; sync files=5, longest=0.594 s, average=0.142 s; distance=583140 kB, estimate=586277 kB; lsn=73/E0400F98, redo lsn=73/C0B697A0
2026-09-26 19:25:10.023 UTC [27] LOG:  checkpoints are occurring too frequently (4 seconds apart)
2026-09-26 19:25:10.023 UTC [27] HINT:  Consider increasing the configuration parameter "max_wal_size".
2026-09-26 19:25:10.023 UTC [27] LOG:  checkpoint starting: wal
2026-09-26 19:25:13.386 UTC [27] LOG:  checkpoint complete: wrote 1609 buffers (9.8%); 0 WAL file(s) added, 5 removed, 31 recycled; write=2.196 s, sync=0.681 s, total=3.363 s; sync files=5, longest=0.545 s, average=0.137 s; distance=585047 kB, estimate=586154 kB; lsn=74/4403320, redo lsn=73/E46BF458
2026-09-26 19:25:13.386 UTC [27] LOG:  checkpoints are occurring too frequently (3 seconds apart)
2026-09-26 19:25:13.386 UTC [27] HINT:  Consider increasing the configuration parameter "max_wal_size".
2026-09-26 19:25:13.386 UTC [27] LOG:  checkpoint starting: wal
2026-09-26 19:25:19.797 UTC [27] LOG:  checkpoint complete: wrote 1531 buffers (9.3%); 0 WAL file(s) added, 4 removed, 32 recycled; write=5.299 s, sync=0.688 s, total=6.411 s; sync files=6, longest=0.575 s, average=0.115 s; distance=590841 kB, estimate=590841 kB; lsn=74/279FBF28, redo lsn=74/87BDA38
2026-09-26 19:25:19.797 UTC [27] LOG:  checkpoints are occurring too frequently (6 seconds apart)
2026-09-26 19:25:19.797 UTC [27] HINT:  Consider increasing the configuration parameter "max_wal_size".
2026-09-26 19:25:19.797 UTC [27] LOG:  checkpoint starting: wal
2026-09-26 19:25:23.216 UTC [27] LOG:  checkpoint complete: wrote 1553 buffers (9.5%); 0 WAL file(s) added, 6 removed, 30 recycled; write=2.168 s, sync=0.779 s, total=3.419 s; sync files=5, longest=0.617 s, average=0.156 s; distance=584161 kB, estimate=590173 kB; lsn=74/4D400C28, redo lsn=74/2C235FD8
2026-09-26 19:25:23.217 UTC [27] LOG:  checkpoints are occurring too frequently (4 seconds apart)
2026-09-26 19:25:23.217 UTC [27] HINT:  Consider increasing the configuration parameter "max_wal_size".
2026-09-26 19:25:23.217 UTC [27] LOG:  checkpoint starting: wal
2026-09-26 19:25:26.365 UTC [27] LOG:  checkpoint complete: wrote 1425 buffers (8.7%); 0 WAL file(s) added, 4 removed, 32 recycled; write=1.997 s, sync=0.656 s, total=3.149 s; sync files=5, longest=0.525 s, average=0.132 s; distance=595377 kB, estimate=595377 kB; lsn=74/6F4033E0, redo lsn=74/507A2768
2026-09-26 19:25:26.365 UTC [27] LOG:  checkpoints are occurring too frequently (3 seconds apart)
2026-09-26 19:25:26.365 UTC [27] HINT:  Consider increasing the configuration parameter "max_wal_size".
2026-09-26 19:25:26.365 UTC [27] LOG:  checkpoint starting: wal
2026-09-26 19:25:29.774 UTC [27] LOG:  checkpoint complete: wrote 1570 buffers (9.6%); 0 WAL file(s) added, 5 removed, 30 recycled; write=2.243 s, sync=0.747 s, total=3.409 s; sync files=5, longest=0.612 s, average=0.150 s; distance=581110 kB, estimate=593951 kB; lsn=74/944017C0, redo lsn=74/73F200A0
2026-09-26 19:25:29.774 UTC [27] LOG:  checkpoints are occurring too frequently (3 seconds apart)
2026-09-26 19:25:29.774 UTC [27] HINT:  Consider increasing the configuration parameter "max_wal_size".
2026-09-26 19:25:29.774 UTC [27] LOG:  checkpoint starting: wal
2026-09-26 19:25:33.096 UTC [27] LOG:  checkpoint complete: wrote 1461 buffers (8.9%); 0 WAL file(s) added, 6 removed, 31 recycled; write=2.065 s, sync=0.759 s, total=3.322 s; sync files=6, longest=0.624 s, average=0.127 s; distance=597768 kB, estimate=597768 kB; lsn=74/B8401238, redo lsn=74/986E2478
2026-09-26 19:25:33.096 UTC [27] LOG:  checkpoints are occurring too frequently (4 seconds apart)
2026-09-26 19:25:33.096 UTC [27] HINT:  Consider increasing the configuration parameter "max_wal_size".
2026-09-26 19:25:33.096 UTC [27] LOG:  checkpoint starting: wal
2026-09-26 19:25:36.428 UTC [27] LOG:  checkpoint complete: wrote 1676 buffers (10.2%); 0 WAL file(s) added, 5 removed, 31 recycled; write=2.321 s, sync=0.560 s, total=3.332 s; sync files=5, longest=0.434 s, average=0.112 s; distance=594256 kB, estimate=597417 kB; lsn=74/DC37D008, redo lsn=74/BCB36808
2026-09-26 19:25:36.428 UTC [27] LOG:  checkpoints are occurring too frequently (3 seconds apart)
2026-09-26 19:25:36.428 UTC [27] HINT:  Consider increasing the configuration parameter "max_wal_size".
2026-09-26 19:25:36.428 UTC [27] LOG:  checkpoint starting: wal
2026-09-26 19:25:39.892 UTC [27] LOG:  checkpoint complete: wrote 1545 buffers (9.4%); 0 WAL file(s) added, 5 removed, 31 recycled; write=2.285 s, sync=0.687 s, total=3.464 s; sync files=5, longest=0.553 s, average=0.138 s; distance=591105 kB, estimate=596786 kB; lsn=75/40EFE0, redo lsn=74/E0C76C50
2026-09-26 19:25:39.892 UTC [27] LOG:  checkpoints are occurring too frequently (3 seconds apart)
2026-09-26 19:25:39.892 UTC [27] HINT:  Consider increasing the configuration parameter "max_wal_size".
2026-09-26 19:25:39.892 UTC [27] LOG:  checkpoint starting: wal
2026-09-26 19:25:46.483 UTC [27] LOG:  checkpoint complete: wrote 1544 buffers (9.4%); 0 WAL file(s) added, 5 removed, 32 recycled; write=2.089 s, sync=3.949 s, total=6.592 s; sync files=5, longest=3.820 s, average=0.790 s; distance=597182 kB, estimate=597182 kB; lsn=75/24D27888, redo lsn=75/53A6800
2026-09-26 19:25:46.483 UTC [27] LOG:  checkpoints are occurring too frequently (7 seconds apart)
2026-09-26 19:25:46.483 UTC [27] HINT:  Consider increasing the configuration parameter "max_wal_size".
2026-09-26 19:25:46.483 UTC [27] LOG:  checkpoint starting: wal
2026-09-26 19:25:49.865 UTC [27] LOG:  checkpoint complete: wrote 1514 buffers (9.2%); 0 WAL file(s) added, 6 removed, 30 recycled; write=2.188 s, sync=0.727 s, total=3.383 s; sync files=6, longest=0.576 s, average=0.122 s; distance=596868 kB, estimate=597151 kB; lsn=75/4A6FF840, redo lsn=75/29A878A8
2026-09-26 19:25:49.866 UTC [27] LOG:  checkpoints are occurring too frequently (3 seconds apart)
2026-09-26 19:25:49.866 UTC [27] HINT:  Consider increasing the configuration parameter "max_wal_size".
2026-09-26 19:25:49.866 UTC [27] LOG:  checkpoint starting: wal
2026-09-26 19:25:53.241 UTC [27] LOG:  checkpoint complete: wrote 1378 buffers (8.4%); 0 WAL file(s) added, 6 removed, 31 recycled; write=2.127 s, sync=0.789 s, total=3.376 s; sync files=5, longest=0.629 s, average=0.158 s; distance=596588 kB, estimate=597095 kB; lsn=75/6E402890, redo lsn=75/4E122C18
2026-09-26 19:25:53.241 UTC [27] LOG:  checkpoints are occurring too frequently (4 seconds apart)
2026-09-26 19:25:53.241 UTC [27] HINT:  Consider increasing the configuration parameter "max_wal_size".
2026-09-26 19:25:53.241 UTC [27] LOG:  checkpoint starting: wal
2026-09-26 19:26:46.587 UTC [27] LOG:  checkpoint complete: wrote 1341 buffers (8.2%); 0 WAL file(s) added, 6 removed, 30 recycled; write=53.048 s, sync=0.172 s, total=53.346 s; sync files=79, longest=0.103 s, average=0.003 s; distance=592384 kB, estimate=596624 kB; lsn=75/9339CB00, redo lsn=75/723A2E38
2026-09-26 19:26:46.587 UTC [27] LOG:  checkpoint starting: wal
2026-09-26 19:26:48.654 UTC [27] LOG:  checkpoint complete: wrote 1607 buffers (9.8%); 0 WAL file(s) added, 4 removed, 30 recycled; write=1.678 s, sync=0.315 s, total=2.067 s; sync files=8, longest=0.269 s, average=0.040 s; distance=563502 kB, estimate=593311 kB; lsn=75/B5AD3690, redo lsn=75/949EE6A0
2026-09-26 19:26:48.654 UTC [27] LOG:  checkpoints are occurring too frequently (2 seconds apart)
2026-09-26 19:26:48.654 UTC [27] HINT:  Consider increasing the configuration parameter "max_wal_size".
2026-09-26 19:26:48.654 UTC [27] LOG:  checkpoint starting: wal
2026-09-26 19:26:50.686 UTC [27] LOG:  checkpoint complete: wrote 1630 buffers (9.9%); 0 WAL file(s) added, 2 removed, 32 recycled; write=1.601 s, sync=0.361 s, total=2.033 s; sync files=5, longest=0.309 s, average=0.073 s; distance=555386 kB, estimate=589519 kB; lsn=75/D5FF6738, redo lsn=75/B684D0F0
2026-09-26 19:26:50.726 UTC [27] LOG:  checkpoints are occurring too frequently (2 seconds apart)
2026-09-26 19:26:50.726 UTC [27] HINT:  Consider increasing the configuration parameter "max_wal_size".
2026-09-26 19:26:50.726 UTC [27] LOG:  checkpoint starting: wal
2026-09-26 19:26:53.015 UTC [27] LOG:  checkpoint complete: wrote 1584 buffers (9.7%); 0 WAL file(s) added, 3 removed, 30 recycled; write=1.685 s, sync=0.481 s, total=2.289 s; sync files=6, longest=0.426 s, average=0.081 s; distance=536296 kB, estimate=584197 kB; lsn=75/F81F96C8, redo lsn=75/D7407230
2026-09-26 19:26:53.015 UTC [27] LOG:  checkpoints are occurring too frequently (3 seconds apart)
2026-09-26 19:26:53.015 UTC [27] HINT:  Consider increasing the configuration parameter "max_wal_size".
2026-09-26 19:26:53.015 UTC [27] LOG:  checkpoint starting: wal
2026-09-26 19:26:55.099 UTC [27] LOG:  checkpoint complete: wrote 1644 buffers (10.0%); 0 WAL file(s) added, 3 removed, 31 recycled; write=1.664 s, sync=0.329 s, total=2.085 s; sync files=11, longest=0.266 s, average=0.030 s; distance=557092 kB, estimate=581486 kB; lsn=76/190155A8, redo lsn=75/F9410568
2026-09-26 19:26:55.139 UTC [27] LOG:  checkpoints are occurring too frequently (2 seconds apart)
2026-09-26 19:26:55.139 UTC [27] HINT:  Consider increasing the configuration parameter "max_wal_size".
2026-09-26 19:26:55.139 UTC [27] LOG:  checkpoint starting: wal
2026-09-26 19:26:57.863 UTC [27] LOG:  checkpoint complete: wrote 1654 buffers (10.1%); 0 WAL file(s) added, 2 removed, 31 recycled; write=1.661 s, sync=0.650 s, total=2.725 s; sync files=13, longest=0.474 s, average=0.050 s; distance=540611 kB, estimate=577399 kB; lsn=76/3A7A9138, redo lsn=76/1A401368
2026-09-26 19:26:57.863 UTC [27] LOG:  checkpoints are occurring too frequently (2 seconds apart)
2026-09-26 19:26:57.863 UTC [27] HINT:  Consider increasing the configuration parameter "max_wal_size".
2026-09-26 19:26:57.863 UTC [27] LOG:  checkpoint starting: wal
2026-09-26 19:27:01.081 UTC [27] LOG:  checkpoint complete: wrote 1810 buffers (11.0%); 0 WAL file(s) added, 5 removed, 30 recycled; write=2.142 s, sync=0.651 s, total=3.218 s; sync files=5, longest=0.494 s, average=0.131 s; distance=585351 kB, estimate=585351 kB; lsn=76/5E400630, redo lsn=76/3DFA3248
2026-09-26 19:27:01.081 UTC [27] LOG:  checkpoints are occurring too frequently (4 seconds apart)
2026-09-26 19:27:01.081 UTC [27] HINT:  Consider increasing the configuration parameter "max_wal_size".
2026-09-26 19:27:01.081 UTC [27] LOG:  checkpoint starting: wal
2026-09-26 19:27:04.477 UTC [27] LOG:  checkpoint complete: wrote 2009 buffers (12.3%); 0 WAL file(s) added, 5 removed, 31 recycled; write=2.062 s, sync=0.875 s, total=3.396 s; sync files=6, longest=0.715 s, average=0.146 s; distance=582214 kB, estimate=585037 kB; lsn=76/81403740, redo lsn=76/61834BE0
2026-09-26 19:27:04.477 UTC [27] LOG:  checkpoints are occurring too frequently (3 seconds apart)
2026-09-26 19:27:04.477 UTC [27] HINT:  Consider increasing the configuration parameter "max_wal_size".
2026-09-26 19:27:04.477 UTC [27] LOG:  checkpoint starting: wal
2026-09-26 19:27:07.708 UTC [27] LOG:  checkpoint complete: wrote 1981 buffers (12.1%); 0 WAL file(s) added, 5 removed, 30 recycled; write=2.096 s, sync=0.662 s, total=3.231 s; sync files=6, longest=0.492 s, average=0.111 s; distance=580747 kB, estimate=584608 kB; lsn=76/A5401A30, redo lsn=76/84F579A8
2026-09-26 19:27:07.708 UTC [27] LOG:  checkpoints are occurring too frequently (3 seconds apart)
2026-09-26 19:27:07.708 UTC [27] HINT:  Consider increasing the configuration parameter "max_wal_size".
2026-09-26 19:27:07.708 UTC [27] LOG:  checkpoint starting: wal
2026-09-26 19:27:11.060 UTC [27] LOG:  checkpoint complete: wrote 2190 buffers (13.4%); 0 WAL file(s) added, 6 removed, 30 recycled; write=2.212 s, sync=0.656 s, total=3.352 s; sync files=5, longest=0.530 s, average=0.131 s; distance=588920 kB, estimate=588920 kB; lsn=76/C9403118, redo lsn=76/A8E75D70
2026-09-26 19:27:11.061 UTC [27] LOG:  checkpoints are occurring too frequently (4 seconds apart)
2026-09-26 19:27:11.061 UTC [27] HINT:  Consider increasing the configuration parameter "max_wal_size".
2026-09-26 19:27:11.061 UTC [27] LOG:  checkpoint starting: wal
2026-09-26 19:27:14.402 UTC [27] LOG:  checkpoint complete: wrote 1867 buffers (11.4%); 0 WAL file(s) added, 6 removed, 30 recycled; write=2.170 s, sync=0.757 s, total=3.342 s; sync files=6, longest=0.574 s, average=0.127 s; distance=589519 kB, estimate=589519 kB; lsn=76/ED403D40, redo lsn=76/CCE29AB8
2026-09-26 19:27:14.403 UTC [27] LOG:  checkpoints are occurring too frequently (3 seconds apart)
2026-09-26 19:27:14.403 UTC [27] HINT:  Consider increasing the configuration parameter "max_wal_size".
2026-09-26 19:27:14.403 UTC [27] LOG:  checkpoint starting: wal
2026-09-26 19:27:17.619 UTC [27] LOG:  checkpoint complete: wrote 1852 buffers (11.3%); 0 WAL file(s) added, 5 removed, 31 recycled; write=2.127 s, sync=0.700 s, total=3.217 s; sync files=5, longest=0.551 s, average=0.140 s; distance=585651 kB, estimate=589132 kB; lsn=77/104008A0, redo lsn=76/F0A167D0
2026-09-26 19:27:17.620 UTC [27] LOG:  checkpoints are occurring too frequently (3 seconds apart)
2026-09-26 19:27:17.620 UTC [27] HINT:  Consider increasing the configuration parameter "max_wal_size".
2026-09-26 19:27:17.620 UTC [27] LOG:  checkpoint starting: wal
2026-09-26 19:27:20.979 UTC [27] LOG:  checkpoint complete: wrote 2006 buffers (12.2%); 0 WAL file(s) added, 4 removed, 31 recycled; write=2.727 s, sync=0.089 s, total=3.360 s; sync files=5, longest=0.039 s, average=0.018 s; distance=574985 kB, estimate=587717 kB; lsn=77/33403C60, redo lsn=77/13B98C38
2026-09-26 19:27:20.979 UTC [27] LOG:  checkpoints are occurring too frequently (3 seconds apart)
2026-09-26 19:27:20.979 UTC [27] HINT:  Consider increasing the configuration parameter "max_wal_size".
2026-09-26 19:27:20.979 UTC [27] LOG:  checkpoint starting: wal
2026-09-26 19:27:24.297 UTC [27] LOG:  checkpoint complete: wrote 2156 buffers (13.2%); 0 WAL file(s) added, 5 removed, 31 recycled; write=2.099 s, sync=0.754 s, total=3.318 s; sync files=5, longest=0.569 s, average=0.151 s; distance=578525 kB, estimate=586798 kB; lsn=77/574016D8, redo lsn=77/37090328
2026-09-26 19:27:24.297 UTC [27] LOG:  checkpoints are occurring too frequently (4 seconds apart)
2026-09-26 19:27:24.297 UTC [27] HINT:  Consider increasing the configuration parameter "max_wal_size".
2026-09-26 19:27:24.297 UTC [27] LOG:  checkpoint starting: wal
2026-09-26 19:27:27.551 UTC [27] LOG:  checkpoint complete: wrote 2037 buffers (12.4%); 0 WAL file(s) added, 5 removed, 30 recycled; write=2.152 s, sync=0.697 s, total=3.254 s; sync files=6, longest=0.545 s, average=0.117 s; distance=585012 kB, estimate=586619 kB; lsn=77/7B6A1938, redo lsn=77/5ABDD500
2026-09-26 19:27:27.552 UTC [27] LOG:  checkpoints are occurring too frequently (3 seconds apart)
2026-09-26 19:27:27.552 UTC [27] HINT:  Consider increasing the configuration parameter "max_wal_size".
2026-09-26 19:27:27.552 UTC [27] LOG:  checkpoint starting: wal
2026-09-26 19:27:33.804 UTC [27] LOG:  checkpoint complete: wrote 1798 buffers (11.0%); 0 WAL file(s) added, 6 removed, 30 recycled; write=5.076 s, sync=0.783 s, total=6.253 s; sync files=5, longest=0.633 s, average=0.157 s; distance=592571 kB, estimate=592571 kB; lsn=77/9F4DB530, redo lsn=77/7EE8C1B8
2026-09-26 19:27:33.804 UTC [27] LOG:  checkpoints are occurring too frequently (6 seconds apart)
2026-09-26 19:27:33.804 UTC [27] HINT:  Consider increasing the configuration parameter "max_wal_size".
2026-09-26 19:27:33.804 UTC [27] LOG:  checkpoint starting: wal
2026-09-26 19:27:37.038 UTC [27] LOG:  checkpoint complete: wrote 1794 buffers (10.9%); 0 WAL file(s) added, 5 removed, 31 recycled; write=2.048 s, sync=0.740 s, total=3.234 s; sync files=5, longest=0.558 s, average=0.148 s; distance=584730 kB, estimate=591787 kB; lsn=77/C22DD9C8, redo lsn=77/A2992B98
2026-09-26 19:27:37.038 UTC [27] LOG:  checkpoints are occurring too frequently (4 seconds apart)
2026-09-26 19:27:37.038 UTC [27] HINT:  Consider increasing the configuration parameter "max_wal_size".
2026-09-26 19:27:37.038 UTC [27] LOG:  checkpoint starting: wal
2026-09-26 19:27:40.297 UTC [27] LOG:  checkpoint complete: wrote 1917 buffers (11.7%); 0 WAL file(s) added, 5 removed, 31 recycled; write=2.089 s, sync=0.714 s, total=3.259 s; sync files=6, longest=0.544 s, average=0.119 s; distance=582624 kB, estimate=590870 kB; lsn=77/E6400AE0, redo lsn=77/C628AD70
2026-09-26 19:27:40.297 UTC [27] LOG:  checkpoints are occurring too frequently (3 seconds apart)
2026-09-26 19:27:40.297 UTC [27] HINT:  Consider increasing the configuration parameter "max_wal_size".
2026-09-26 19:27:40.297 UTC [27] LOG:  checkpoint starting: wal
2026-09-26 19:27:45.092 UTC [27] LOG:  checkpoint complete: wrote 1994 buffers (12.2%); 0 WAL file(s) added, 3 removed, 32 recycled; write=3.508 s, sync=0.865 s, total=4.795 s; sync files=6, longest=0.482 s, average=0.145 s; distance=586194 kB, estimate=590403 kB; lsn=78/8B95118, redo lsn=77/E9EFF5E0
2026-09-26 19:27:47.313 UTC [27] LOG:  checkpoints are occurring too frequently (7 seconds apart)
2026-09-26 19:27:47.313 UTC [27] HINT:  Consider increasing the configuration parameter "max_wal_size".
2026-09-26 19:27:47.313 UTC [27] LOG:  checkpoint starting: wal
2026-09-26 19:28:13.302 UTC [27] LOG:  checkpoint complete: wrote 961 buffers (5.9%); 0 WAL file(s) added, 0 removed, 33 recycled; write=25.381 s, sync=0.251 s, total=25.989 s; sync files=1, longest=0.251 s, average=0.251 s; distance=525573 kB, estimate=583920 kB; lsn=78/27C2CBA0, redo lsn=78/A040BC8
2026-09-26 19:28:24.375 UTC [27] LOG:  checkpoint starting: wal
2026-09-26 19:28:27.776 UTC [27] LOG:  checkpoint complete: wrote 875 buffers (5.3%); 0 WAL file(s) added, 2 removed, 31 recycled; write=2.240 s, sync=0.707 s, total=3.401 s; sync files=7, longest=0.446 s, average=0.101 s; distance=544531 kB, estimate=579981 kB; lsn=78/4B4020F0, redo lsn=78/2B405970
2026-09-26 19:28:27.776 UTC [27] LOG:  checkpoints are occurring too frequently (3 seconds apart)
2026-09-26 19:28:27.776 UTC [27] HINT:  Consider increasing the configuration parameter "max_wal_size".
2026-09-26 19:28:27.776 UTC [27] LOG:  checkpoint starting: wal
2026-09-26 19:28:30.991 UTC [27] LOG:  checkpoint complete: wrote 2091 buffers (12.8%); 0 WAL file(s) added, 5 removed, 31 recycled; write=2.080 s, sync=0.692 s, total=3.215 s; sync files=6, longest=0.554 s, average=0.116 s; distance=592976 kB, estimate=592976 kB; lsn=78/6F402420, redo lsn=78/4F719D08
2026-09-26 19:28:30.991 UTC [27] LOG:  checkpoints are occurring too frequently (3 seconds apart)
2026-09-26 19:28:30.991 UTC [27] HINT:  Consider increasing the configuration parameter "max_wal_size".
2026-09-26 19:28:30.991 UTC [27] LOG:  checkpoint starting: wal
2026-09-26 19:28:34.251 UTC [27] LOG:  checkpoint complete: wrote 2161 buffers (13.2%); 0 WAL file(s) added, 5 removed, 30 recycled; write=2.121 s, sync=0.693 s, total=3.260 s; sync files=5, longest=0.560 s, average=0.139 s; distance=581385 kB, estimate=591817 kB; lsn=78/93400E60, redo lsn=78/72EDC350
2026-09-26 19:28:34.251 UTC [27] LOG:  checkpoints are occurring too frequently (4 seconds apart)
2026-09-26 19:28:34.251 UTC [27] HINT:  Consider increasing the configuration parameter "max_wal_size".
2026-09-26 19:28:34.251 UTC [27] LOG:  checkpoint starting: wal
2026-09-26 19:28:37.670 UTC [27] LOG:  checkpoint complete: wrote 1951 buffers (11.9%); 0 WAL file(s) added, 6 removed, 30 recycled; write=2.249 s, sync=0.614 s, total=3.420 s; sync files=5, longest=0.499 s, average=0.123 s; distance=583190 kB, estimate=590955 kB; lsn=78/B72E3378, redo lsn=78/96861E80
2026-09-26 19:28:37.671 UTC [27] LOG:  checkpoints are occurring too frequently (3 seconds apart)
2026-09-26 19:28:37.671 UTC [27] HINT:  Consider increasing the configuration parameter "max_wal_size".
2026-09-26 19:28:37.671 UTC [27] LOG:  checkpoint starting: wal
2026-09-26 19:28:41.016 UTC [27] LOG:  checkpoint complete: wrote 1977 buffers (12.1%); 0 WAL file(s) added, 6 removed, 30 recycled; write=2.202 s, sync=0.723 s, total=3.346 s; sync files=5, longest=0.562 s, average=0.145 s; distance=591491 kB, estimate=591491 kB; lsn=78/DB401C58, redo lsn=78/BAA02C90
2026-09-26 19:28:41.016 UTC [27] LOG:  checkpoints are occurring too frequently (4 seconds apart)
2026-09-26 19:28:41.016 UTC [27] HINT:  Consider increasing the configuration parameter "max_wal_size".
2026-09-26 19:28:41.016 UTC [27] LOG:  checkpoint starting: wal
2026-09-26 19:28:44.313 UTC [27] LOG:  checkpoint complete: wrote 1956 buffers (11.9%); 0 WAL file(s) added, 6 removed, 30 recycled; write=2.118 s, sync=0.743 s, total=3.297 s; sync files=6, longest=0.599 s, average=0.124 s; distance=592235 kB, estimate=592235 kB; lsn=78/FF4024C8, redo lsn=78/DEC5DA58
2026-09-26 19:28:44.313 UTC [27] LOG:  checkpoints are occurring too frequently (3 seconds apart)
2026-09-26 19:28:44.313 UTC [27] HINT:  Consider increasing the configuration parameter "max_wal_size".
2026-09-26 19:28:44.313 UTC [27] LOG:  checkpoint starting: wal
2026-09-26 19:28:47.560 UTC [27] LOG:  checkpoint complete: wrote 1832 buffers (11.2%); 0 WAL file(s) added, 6 removed, 30 recycled; write=2.206 s, sync=0.646 s, total=3.248 s; sync files=5, longest=0.511 s, average=0.130 s; distance=589507 kB, estimate=591962 kB; lsn=79/23402180, redo lsn=79/2C0E6C0
2026-09-26 19:28:47.561 UTC [27] LOG:  checkpoints are occurring too frequently (3 seconds apart)
2026-09-26 19:28:47.561 UTC [27] HINT:  Consider increasing the configuration parameter "max_wal_size".
2026-09-26 19:28:47.561 UTC [27] LOG:  checkpoint starting: wal
2026-09-26 19:28:53.926 UTC [27] LOG:  checkpoint complete: wrote 1903 buffers (11.6%); 0 WAL file(s) added, 5 removed, 31 recycled; write=2.143 s, sync=3.743 s, total=6.366 s; sync files=6, longest=3.567 s, average=0.624 s; distance=587546 kB, estimate=591521 kB; lsn=79/4650B740, redo lsn=79/269D5258
2026-09-26 19:28:53.926 UTC [27] LOG:  checkpoints are occurring too frequently (6 seconds apart)
2026-09-26 19:28:53.926 UTC [27] HINT:  Consider increasing the configuration parameter "max_wal_size".
2026-09-26 19:28:53.926 UTC [27] LOG:  checkpoint starting: wal
2026-09-26 19:28:57.135 UTC [27] LOG:  checkpoint complete: wrote 2171 buffers (13.3%); 0 WAL file(s) added, 5 removed, 31 recycled; write=2.079 s, sync=0.712 s, total=3.209 s; sync files=5, longest=0.559 s, average=0.143 s; distance=580879 kB, estimate=590456 kB; lsn=79/6A4013A0, redo lsn=79/4A119128
2026-09-26 19:28:57.135 UTC [27] LOG:  checkpoints are occurring too frequently (4 seconds apart)
2026-09-26 19:28:57.135 UTC [27] HINT:  Consider increasing the configuration parameter "max_wal_size".
2026-09-26 19:28:57.135 UTC [27] LOG:  checkpoint starting: wal
2026-09-26 19:29:00.368 UTC [27] LOG:  checkpoint complete: wrote 1876 buffers (11.5%); 0 WAL file(s) added, 4 removed, 31 recycled; write=2.115 s, sync=0.693 s, total=3.233 s; sync files=6, longest=0.526 s, average=0.116 s; distance=580268 kB, estimate=589438 kB; lsn=79/8D402BB0, redo lsn=79/6D7C43D8
2026-09-26 19:29:00.368 UTC [27] LOG:  checkpoints are occurring too frequently (3 seconds apart)
2026-09-26 19:29:00.368 UTC [27] HINT:  Consider increasing the configuration parameter "max_wal_size".
2026-09-26 19:29:00.368 UTC [27] LOG:  checkpoint starting: wal
2026-09-26 19:29:03.694 UTC [27] LOG:  checkpoint complete: wrote 1920 buffers (11.7%); 0 WAL file(s) added, 5 removed, 30 recycled; write=2.072 s, sync=0.707 s, total=3.326 s; sync files=5, longest=0.540 s, average=0.142 s; distance=580203 kB, estimate=588514 kB; lsn=79/B14023C8, redo lsn=79/90E5F090
2026-09-26 19:29:03.694 UTC [27] LOG:  checkpoints are occurring too frequently (3 seconds apart)
2026-09-26 19:29:03.694 UTC [27] HINT:  Consider increasing the configuration parameter "max_wal_size".
2026-09-26 19:29:03.694 UTC [27] LOG:  checkpoint starting: wal
2026-09-26 19:29:07.041 UTC [27] LOG:  checkpoint complete: wrote 2069 buffers (12.6%); 0 WAL file(s) added, 5 removed, 31 recycled; write=2.168 s, sync=0.743 s, total=3.348 s; sync files=5, longest=0.730 s, average=0.149 s; distance=589919 kB, estimate=589919 kB; lsn=79/D452CC40, redo lsn=79/B4E77068
2026-09-26 19:29:07.041 UTC [27] LOG:  checkpoints are occurring too frequently (4 seconds apart)
2026-09-26 19:29:07.041 UTC [27] HINT:  Consider increasing the configuration parameter "max_wal_size".
2026-09-26 19:29:07.042 UTC [27] LOG:  checkpoint starting: wal
2026-09-26 19:29:10.258 UTC [27] LOG:  checkpoint complete: wrote 1959 buffers (12.0%); 0 WAL file(s) added, 5 removed, 30 recycled; write=2.134 s, sync=0.669 s, total=3.216 s; sync files=5, longest=0.520 s, average=0.134 s; distance=573063 kB, estimate=588234 kB; lsn=79/F84001D8, redo lsn=79/D7E18F30
2026-09-26 19:29:10.258 UTC [27] LOG:  checkpoints are occurring too frequently (3 seconds apart)
2026-09-26 19:29:10.258 UTC [27] HINT:  Consider increasing the configuration parameter "max_wal_size".
2026-09-26 19:29:10.258 UTC [27] LOG:  checkpoint starting: wal
2026-09-26 19:29:13.577 UTC [27] LOG:  checkpoint complete: wrote 2122 buffers (13.0%); 0 WAL file(s) added, 6 removed, 30 recycled; write=2.102 s, sync=0.803 s, total=3.320 s; sync files=6, longest=0.628 s, average=0.134 s; distance=584677 kB, estimate=587878 kB; lsn=7A/1C402758, redo lsn=79/FB912718
2026-09-26 19:29:13.578 UTC [27] LOG:  checkpoints are occurring too frequently (3 seconds apart)
2026-09-26 19:29:13.578 UTC [27] HINT:  Consider increasing the configuration parameter "max_wal_size".
2026-09-26 19:29:13.578 UTC [27] LOG:  checkpoint starting: wal
2026-09-26 19:29:16.818 UTC [27] LOG:  checkpoint complete: wrote 2097 buffers (12.8%); 0 WAL file(s) added, 5 removed, 31 recycled; write=2.129 s, sync=0.611 s, total=3.241 s; sync files=5, longest=0.492 s, average=0.123 s; distance=588747 kB, estimate=588747 kB; lsn=7A/3F3F30E0, redo lsn=7A/1F805420
2026-09-26 19:29:16.818 UTC [27] LOG:  checkpoints are occurring too frequently (3 seconds apart)
2026-09-26 19:29:16.818 UTC [27] HINT:  Consider increasing the configuration parameter "max_wal_size".
2026-09-26 19:29:16.818 UTC [27] LOG:  checkpoint starting: wal
2026-09-26 19:29:23.355 UTC [27] LOG:  checkpoint complete: wrote 1875 buffers (11.4%); 0 WAL file(s) added, 5 removed, 31 recycled; write=2.114 s, sync=3.952 s, total=6.537 s; sync files=5, longest=3.791 s, average=0.791 s; distance=583420 kB, estimate=588214 kB; lsn=7A/634020E0, redo lsn=7A/431C44E0
2026-09-26 19:29:23.355 UTC [27] LOG:  checkpoints are occurring too frequently (7 seconds apart)
2026-09-26 19:29:23.355 UTC [27] HINT:  Consider increasing the configuration parameter "max_wal_size".
2026-09-26 19:29:23.355 UTC [27] LOG:  checkpoint starting: wal
2026-09-26 19:29:26.654 UTC [27] LOG:  checkpoint complete: wrote 2021 buffers (12.3%); 0 WAL file(s) added, 5 removed, 30 recycled; write=2.108 s, sync=0.725 s, total=3.299 s; sync files=5, longest=0.577 s, average=0.145 s; distance=586578 kB, estimate=588050 kB; lsn=7A/87400420, redo lsn=7A/66E98FE8
2026-09-26 19:29:26.654 UTC [27] LOG:  checkpoints are occurring too frequently (3 seconds apart)
2026-09-26 19:29:26.654 UTC [27] HINT:  Consider increasing the configuration parameter "max_wal_size".
2026-09-26 19:29:26.654 UTC [27] LOG:  checkpoint starting: wal
2026-09-26 19:30:23.737 UTC [27] LOG:  checkpoint complete: wrote 1913 buffers (11.7%); 0 WAL file(s) added, 6 removed, 30 recycled; write=56.101 s, sync=0.512 s, total=57.083 s; sync files=77, longest=0.246 s, average=0.007 s; distance=583599 kB, estimate=587605 kB; lsn=7A/ABBC9AC0, redo lsn=7A/8A884F00
2026-09-26 19:30:23.737 UTC [27] LOG:  checkpoint starting: wal
2026-09-26 19:30:26.390 UTC [27] LOG:  checkpoint complete: wrote 1911 buffers (11.7%); 0 WAL file(s) added, 8 removed, 31 recycled; write=2.241 s, sync=0.327 s, total=2.653 s; sync files=8, longest=0.278 s, average=0.041 s; distance=640669 kB, estimate=640669 kB; lsn=7A/D1F43470, redo lsn=7A/B1A2C4B0
2026-09-26 19:30:26.390 UTC [27] LOG:  checkpoints are occurring too frequently (3 seconds apart)
2026-09-26 19:30:26.390 UTC [27] HINT:  Consider increasing the configuration parameter "max_wal_size".
2026-09-26 19:30:26.390 UTC [27] LOG:  checkpoint starting: wal
2026-09-26 19:30:28.429 UTC [27] LOG:  checkpoint complete: wrote 1610 buffers (9.8%); 0 WAL file(s) added, 2 removed, 31 recycled; write=1.697 s, sync=0.272 s, total=2.040 s; sync files=5, longest=0.225 s, average=0.055 s; distance=544010 kB, estimate=631003 kB; lsn=7A/F2E17618, redo lsn=7A/D2D6EE40
2026-09-26 19:30:28.430 UTC [27] LOG:  checkpoints are occurring too frequently (2 seconds apart)
2026-09-26 19:30:28.430 UTC [27] HINT:  Consider increasing the configuration parameter "max_wal_size".
2026-09-26 19:30:28.430 UTC [27] LOG:  checkpoint starting: wal
2026-09-26 19:30:30.464 UTC [27] LOG:  checkpoint complete: wrote 1521 buffers (9.3%); 0 WAL file(s) added, 3 removed, 30 recycled; write=1.663 s, sync=0.299 s, total=2.035 s; sync files=6, longest=0.249 s, average=0.050 s; distance=536931 kB, estimate=621596 kB; lsn=7B/14E10840, redo lsn=7A/F39C7D98
2026-09-26 19:30:30.464 UTC [27] LOG:  checkpoints are occurring too frequently (2 seconds apart)
2026-09-26 19:30:30.464 UTC [27] HINT:  Consider increasing the configuration parameter "max_wal_size".
2026-09-26 19:30:30.464 UTC [27] LOG:  checkpoint starting: wal
2026-09-26 19:30:32.588 UTC [27] LOG:  checkpoint complete: wrote 1598 buffers (9.8%); 0 WAL file(s) added, 5 removed, 29 recycled; write=1.689 s, sync=0.343 s, total=2.124 s; sync files=5, longest=0.286 s, average=0.069 s; distance=557845 kB, estimate=615221 kB; lsn=7B/37174988, redo lsn=7B/15A8D230
2026-09-26 19:30:32.588 UTC [27] LOG:  checkpoints are occurring too frequently (2 seconds apart)
2026-09-26 19:30:32.588 UTC [27] HINT:  Consider increasing the configuration parameter "max_wal_size".
2026-09-26 19:30:32.588 UTC [27] LOG:  checkpoint starting: wal
2026-09-26 19:30:34.547 UTC [27] LOG:  checkpoint complete: wrote 1573 buffers (9.6%); 0 WAL file(s) added, 3 removed, 31 recycled; write=1.568 s, sync=0.322 s, total=1.959 s; sync files=5, longest=0.265 s, average=0.065 s; distance=560161 kB, estimate=609715 kB; lsn=7B/574995D0, redo lsn=7B/37D95A20
2026-09-26 19:30:34.564 UTC [27] LOG:  checkpoints are occurring too frequently (2 seconds apart)
2026-09-26 19:30:34.564 UTC [27] HINT:  Consider increasing the configuration parameter "max_wal_size".
2026-09-26 19:30:34.564 UTC [27] LOG:  checkpoint starting: wal
2026-09-26 19:30:37.083 UTC [27] LOG:  checkpoint complete: wrote 1551 buffers (9.5%); 0 WAL file(s) added, 2 removed, 31 recycled; write=1.554 s, sync=0.555 s, total=2.519 s; sync files=5, longest=0.387 s, average=0.111 s; distance=530851 kB, estimate=601828 kB; lsn=7B/789565A0, redo lsn=7B/583FE780
2026-09-26 19:30:37.083 UTC [27] LOG:  checkpoints are occurring too frequently (3 seconds apart)
2026-09-26 19:30:37.083 UTC [27] HINT:  Consider increasing the configuration parameter "max_wal_size".
2026-09-26 19:30:37.083 UTC [27] LOG:  checkpoint starting: wal
2026-09-26 19:30:40.270 UTC [27] LOG:  checkpoint complete: wrote 2018 buffers (12.3%); 0 WAL file(s) added, 5 removed, 31 recycled; write=2.077 s, sync=0.692 s, total=3.187 s; sync files=6, longest=0.521 s, average=0.116 s; distance=589012 kB, estimate=600547 kB; lsn=7B/9C49AD48, redo lsn=7B/7C3339D0
2026-09-26 19:30:40.270 UTC [27] LOG:  checkpoints are occurring too frequently (3 seconds apart)
2026-09-26 19:30:40.270 UTC [27] HINT:  Consider increasing the configuration parameter "max_wal_size".
2026-09-26 19:30:40.270 UTC [27] LOG:  checkpoint starting: wal
2026-09-26 19:30:43.579 UTC [27] LOG:  checkpoint complete: wrote 1875 buffers (11.4%); 0 WAL file(s) added, 5 removed, 30 recycled; write=2.180 s, sync=0.712 s, total=3.309 s; sync files=5, longest=0.547 s, average=0.143 s; distance=582632 kB, estimate=598755 kB; lsn=7B/C04005C8, redo lsn=7B/9FC2DB98
2026-09-26 19:30:43.579 UTC [27] LOG:  checkpoints are occurring too frequently (3 seconds apart)
2026-09-26 19:30:43.579 UTC [27] HINT:  Consider increasing the configuration parameter "max_wal_size".
2026-09-26 19:30:43.579 UTC [27] LOG:  checkpoint starting: wal
2026-09-26 19:30:46.962 UTC [27] LOG:  checkpoint complete: wrote 1989 buffers (12.1%); 0 WAL file(s) added, 6 removed, 30 recycled; write=2.143 s, sync=0.752 s, total=3.383 s; sync files=5, longest=0.575 s, average=0.151 s; distance=587796 kB, estimate=597659 kB; lsn=7B/E44CED78, redo lsn=7B/C3A32C60
2026-09-26 19:30:46.962 UTC [27] LOG:  checkpoints are occurring too frequently (3 seconds apart)
2026-09-26 19:30:46.962 UTC [27] HINT:  Consider increasing the configuration parameter "max_wal_size".
2026-09-26 19:30:46.964 UTC [27] LOG:  checkpoint starting: wal
2026-09-26 19:30:50.316 UTC [27] LOG:  checkpoint complete: wrote 2115 buffers (12.9%); 0 WAL file(s) added, 6 removed, 31 recycled; write=2.171 s, sync=0.760 s, total=3.355 s; sync files=6, longest=0.593 s, average=0.127 s; distance=596808 kB, estimate=597574 kB; lsn=7C/8402E08, redo lsn=7B/E8104C90
2026-09-26 19:30:50.316 UTC [27] LOG:  checkpoints are occurring too frequently (4 seconds apart)
2026-09-26 19:30:50.316 UTC [27] HINT:  Consider increasing the configuration parameter "max_wal_size".
2026-09-26 19:30:50.316 UTC [27] LOG:  checkpoint starting: wal
2026-09-26 19:30:53.667 UTC [27] LOG:  checkpoint complete: wrote 2063 buffers (12.6%); 0 WAL file(s) added, 4 removed, 31 recycled; write=2.077 s, sync=0.808 s, total=3.351 s; sync files=5, longest=0.783 s, average=0.162 s; distance=584332 kB, estimate=596250 kB; lsn=7C/2B7CE278, redo lsn=7C/BBA7FF0
2026-09-26 19:30:53.667 UTC [27] LOG:  checkpoints are occurring too frequently (3 seconds apart)
2026-09-26 19:30:53.667 UTC [27] HINT:  Consider increasing the configuration parameter "max_wal_size".
2026-09-26 19:30:53.667 UTC [27] LOG:  checkpoint starting: wal
2026-09-26 19:30:56.766 UTC [27] LOG:  checkpoint complete: wrote 2011 buffers (12.3%); 0 WAL file(s) added, 4 removed, 32 recycled; write=1.989 s, sync=0.673 s, total=3.100 s; sync files=12, longest=0.476 s, average=0.057 s; distance=581354 kB, estimate=594760 kB; lsn=7C/4E400468, redo lsn=7C/2F362A20
2026-09-26 19:30:56.767 UTC [27] LOG:  checkpoints are occurring too frequently (3 seconds apart)
2026-09-26 19:30:56.767 UTC [27] HINT:  Consider increasing the configuration parameter "max_wal_size".
2026-09-26 19:30:56.767 UTC [27] LOG:  checkpoint starting: wal
2026-09-26 19:31:00.023 UTC [27] LOG:  checkpoint complete: wrote 2127 buffers (13.0%); 0 WAL file(s) added, 4 removed, 31 recycled; write=2.105 s, sync=0.729 s, total=3.257 s; sync files=5, longest=0.578 s, average=0.146 s; distance=570647 kB, estimate=592349 kB; lsn=7C/72783BC8, redo lsn=7C/520A8948
2026-09-26 19:31:00.024 UTC [27] LOG:  checkpoints are occurring too frequently (4 seconds apart)
2026-09-26 19:31:00.024 UTC [27] HINT:  Consider increasing the configuration parameter "max_wal_size".
2026-09-26 19:31:00.024 UTC [27] LOG:  checkpoint starting: wal
2026-09-26 19:31:03.260 UTC [27] LOG:  checkpoint complete: wrote 2134 buffers (13.0%); 0 WAL file(s) added, 5 removed, 30 recycled; write=2.088 s, sync=0.738 s, total=3.237 s; sync files=6, longest=0.548 s, average=0.123 s; distance=585187 kB, estimate=591633 kB; lsn=7C/96408578, redo lsn=7C/75C21668
2026-09-26 19:31:03.260 UTC [27] LOG:  checkpoints are occurring too frequently (3 seconds apart)
2026-09-26 19:31:03.260 UTC [27] HINT:  Consider increasing the configuration parameter "max_wal_size".
2026-09-26 19:31:03.260 UTC [27] LOG:  checkpoint starting: wal
2026-09-26 19:31:06.665 UTC [27] LOG:  checkpoint complete: wrote 1972 buffers (12.0%); 0 WAL file(s) added, 6 removed, 30 recycled; write=2.153 s, sync=0.839 s, total=3.405 s; sync files=5, longest=0.678 s, average=0.168 s; distance=586425 kB, estimate=591112 kB; lsn=7C/BA46A5A8, redo lsn=7C/998CFAB8
2026-09-26 19:31:06.665 UTC [27] LOG:  checkpoints are occurring too frequently (3 seconds apart)
2026-09-26 19:31:06.665 UTC [27] HINT:  Consider increasing the configuration parameter "max_wal_size".
2026-09-26 19:31:06.665 UTC [27] LOG:  checkpoint starting: wal
2026-09-26 19:31:13.051 UTC [27] LOG:  checkpoint complete: wrote 1833 buffers (11.2%); 0 WAL file(s) added, 6 removed, 30 recycled; write=5.116 s, sync=0.817 s, total=6.386 s; sync files=5, longest=0.655 s, average=0.164 s; distance=596843 kB, estimate=596843 kB; lsn=7C/DE400230, redo lsn=7C/BDFAA960
2026-09-26 19:31:13.051 UTC [27] LOG:  checkpoints are occurring too frequently (7 seconds apart)
2026-09-26 19:31:13.051 UTC [27] HINT:  Consider increasing the configuration parameter "max_wal_size".
2026-09-26 19:31:13.051 UTC [27] LOG:  checkpoint starting: wal
2026-09-26 19:31:16.401 UTC [27] LOG:  checkpoint complete: wrote 1804 buffers (11.0%); 0 WAL file(s) added, 5 removed, 31 recycled; write=2.106 s, sync=0.690 s, total=3.350 s; sync files=5, longest=0.518 s, average=0.138 s; distance=589096 kB, estimate=596068 kB; lsn=7D/1C64720, redo lsn=7C/E1EF49D0
2026-09-26 19:31:16.401 UTC [27] LOG:  checkpoints are occurring too frequently (3 seconds apart)
2026-09-26 19:31:16.401 UTC [27] HINT:  Consider increasing the configuration parameter "max_wal_size".
2026-09-26 19:31:16.401 UTC [27] LOG:  checkpoint starting: wal
2026-09-26 19:31:20.114 UTC [27] LOG:  checkpoint complete: wrote 1736 buffers (10.6%); 0 WAL file(s) added, 6 removed, 30 recycled; write=2.501 s, sync=0.733 s, total=3.714 s; sync files=7, longest=0.540 s, average=0.105 s; distance=586487 kB, estimate=595110 kB; lsn=7D/26456080, redo lsn=7D/5BB2880
2026-09-26 19:31:20.114 UTC [27] LOG:  checkpoints are occurring too frequently (4 seconds apart)
2026-09-26 19:31:20.114 UTC [27] HINT:  Consider increasing the configuration parameter "max_wal_size".
2026-09-26 19:31:20.114 UTC [27] LOG:  checkpoint starting: wal
2026-09-26 19:31:45.354 UTC [27] LOG:  checkpoint complete: wrote 972 buffers (5.9%); 0 WAL file(s) added, 4 removed, 34 recycled; write=24.575 s, sync=0.246 s, total=25.240 s; sync files=6, longest=0.245 s, average=0.041 s; distance=612260 kB, estimate=612260 kB; lsn=7D/48D05928, redo lsn=7D/2B19B980
2026-09-26 19:31:58.609 UTC [27] LOG:  checkpoint starting: wal
2026-09-26 19:32:06.277 UTC [27] LOG:  checkpoint complete: wrote 1178 buffers (7.2%); 0 WAL file(s) added, 2 removed, 31 recycled; write=3.318 s, sync=3.850 s, total=7.669 s; sync files=7, longest=3.308 s, average=0.551 s; distance=539299 kB, estimate=604964 kB; lsn=7D/6C400BD8, redo lsn=7D/4C044708
2026-09-26 19:32:06.278 UTC [27] LOG:  checkpoints are occurring too frequently (8 seconds apart)
2026-09-26 19:32:06.278 UTC [27] HINT:  Consider increasing the configuration parameter "max_wal_size".
2026-09-26 19:32:06.278 UTC [27] LOG:  checkpoint starting: wal
2026-09-26 19:32:09.421 UTC [27] LOG:  checkpoint complete: wrote 1909 buffers (11.7%); 0 WAL file(s) added, 5 removed, 32 recycled; write=2.119 s, sync=0.587 s, total=3.144 s; sync files=5, longest=0.451 s, average=0.118 s; distance=611325 kB, estimate=611325 kB; lsn=7D/90402020, redo lsn=7D/71543DC0
2026-09-26 19:32:09.421 UTC [27] LOG:  checkpoints are occurring too frequently (3 seconds apart)
2026-09-26 19:32:09.421 UTC [27] HINT:  Consider increasing the configuration parameter "max_wal_size".
2026-09-26 19:32:09.421 UTC [27] LOG:  checkpoint starting: wal
2026-09-26 19:32:12.644 UTC [27] LOG:  checkpoint complete: wrote 2066 buffers (12.6%); 0 WAL file(s) added, 4 removed, 30 recycled; write=2.092 s, sync=0.707 s, total=3.224 s; sync files=5, longest=0.551 s, average=0.142 s; distance=566682 kB, estimate=606861 kB; lsn=7D/B4402A60, redo lsn=7D/93EAA728
2026-09-26 19:32:12.645 UTC [27] LOG:  checkpoints are occurring too frequently (3 seconds apart)
2026-09-26 19:32:12.645 UTC [27] HINT:  Consider increasing the configuration parameter "max_wal_size".
2026-09-26 19:32:12.645 UTC [27] LOG:  checkpoint starting: wal
2026-09-26 19:32:16.022 UTC [27] LOG:  checkpoint complete: wrote 1953 buffers (11.9%); 0 WAL file(s) added, 6 removed, 30 recycled; write=2.158 s, sync=0.760 s, total=3.378 s; sync files=5, longest=0.615 s, average=0.152 s; distance=584248 kB, estimate=604600 kB; lsn=7D/D8401378, redo lsn=7D/B7938978
2026-09-26 19:32:16.022 UTC [27] LOG:  checkpoints are occurring too frequently (4 seconds apart)
2026-09-26 19:32:16.022 UTC [27] HINT:  Consider increasing the configuration parameter "max_wal_size".
2026-09-26 19:32:16.028 UTC [27] LOG:  checkpoint starting: wal
2026-09-26 19:32:19.263 UTC [27] LOG:  checkpoint complete: wrote 1965 buffers (12.0%); 0 WAL file(s) added, 5 removed, 31 recycled; write=2.083 s, sync=0.702 s, total=3.241 s; sync files=6, longest=0.545 s, average=0.117 s; distance=592177 kB, estimate=603357 kB; lsn=7D/FB401D58, redo lsn=7D/DBB85110
2026-09-26 19:32:19.263 UTC [27] LOG:  checkpoints are occurring too frequently (3 seconds apart)
2026-09-26 19:32:19.263 UTC [27] HINT:  Consider increasing the configuration parameter "max_wal_size".
2026-09-26 19:32:19.263 UTC [27] LOG:  checkpoint starting: wal
2026-09-26 19:32:22.416 UTC [27] LOG:  checkpoint complete: wrote 2122 buffers (13.0%); 0 WAL file(s) added, 4 removed, 31 recycled; write=2.020 s, sync=0.725 s, total=3.154 s; sync files=5, longest=0.591 s, average=0.145 s; distance=578022 kB, estimate=600824 kB; lsn=7E/1E842B40, redo lsn=7D/FEFFEBC0
2026-09-26 19:32:22.417 UTC [27] LOG:  checkpoints are occurring too frequently (3 seconds apart)
2026-09-26 19:32:22.417 UTC [27] HINT:  Consider increasing the configuration parameter "max_wal_size".
2026-09-26 19:32:22.417 UTC [27] LOG:  checkpoint starting: wal
2026-09-26 19:32:25.603 UTC [27] LOG:  checkpoint complete: wrote 2148 buffers (13.1%); 0 WAL file(s) added, 5 removed, 30 recycled; write=2.092 s, sync=0.650 s, total=3.187 s; sync files=5, longest=0.495 s, average=0.130 s; distance=572513 kB, estimate=597993 kB; lsn=7E/42400630, redo lsn=7E/21F17168
2026-09-26 19:32:25.603 UTC [27] LOG:  checkpoints are occurring too frequently (3 seconds apart)
2026-09-26 19:32:25.603 UTC [27] HINT:  Consider increasing the configuration parameter "max_wal_size".
2026-09-26 19:32:25.603 UTC [27] LOG:  checkpoint starting: wal
2026-09-26 19:32:28.815 UTC [27] LOG:  checkpoint complete: wrote 2102 buffers (12.8%); 0 WAL file(s) added, 5 removed, 31 recycled; write=2.188 s, sync=0.628 s, total=3.212 s; sync files=5, longest=0.482 s, average=0.126 s; distance=584052 kB, estimate=596599 kB; lsn=7E/65400F00, redo lsn=7E/45974338
2026-09-26 19:32:28.815 UTC [27] LOG:  checkpoints are occurring too frequently (3 seconds apart)
2026-09-26 19:32:28.815 UTC [27] HINT:  Consider increasing the configuration parameter "max_wal_size".
2026-09-26 19:32:28.815 UTC [27] LOG:  checkpoint starting: wal
2026-09-26 19:32:35.309 UTC [27] LOG:  checkpoint complete: wrote 2089 buffers (12.8%); 0 WAL file(s) added, 6 removed, 29 recycled; write=2.139 s, sync=3.902 s, total=6.495 s; sync files=6, longest=3.716 s, average=0.651 s; distance=575708 kB, estimate=594510 kB; lsn=7E/8A4052C0, redo lsn=7E/68BAB360
2026-09-26 19:32:35.309 UTC [27] LOG:  checkpoints are occurring too frequently (7 seconds apart)
2026-09-26 19:32:35.309 UTC [27] HINT:  Consider increasing the configuration parameter "max_wal_size".
2026-09-26 19:32:35.309 UTC [27] LOG:  checkpoint starting: wal
2026-09-26 19:32:38.510 UTC [27] LOG:  checkpoint complete: wrote 1887 buffers (11.5%); 0 WAL file(s) added, 6 removed, 31 recycled; write=2.096 s, sync=0.637 s, total=3.201 s; sync files=5, longest=0.499 s, average=0.128 s; distance=603211 kB, estimate=603211 kB; lsn=7E/AD087BD0, redo lsn=7E/8D8BE0C8
2026-09-26 19:32:38.510 UTC [27] LOG:  checkpoints are occurring too frequently (3 seconds apart)
2026-09-26 19:32:38.510 UTC [27] HINT:  Consider increasing the configuration parameter "max_wal_size".
2026-09-26 19:32:38.510 UTC [27] LOG:  checkpoint starting: wal
2026-09-26 19:32:41.817 UTC [27] LOG:  checkpoint complete: wrote 2077 buffers (12.7%); 0 WAL file(s) added, 4 removed, 31 recycled; write=2.308 s, sync=0.562 s, total=3.308 s; sync files=5, longest=0.442 s, average=0.113 s; distance=570801 kB, estimate=599970 kB; lsn=7E/D0403010, redo lsn=7E/B062A730
2026-09-26 19:32:41.818 UTC [27] LOG:  checkpoints are occurring too frequently (3 seconds apart)
2026-09-26 19:32:41.818 UTC [27] HINT:  Consider increasing the configuration parameter "max_wal_size".
2026-09-26 19:32:41.818 UTC [27] LOG:  checkpoint starting: wal
2026-09-26 19:32:45.108 UTC [27] LOG:  checkpoint complete: wrote 2092 buffers (12.8%); 0 WAL file(s) added, 5 removed, 30 recycled; write=2.108 s, sync=0.718 s, total=3.290 s; sync files=5, longest=0.543 s, average=0.144 s; distance=581533 kB, estimate=598126 kB; lsn=7E/F4403348, redo lsn=7E/D3E11D78
2026-09-26 19:32:45.108 UTC [27] LOG:  checkpoints are occurring too frequently (4 seconds apart)
2026-09-26 19:32:45.108 UTC [27] HINT:  Consider increasing the configuration parameter "max_wal_size".
2026-09-26 19:32:45.108 UTC [27] LOG:  checkpoint starting: wal
2026-09-26 19:32:48.443 UTC [27] LOG:  checkpoint complete: wrote 2159 buffers (13.2%); 0 WAL file(s) added, 6 removed, 30 recycled; write=2.124 s, sync=0.739 s, total=3.335 s; sync files=6, longest=0.553 s, average=0.124 s; distance=589022 kB, estimate=597216 kB; lsn=7F/18401720, redo lsn=7E/F7D495E8
2026-09-26 19:32:48.443 UTC [27] LOG:  checkpoints are occurring too frequently (3 seconds apart)
2026-09-26 19:32:48.443 UTC [27] HINT:  Consider increasing the configuration parameter "max_wal_size".
2026-09-26 19:32:48.443 UTC [27] LOG:  checkpoint starting: wal
2026-09-26 19:32:51.941 UTC [27] LOG:  checkpoint complete: wrote 1942 buffers (11.9%); 0 WAL file(s) added, 7 removed, 29 recycled; write=2.208 s, sync=0.882 s, total=3.498 s; sync files=5, longest=0.722 s, average=0.177 s; distance=589593 kB, estimate=596453 kB; lsn=7F/3D401838, redo lsn=7F/1BD0FC38
2026-09-26 19:32:51.941 UTC [27] LOG:  checkpoints are occurring too frequently (3 seconds apart)
2026-09-26 19:32:51.941 UTC [27] HINT:  Consider increasing the configuration parameter "max_wal_size".
2026-09-26 19:32:51.941 UTC [27] LOG:  checkpoint starting: wal
2026-09-26 19:32:55.265 UTC [27] LOG:  checkpoint complete: wrote 2072 buffers (12.6%); 0 WAL file(s) added, 7 removed, 30 recycled; write=2.126 s, sync=0.755 s, total=3.324 s; sync files=5, longest=0.579 s, average=0.151 s; distance=598887 kB, estimate=598887 kB; lsn=7F/61402D08, redo lsn=7F/405E99E0
2026-09-26 19:32:55.265 UTC [27] LOG:  checkpoints are occurring too frequently (4 seconds apart)
2026-09-26 19:32:55.265 UTC [27] HINT:  Consider increasing the configuration parameter "max_wal_size".
2026-09-26 19:32:55.265 UTC [27] LOG:  checkpoint starting: wal
2026-09-26 19:32:58.528 UTC [27] LOG:  checkpoint complete: wrote 1972 buffers (12.0%); 0 WAL file(s) added, 6 removed, 30 recycled; write=2.163 s, sync=0.662 s, total=3.263 s; sync files=5, longest=0.518 s, average=0.133 s; distance=599482 kB, estimate=599482 kB; lsn=7F/8564C5C8, redo lsn=7F/64F58348
2026-09-26 19:32:58.528 UTC [27] LOG:  checkpoints are occurring too frequently (3 seconds apart)
2026-09-26 19:32:58.528 UTC [27] HINT:  Consider increasing the configuration parameter "max_wal_size".
2026-09-26 19:32:58.528 UTC [27] LOG:  checkpoint starting: wal
2026-09-26 19:33:05.017 UTC [27] LOG:  checkpoint complete: wrote 2120 buffers (12.9%); 0 WAL file(s) added, 5 removed, 31 recycled; write=5.361 s, sync=0.685 s, total=6.490 s; sync files=6, longest=0.498 s, average=0.115 s; distance=587379 kB, estimate=598272 kB; lsn=7F/A8400DA0, redo lsn=7F/88CF5230
2026-09-26 19:33:05.017 UTC [27] LOG:  checkpoints are occurring too frequently (7 seconds apart)
2026-09-26 19:33:05.017 UTC [27] HINT:  Consider increasing the configuration parameter "max_wal_size".
2026-09-26 19:33:05.017 UTC [27] LOG:  checkpoint starting: wal
2026-09-26 19:33:07.984 UTC [27] LOG:  checkpoint complete: wrote 1960 buffers (12.0%); 0 WAL file(s) added, 4 removed, 31 recycled; write=1.974 s, sync=0.641 s, total=2.967 s; sync files=5, longest=0.460 s, average=0.129 s; distance=576465 kB, estimate=596091 kB; lsn=7F/CB402AD0, redo lsn=7F/ABFE97D8
2026-09-26 19:33:41.128 UTC [27] LOG:  checkpoint starting: wal
2026-09-26 19:34:04.367 UTC [27] LOG:  checkpoint complete: wrote 66 buffers (0.4%); 0 WAL file(s) added, 3 removed, 30 recycled; write=22.156 s, sync=0.687 s, total=23.239 s; sync files=83, longest=0.368 s, average=0.009 s; distance=527750 kB, estimate=589257 kB; lsn=7F/EDC2E9F8, redo lsn=7F/CC34B0A0
2026-09-26 19:34:04.367 UTC [27] LOG:  checkpoints are occurring too frequently (23 seconds apart)
2026-09-26 19:34:04.367 UTC [27] HINT:  Consider increasing the configuration parameter "max_wal_size".
2026-09-26 19:34:04.392 UTC [27] LOG:  checkpoint starting: wal
2026-09-26 19:34:07.036 UTC [27] LOG:  checkpoint complete: wrote 1844 buffers (11.3%); 0 WAL file(s) added, 7 removed, 31 recycled; write=2.101 s, sync=0.443 s, total=2.670 s; sync files=6, longest=0.387 s, average=0.074 s; distance=623312 kB, estimate=623312 kB; lsn=80/120A4EE0, redo lsn=7F/F23FF3B0
2026-09-26 19:34:07.037 UTC [27] LOG:  checkpoints are occurring too frequently (3 seconds apart)
2026-09-26 19:34:07.037 UTC [27] HINT:  Consider increasing the configuration parameter "max_wal_size".
2026-09-26 19:34:07.037 UTC [27] LOG:  checkpoint starting: wal
2026-09-26 19:34:09.062 UTC [27] LOG:  checkpoint complete: wrote 1599 buffers (9.8%); 0 WAL file(s) added, 3 removed, 29 recycled; write=1.671 s, sync=0.291 s, total=2.026 s; sync files=6, longest=0.227 s, average=0.049 s; distance=536071 kB, estimate=614588 kB; lsn=80/34400290, redo lsn=80/12F81020
2026-09-26 19:34:09.063 UTC [27] LOG:  checkpoints are occurring too frequently (2 seconds apart)
2026-09-26 19:34:09.063 UTC [27] HINT:  Consider increasing the configuration parameter "max_wal_size".
2026-09-26 19:34:09.063 UTC [27] LOG:  checkpoint starting: wal
2026-09-26 19:34:11.224 UTC [27] LOG:  checkpoint complete: wrote 1555 buffers (9.5%); 0 WAL file(s) added, 4 removed, 30 recycled; write=1.667 s, sync=0.424 s, total=2.162 s; sync files=5, longest=0.369 s, average=0.085 s; distance=557411 kB, estimate=608870 kB; lsn=80/55400130, redo lsn=80/34FD9DD0
2026-09-26 19:34:11.225 UTC [27] LOG:  checkpoints are occurring too frequently (2 seconds apart)
2026-09-26 19:34:11.225 UTC [27] HINT:  Consider increasing the configuration parameter "max_wal_size".
2026-09-26 19:34:11.225 UTC [27] LOG:  checkpoint starting: wal
2026-09-26 19:34:13.305 UTC [27] LOG:  checkpoint complete: wrote 1589 buffers (9.7%); 0 WAL file(s) added, 3 removed, 30 recycled; write=1.656 s, sync=0.371 s, total=2.081 s; sync files=5, longest=0.311 s, average=0.075 s; distance=539294 kB, estimate=601913 kB; lsn=80/764E27E0, redo lsn=80/55E81890
2026-09-26 19:34:13.306 UTC [27] LOG:  checkpoints are occurring too frequently (2 seconds apart)
2026-09-26 19:34:13.306 UTC [27] HINT:  Consider increasing the configuration parameter "max_wal_size".
2026-09-26 19:34:13.306 UTC [27] LOG:  checkpoint starting: wal
2026-09-26 19:34:15.450 UTC [27] LOG:  checkpoint complete: wrote 1526 buffers (9.3%); 0 WAL file(s) added, 2 removed, 31 recycled; write=1.550 s, sync=0.522 s, total=2.145 s; sync files=5, longest=0.469 s, average=0.105 s; distance=541143 kB, estimate=595836 kB; lsn=80/964030A8, redo lsn=80/76EF7878
2026-09-26 19:34:15.479 UTC [27] LOG:  checkpoints are occurring too frequently (2 seconds apart)
2026-09-26 19:34:15.479 UTC [27] HINT:  Consider increasing the configuration parameter "max_wal_size".
2026-09-26 19:34:15.479 UTC [27] LOG:  checkpoint starting: wal
2026-09-26 19:34:17.978 UTC [27] LOG:  checkpoint complete: wrote 1565 buffers (9.6%); 0 WAL file(s) added, 2 removed, 31 recycled; write=1.573 s, sync=0.543 s, total=2.500 s; sync files=6, longest=0.318 s, average=0.091 s; distance=529449 kB, estimate=589197 kB; lsn=80/B74063B8, redo lsn=80/97401E40
2026-09-26 19:34:17.978 UTC [27] LOG:  checkpoints are occurring too frequently (2 seconds apart)
2026-09-26 19:34:17.978 UTC [27] HINT:  Consider increasing the configuration parameter "max_wal_size".
2026-09-26 19:34:17.978 UTC [27] LOG:  checkpoint starting: wal
2026-09-26 19:34:21.285 UTC [27] LOG:  checkpoint complete: wrote 2033 buffers (12.4%); 0 WAL file(s) added, 4 removed, 31 recycled; write=2.160 s, sync=0.651 s, total=3.307 s; sync files=5, longest=0.486 s, average=0.131 s; distance=580905 kB, estimate=588368 kB; lsn=80/DA938AF8, redo lsn=80/BAB4C378
2026-09-26 19:34:21.285 UTC [27] LOG:  checkpoints are occurring too frequently (4 seconds apart)
2026-09-26 19:34:21.285 UTC [27] HINT:  Consider increasing the configuration parameter "max_wal_size".
2026-09-26 19:34:21.285 UTC [27] LOG:  checkpoint starting: wal
2026-09-26 19:34:24.510 UTC [27] LOG:  checkpoint complete: wrote 1955 buffers (11.9%); 0 WAL file(s) added, 4 removed, 32 recycled; write=2.066 s, sync=0.717 s, total=3.225 s; sync files=5, longest=0.564 s, average=0.144 s; distance=580799 kB, estimate=587611 kB; lsn=80/FDD4D938, redo lsn=80/DE27C300
2026-09-26 19:34:24.510 UTC [27] LOG:  checkpoints are occurring too frequently (3 seconds apart)
2026-09-26 19:34:24.510 UTC [27] HINT:  Consider increasing the configuration parameter "max_wal_size".
2026-09-26 19:34:24.510 UTC [27] LOG:  checkpoint starting: wal
2026-09-26 19:34:27.646 UTC [27] LOG:  checkpoint complete: wrote 2236 buffers (13.6%); 0 WAL file(s) added, 3 removed, 32 recycled; write=1.978 s, sync=0.685 s, total=3.136 s; sync files=5, longest=0.515 s, average=0.137 s; distance=579630 kB, estimate=586813 kB; lsn=81/20BCE0B8, redo lsn=81/1887E00
2026-09-26 19:34:27.646 UTC [27] LOG:  checkpoints are occurring too frequently (3 seconds apart)
2026-09-26 19:34:27.646 UTC [27] HINT:  Consider increasing the configuration parameter "max_wal_size".
2026-09-26 19:34:27.646 UTC [27] LOG:  checkpoint starting: wal
2026-09-26 19:34:30.862 UTC [27] LOG:  checkpoint complete: wrote 2015 buffers (12.3%); 0 WAL file(s) added, 5 removed, 30 recycled; write=2.122 s, sync=0.666 s, total=3.217 s; sync files=6, longest=0.502 s, average=0.111 s; distance=569864 kB, estimate=585118 kB; lsn=81/45401970, redo lsn=81/2450A0B8
2026-09-26 19:34:30.862 UTC [27] LOG:  checkpoints are occurring too frequently (3 seconds apart)
2026-09-26 19:34:30.862 UTC [27] HINT:  Consider increasing the configuration parameter "max_wal_size".
2026-09-26 19:34:30.862 UTC [27] LOG:  checkpoint starting: wal
2026-09-26 19:34:34.307 UTC [27] LOG:  checkpoint complete: wrote 1815 buffers (11.1%); 0 WAL file(s) added, 6 removed, 30 recycled; write=2.220 s, sync=0.797 s, total=3.445 s; sync files=5, longest=0.585 s, average=0.160 s; distance=599569 kB, estimate=599569 kB; lsn=81/694412B0, redo lsn=81/48E8E668
2026-09-26 19:34:34.307 UTC [27] LOG:  checkpoints are occurring too frequently (4 seconds apart)
2026-09-26 19:34:34.307 UTC [27] HINT:  Consider increasing the configuration parameter "max_wal_size".
2026-09-26 19:34:34.307 UTC [27] LOG:  checkpoint starting: wal
2026-09-26 19:34:37.588 UTC [27] LOG:  checkpoint complete: wrote 1949 buffers (11.9%); 0 WAL file(s) added, 5 removed, 31 recycled; write=2.112 s, sync=0.700 s, total=3.281 s; sync files=5, longest=0.520 s, average=0.140 s; distance=590571 kB, estimate=598669 kB; lsn=81/8CAB8658, redo lsn=81/6CF492D8
2026-09-26 19:34:37.588 UTC [27] LOG:  checkpoints are occurring too frequently (3 seconds apart)
2026-09-26 19:34:37.588 UTC [27] HINT:  Consider increasing the configuration parameter "max_wal_size".
2026-09-26 19:34:37.588 UTC [27] LOG:  checkpoint starting: wal
2026-09-26 19:34:41.047 UTC [27] LOG:  checkpoint complete: wrote 2125 buffers (13.0%); 0 WAL file(s) added, 6 removed, 30 recycled; write=2.091 s, sync=0.921 s, total=3.460 s; sync files=5, longest=0.562 s, average=0.185 s; distance=583873 kB, estimate=597189 kB; lsn=81/B14039E0, redo lsn=81/90979810
2026-09-26 19:34:41.047 UTC [27] LOG:  checkpoints are occurring too frequently (4 seconds apart)
2026-09-26 19:34:41.047 UTC [27] HINT:  Consider increasing the configuration parameter "max_wal_size".
2026-09-26 19:34:41.048 UTC [27] LOG:  checkpoint starting: wal
2026-09-26 19:34:44.530 UTC [27] LOG:  checkpoint complete: wrote 2135 buffers (13.0%); 0 WAL file(s) added, 6 removed, 30 recycled; write=2.188 s, sync=0.814 s, total=3.483 s; sync files=6, longest=0.618 s, average=0.136 s; distance=596486 kB, estimate=597119 kB; lsn=81/D58F2138, redo lsn=81/B4FFB010
2026-09-26 19:34:44.531 UTC [27] LOG:  checkpoints are occurring too frequently (3 seconds apart)
2026-09-26 19:34:44.531 UTC [27] HINT:  Consider increasing the configuration parameter "max_wal_size".
2026-09-26 19:34:44.538 UTC [27] LOG:  checkpoint starting: wal
2026-09-26 19:34:47.774 UTC [27] LOG:  checkpoint complete: wrote 1987 buffers (12.1%); 0 WAL file(s) added, 6 removed, 31 recycled; write=2.056 s, sync=0.785 s, total=3.244 s; sync files=5, longest=0.602 s, average=0.157 s; distance=593946 kB, estimate=596802 kB; lsn=81/F9491DB8, redo lsn=81/D9401B60
2026-09-26 19:34:47.774 UTC [27] LOG:  checkpoints are occurring too frequently (3 seconds apart)
2026-09-26 19:34:47.774 UTC [27] HINT:  Consider increasing the configuration parameter "max_wal_size".
2026-09-26 19:34:47.775 UTC [27] LOG:  checkpoint starting: wal
2026-09-26 19:34:54.221 UTC [27] LOG:  checkpoint complete: wrote 1829 buffers (11.2%); 0 WAL file(s) added, 4 removed, 31 recycled; write=5.336 s, sync=0.680 s, total=6.447 s; sync files=5, longest=0.516 s, average=0.136 s; distance=583024 kB, estimate=595424 kB; lsn=82/1CDF82F0, redo lsn=81/FCD5DD38
2026-09-26 19:34:54.221 UTC [27] LOG:  checkpoints are occurring too frequently (7 seconds apart)
2026-09-26 19:34:54.221 UTC [27] HINT:  Consider increasing the configuration parameter "max_wal_size".
2026-09-26 19:34:54.221 UTC [27] LOG:  checkpoint starting: wal
2026-09-26 19:34:57.548 UTC [27] LOG:  checkpoint complete: wrote 1927 buffers (11.8%); 0 WAL file(s) added, 5 removed, 31 recycled; write=2.008 s, sync=0.852 s, total=3.328 s; sync files=6, longest=0.628 s, average=0.142 s; distance=583596 kB, estimate=594241 kB; lsn=82/40816040, redo lsn=82/20748F10
2026-09-26 19:34:57.548 UTC [27] LOG:  checkpoints are occurring too frequently (3 seconds apart)
2026-09-26 19:34:57.548 UTC [27] HINT:  Consider increasing the configuration parameter "max_wal_size".
2026-09-26 19:34:57.548 UTC [27] LOG:  checkpoint starting: wal
2026-09-26 19:35:00.732 UTC [27] LOG:  checkpoint complete: wrote 1708 buffers (10.4%); 0 WAL file(s) added, 5 removed, 31 recycled; write=2.078 s, sync=0.690 s, total=3.185 s; sync files=5, longest=0.506 s, average=0.138 s; distance=588604 kB, estimate=593678 kB; lsn=82/644131C8, redo lsn=82/44618258
2026-09-26 19:35:00.733 UTC [27] LOG:  checkpoints are occurring too frequently (3 seconds apart)
2026-09-26 19:35:00.733 UTC [27] HINT:  Consider increasing the configuration parameter "max_wal_size".
2026-09-26 19:35:00.733 UTC [27] LOG:  checkpoint starting: wal
2026-09-26 19:35:19.558 UTC [27] LOG:  checkpoint complete: wrote 2259 buffers (13.8%); 0 WAL file(s) added, 2 removed, 34 recycled; write=18.080 s, sync=0.333 s, total=18.826 s; sync files=6, longest=0.331 s, average=0.056 s; distance=585543 kB, estimate=592864 kB; lsn=82/85DC64D0, redo lsn=82/681EA020
2026-09-26 19:35:32.266 UTC [27] LOG:  checkpoint starting: wal
2026-09-26 19:35:45.991 UTC [27] LOG:  checkpoint complete: wrote 910 buffers (5.6%); 0 WAL file(s) added, 1 removed, 32 recycled; write=10.040 s, sync=3.111 s, total=13.726 s; sync files=4, longest=3.037 s, average=0.778 s; distance=538765 kB, estimate=587454 kB; lsn=82/A8401608, redo lsn=82/8900D7C0
2026-09-26 19:35:45.992 UTC [27] LOG:  checkpoints are occurring too frequently (13 seconds apart)
2026-09-26 19:35:45.992 UTC [27] HINT:  Consider increasing the configuration parameter "max_wal_size".
2026-09-26 19:35:45.992 UTC [27] LOG:  checkpoint starting: wal
2026-09-26 19:35:48.918 UTC [27] LOG:  checkpoint complete: wrote 4827 buffers (29.5%); 0 WAL file(s) added, 2 removed, 31 recycled; write=1.903 s, sync=0.634 s, total=2.927 s; sync files=7, longest=0.494 s, average=0.091 s; distance=544972 kB, estimate=583206 kB; lsn=82/CA4037A0, redo lsn=82/AA440948
2026-09-26 19:35:48.919 UTC [27] LOG:  checkpoints are occurring too frequently (3 seconds apart)
2026-09-26 19:35:48.919 UTC [27] HINT:  Consider increasing the configuration parameter "max_wal_size".
2026-09-26 19:35:48.935 UTC [27] LOG:  checkpoint starting: wal
2026-09-26 19:35:52.243 UTC [27] LOG:  checkpoint complete: wrote 2102 buffers (12.8%); 0 WAL file(s) added, 5 removed, 31 recycled; write=2.061 s, sync=0.771 s, total=3.325 s; sync files=5, longest=0.587 s, average=0.155 s; distance=589560 kB, estimate=589560 kB; lsn=82/EE400088, redo lsn=82/CE3FEB98
2026-09-26 19:35:52.243 UTC [27] LOG:  checkpoints are occurring too frequently (4 seconds apart)
2026-09-26 19:35:52.243 UTC [27] HINT:  Consider increasing the configuration parameter "max_wal_size".
2026-09-26 19:35:52.243 UTC [27] LOG:  checkpoint starting: wal
2026-09-26 19:35:55.442 UTC [27] LOG:  checkpoint complete: wrote 2045 buffers (12.5%); 0 WAL file(s) added, 5 removed, 31 recycled; write=2.040 s, sync=0.684 s, total=3.199 s; sync files=6, longest=0.496 s, average=0.114 s; distance=589373 kB, estimate=589541 kB; lsn=83/12402030, redo lsn=82/F238DFA0
2026-09-26 19:35:55.442 UTC [27] LOG:  checkpoints are occurring too frequently (3 seconds apart)
2026-09-26 19:35:55.442 UTC [27] HINT:  Consider increasing the configuration parameter "max_wal_size".
2026-09-26 19:35:55.442 UTC [27] LOG:  checkpoint starting: wal
2026-09-26 19:35:58.704 UTC [27] LOG:  checkpoint complete: wrote 1782 buffers (10.9%); 0 WAL file(s) added, 5 removed, 30 recycled; write=2.169 s, sync=0.665 s, total=3.263 s; sync files=5, longest=0.502 s, average=0.133 s; distance=583884 kB, estimate=588976 kB; lsn=83/36400B98, redo lsn=83/15DC1258
2026-09-26 19:35:58.705 UTC [27] LOG:  checkpoints are occurring too frequently (3 seconds apart)
2026-09-26 19:35:58.705 UTC [27] HINT:  Consider increasing the configuration parameter "max_wal_size".
2026-09-26 19:35:58.705 UTC [27] LOG:  checkpoint starting: wal
2026-09-26 19:36:01.877 UTC [27] LOG:  checkpoint complete: wrote 1770 buffers (10.8%); 0 WAL file(s) added, 5 removed, 31 recycled; write=2.054 s, sync=0.693 s, total=3.173 s; sync files=5, longest=0.529 s, average=0.139 s; distance=584505 kB, estimate=588529 kB; lsn=83/59401290, redo lsn=83/3988F780
2026-09-26 19:36:01.878 UTC [27] LOG:  checkpoints are occurring too frequently (3 seconds apart)
2026-09-26 19:36:01.878 UTC [27] HINT:  Consider increasing the configuration parameter "max_wal_size".
2026-09-26 19:36:01.878 UTC [27] LOG:  checkpoint starting: wal
2026-09-26 19:36:05.100 UTC [27] LOG:  checkpoint complete: wrote 1922 buffers (11.7%); 0 WAL file(s) added, 5 removed, 30 recycled; write=2.151 s, sync=0.677 s, total=3.223 s; sync files=5, longest=0.501 s, average=0.136 s; distance=576130 kB, estimate=587289 kB; lsn=83/7D402110, redo lsn=83/5CB30160
2026-09-26 19:36:05.100 UTC [27] LOG:  checkpoints are occurring too frequently (4 seconds apart)
2026-09-26 19:36:05.100 UTC [27] HINT:  Consider increasing the configuration parameter "max_wal_size".
2026-09-26 19:36:05.100 UTC [27] LOG:  checkpoint starting: wal
2026-09-26 19:36:08.427 UTC [27] LOG:  checkpoint complete: wrote 2017 buffers (12.3%); 0 WAL file(s) added, 6 removed, 30 recycled; write=2.134 s, sync=0.780 s, total=3.327 s; sync files=6, longest=0.565 s, average=0.130 s; distance=588895 kB, estimate=588895 kB; lsn=83/A1403A00, redo lsn=83/80A47E58
2026-09-26 19:36:08.428 UTC [27] LOG:  checkpoints are occurring too frequently (3 seconds apart)
2026-09-26 19:36:08.428 UTC [27] HINT:  Consider increasing the configuration parameter "max_wal_size".
2026-09-26 19:36:08.428 UTC [27] LOG:  checkpoint starting: wal
2026-09-26 19:36:15.050 UTC [27] LOG:  checkpoint complete: wrote 2013 buffers (12.3%); 0 WAL file(s) added, 5 removed, 31 recycled; write=2.079 s, sync=0.746 s, total=6.623 s; sync files=5, longest=0.573 s, average=0.149 s; distance=586309 kB, estimate=588636 kB; lsn=83/C4405080, redo lsn=83/A46D9318
2026-09-26 19:36:15.050 UTC [27] LOG:  checkpoints are occurring too frequently (7 seconds apart)
2026-09-26 19:36:15.050 UTC [27] HINT:  Consider increasing the configuration parameter "max_wal_size".
2026-09-26 19:36:15.050 UTC [27] LOG:  checkpoint starting: wal
2026-09-26 19:36:18.410 UTC [27] LOG:  checkpoint complete: wrote 2041 buffers (12.5%); 0 WAL file(s) added, 6 removed, 30 recycled; write=2.199 s, sync=0.704 s, total=3.360 s; sync files=5, longest=0.558 s, average=0.141 s; distance=597072 kB, estimate=597072 kB; lsn=83/E9401678, redo lsn=83/C8DED608
2026-09-26 19:36:18.410 UTC [27] LOG:  checkpoints are occurring too frequently (3 seconds apart)
2026-09-26 19:36:18.410 UTC [27] HINT:  Consider increasing the configuration parameter "max_wal_size".
2026-09-26 19:36:18.410 UTC [27] LOG:  checkpoint starting: wal
2026-09-26 19:36:21.739 UTC [27] LOG:  checkpoint complete: wrote 2047 buffers (12.5%); 0 WAL file(s) added, 6 removed, 30 recycled; write=2.094 s, sync=0.810 s, total=3.329 s; sync files=5, longest=0.606 s, average=0.162 s; distance=586063 kB, estimate=595971 kB; lsn=84/D401158, redo lsn=83/ECA41470
2026-09-26 19:36:21.739 UTC [27] LOG:  checkpoints are occurring too frequently (3 seconds apart)
2026-09-26 19:36:21.739 UTC [27] HINT:  Consider increasing the configuration parameter "max_wal_size".
2026-09-26 19:36:21.739 UTC [27] LOG:  checkpoint starting: wal
2026-09-26 19:36:25.170 UTC [27] LOG:  checkpoint complete: wrote 2005 buffers (12.2%); 0 WAL file(s) added, 6 removed, 30 recycled; write=2.319 s, sync=0.673 s, total=3.431 s; sync files=5, longest=0.502 s, average=0.135 s; distance=589466 kB, estimate=595321 kB; lsn=84/31400708, redo lsn=84/109E8038
2026-09-26 19:36:25.170 UTC [27] LOG:  checkpoints are occurring too frequently (4 seconds apart)
2026-09-26 19:36:25.170 UTC [27] HINT:  Consider increasing the configuration parameter "max_wal_size".
2026-09-26 19:36:25.170 UTC [27] LOG:  checkpoint starting: wal
2026-09-26 19:36:28.280 UTC [27] LOG:  checkpoint complete: wrote 2219 buffers (13.5%); 0 WAL file(s) added, 5 removed, 31 recycled; write=2.465 s, sync=0.205 s, total=3.110 s; sync files=6, longest=0.118 s, average=0.035 s; distance=592142 kB, estimate=595003 kB; lsn=84/5471BEA8, redo lsn=84/34C2B950
2026-09-26 19:36:28.280 UTC [27] LOG:  checkpoints are occurring too frequently (3 seconds apart)
2026-09-26 19:36:28.280 UTC [27] HINT:  Consider increasing the configuration parameter "max_wal_size".
2026-09-26 19:36:28.280 UTC [27] LOG:  checkpoint starting: wal
2026-09-26 19:36:31.589 UTC [27] LOG:  checkpoint complete: wrote 1973 buffers (12.0%); 0 WAL file(s) added, 5 removed, 30 recycled; write=2.094 s, sync=0.766 s, total=3.309 s; sync files=5, longest=0.586 s, average=0.154 s; distance=575288 kB, estimate=593031 kB; lsn=84/784038F8, redo lsn=84/57DF9C30
2026-09-26 19:36:31.589 UTC [27] LOG:  checkpoints are occurring too frequently (3 seconds apart)
2026-09-26 19:36:31.589 UTC [27] HINT:  Consider increasing the configuration parameter "max_wal_size".
2026-09-26 19:36:31.589 UTC [27] LOG:  checkpoint starting: wal
2026-09-26 19:36:34.799 UTC [27] LOG:  checkpoint complete: wrote 1852 buffers (11.3%); 0 WAL file(s) added, 6 removed, 30 recycled; write=2.130 s, sync=0.657 s, total=3.210 s; sync files=5, longest=0.494 s, average=0.132 s; distance=591678 kB, estimate=592896 kB; lsn=84/9C4017F0, redo lsn=84/7BFC9750
2026-09-26 19:36:34.799 UTC [27] LOG:  checkpoints are occurring too frequently (3 seconds apart)
2026-09-26 19:36:34.799 UTC [27] HINT:  Consider increasing the configuration parameter "max_wal_size".
2026-09-26 19:36:34.799 UTC [27] LOG:  checkpoint starting: wal
2026-09-26 19:36:38.112 UTC [27] LOG:  checkpoint complete: wrote 2113 buffers (12.9%); 0 WAL file(s) added, 5 removed, 31 recycled; write=2.126 s, sync=0.726 s, total=3.314 s; sync files=5, longest=0.534 s, average=0.146 s; distance=585087 kB, estimate=592115 kB; lsn=84/BF402028, redo lsn=84/9FB293F0
2026-09-26 19:36:38.113 UTC [27] LOG:  checkpoints are occurring too frequently (4 seconds apart)
2026-09-26 19:36:38.113 UTC [27] HINT:  Consider increasing the configuration parameter "max_wal_size".
2026-09-26 19:36:38.113 UTC [27] LOG:  checkpoint starting: wal
2026-09-26 19:36:44.603 UTC [27] LOG:  checkpoint complete: wrote 2023 buffers (12.3%); 0 WAL file(s) added, 5 removed, 31 recycled; write=2.077 s, sync=3.974 s, total=6.491 s; sync files=6, longest=3.769 s, average=0.663 s; distance=581033 kB, estimate=591007 kB; lsn=84/E3400E08, redo lsn=84/C3293BB0
2026-09-26 19:36:44.603 UTC [27] LOG:  checkpoints are occurring too frequently (6 seconds apart)
2026-09-26 19:36:44.603 UTC [27] HINT:  Consider increasing the configuration parameter "max_wal_size".
2026-09-26 19:36:44.603 UTC [27] LOG:  checkpoint starting: wal
2026-09-26 19:36:47.800 UTC [27] LOG:  checkpoint complete: wrote 1929 buffers (11.8%); 0 WAL file(s) added, 5 removed, 30 recycled; write=2.038 s, sync=0.750 s, total=3.198 s; sync files=5, longest=0.567 s, average=0.150 s; distance=585646 kB, estimate=590471 kB; lsn=85/7748B10, redo lsn=84/E6E7F3C0
2026-09-26 19:36:47.801 UTC [27] LOG:  checkpoints are occurring too frequently (3 seconds apart)
2026-09-26 19:36:47.801 UTC [27] HINT:  Consider increasing the configuration parameter "max_wal_size".
2026-09-26 19:36:47.801 UTC [27] LOG:  checkpoint starting: wal
2026-09-26 19:36:51.218 UTC [27] LOG:  checkpoint complete: wrote 2085 buffers (12.7%); 0 WAL file(s) added, 7 removed, 29 recycled; write=2.177 s, sync=0.765 s, total=3.418 s; sync files=5, longest=0.577 s, average=0.153 s; distance=591202 kB, estimate=591202 kB; lsn=85/2C401890, redo lsn=85/AFD7D70
2026-09-26 19:36:51.218 UTC [27] LOG:  checkpoints are occurring too frequently (4 seconds apart)
2026-09-26 19:36:51.218 UTC [27] HINT:  Consider increasing the configuration parameter "max_wal_size".
2026-09-26 19:36:51.218 UTC [27] LOG:  checkpoint starting: wal
2026-09-26 19:37:45.114 UTC [27] LOG:  checkpoint complete: wrote 1672 buffers (10.2%); 0 WAL file(s) added, 6 removed, 31 recycled; write=53.491 s, sync=0.317 s, total=53.896 s; sync files=76, longest=0.216 s, average=0.005 s; distance=601469 kB, estimate=601469 kB; lsn=85/4FA4E970, redo lsn=85/2FB37198
2026-09-26 19:37:45.114 UTC [27] LOG:  checkpoint starting: wal
2026-09-26 19:37:47.215 UTC [27] LOG:  checkpoint complete: wrote 1589 buffers (9.7%); 0 WAL file(s) added, 2 removed, 32 recycled; write=1.586 s, sync=0.449 s, total=2.102 s; sync files=8, longest=0.384 s, average=0.057 s; distance=547388 kB, estimate=596060 kB; lsn=85/70EBC208, redo lsn=85/511C62B0
2026-09-26 19:37:47.250 UTC [27] LOG:  checkpoints are occurring too frequently (2 seconds apart)
2026-09-26 19:37:47.250 UTC [27] HINT:  Consider increasing the configuration parameter "max_wal_size".
2026-09-26 19:37:47.250 UTC [27] LOG:  checkpoint starting: wal
2026-09-26 19:37:49.324 UTC [27] LOG:  checkpoint complete: wrote 1626 buffers (9.9%); 0 WAL file(s) added, 3 removed, 30 recycled; write=1.551 s, sync=0.451 s, total=2.074 s; sync files=6, longest=0.387 s, average=0.075 s; distance=542979 kB, estimate=590752 kB; lsn=85/935BCA98, redo lsn=85/724070D8
2026-09-26 19:37:49.324 UTC [27] LOG:  checkpoints are occurring too frequently (2 seconds apart)
2026-09-26 19:37:49.324 UTC [27] HINT:  Consider increasing the configuration parameter "max_wal_size".
2026-09-26 19:37:49.324 UTC [27] LOG:  checkpoint starting: wal
2026-09-26 19:37:51.435 UTC [27] LOG:  checkpoint complete: wrote 1551 buffers (9.5%); 0 WAL file(s) added, 3 removed, 31 recycled; write=1.558 s, sync=0.485 s, total=2.111 s; sync files=5, longest=0.420 s, average=0.097 s; distance=556773 kB, estimate=587354 kB; lsn=85/B4479390, redo lsn=85/943C08C0
2026-09-26 19:37:51.447 UTC [27] LOG:  checkpoints are occurring too frequently (2 seconds apart)
2026-09-26 19:37:51.447 UTC [27] HINT:  Consider increasing the configuration parameter "max_wal_size".
2026-09-26 19:37:51.447 UTC [27] LOG:  checkpoint starting: wal
2026-09-26 19:37:53.578 UTC [27] LOG:  checkpoint complete: wrote 1545 buffers (9.4%); 0 WAL file(s) added, 3 removed, 30 recycled; write=1.570 s, sync=0.461 s, total=2.131 s; sync files=6, longest=0.378 s, average=0.077 s; distance=540926 kB, estimate=582712 kB; lsn=85/D6578040, redo lsn=85/B54004B0
2026-09-26 19:37:53.578 UTC [27] LOG:  checkpoints are occurring too frequently (2 seconds apart)
2026-09-26 19:37:53.578 UTC [27] HINT:  Consider increasing the configuration parameter "max_wal_size".
2026-09-26 19:37:53.578 UTC [27] LOG:  checkpoint starting: wal
2026-09-26 19:37:55.614 UTC [27] LOG:  checkpoint complete: wrote 1646 buffers (10.0%); 0 WAL file(s) added, 3 removed, 31 recycled; write=1.578 s, sync=0.367 s, total=2.037 s; sync files=6, longest=0.285 s, average=0.062 s; distance=562230 kB, estimate=580663 kB; lsn=85/F73FEB10, redo lsn=85/D790DF28
2026-09-26 19:37:55.621 UTC [27] LOG:  checkpoints are occurring too frequently (2 seconds apart)
2026-09-26 19:37:55.621 UTC [27] HINT:  Consider increasing the configuration parameter "max_wal_size".
2026-09-26 19:37:55.621 UTC [27] LOG:  checkpoint starting: wal
2026-09-26 19:37:58.692 UTC [27] LOG:  checkpoint complete: wrote 1674 buffers (10.2%); 0 WAL file(s) added, 2 removed, 31 recycled; write=1.988 s, sync=0.668 s, total=3.071 s; sync files=15, longest=0.496 s, average=0.045 s; distance=535501 kB, estimate=576147 kB; lsn=86/182C3AE8, redo lsn=85/F84014C8
2026-09-26 19:37:58.692 UTC [27] LOG:  checkpoints are occurring too frequently (3 seconds apart)
2026-09-26 19:37:58.692 UTC [27] HINT:  Consider increasing the configuration parameter "max_wal_size".
2026-09-26 19:37:58.692 UTC [27] LOG:  checkpoint starting: wal
2026-09-26 19:38:01.963 UTC [27] LOG:  checkpoint complete: wrote 2066 buffers (12.6%); 0 WAL file(s) added, 4 removed, 31 recycled; write=2.012 s, sync=0.791 s, total=3.272 s; sync files=5, longest=0.566 s, average=0.159 s; distance=576781 kB, estimate=576781 kB; lsn=86/3B4002F8, redo lsn=86/1B744B50
2026-09-26 19:38:01.963 UTC [27] LOG:  checkpoints are occurring too frequently (3 seconds apart)
2026-09-26 19:38:01.963 UTC [27] HINT:  Consider increasing the configuration parameter "max_wal_size".
2026-09-26 19:38:01.963 UTC [27] LOG:  checkpoint starting: wal
2026-09-26 19:38:05.093 UTC [27] LOG:  checkpoint complete: wrote 2009 buffers (12.3%); 0 WAL file(s) added, 4 removed, 32 recycled; write=2.042 s, sync=0.689 s, total=3.131 s; sync files=5, longest=0.511 s, average=0.138 s; distance=586817 kB, estimate=586817 kB; lsn=86/5EA55370, redo lsn=86/3F4552F8
2026-09-26 19:38:05.094 UTC [27] LOG:  checkpoints are occurring too frequently (4 seconds apart)
2026-09-26 19:38:05.094 UTC [27] HINT:  Consider increasing the configuration parameter "max_wal_size".
2026-09-26 19:38:05.094 UTC [27] LOG:  checkpoint starting: wal
2026-09-26 19:38:08.422 UTC [27] LOG:  checkpoint complete: wrote 1841 buffers (11.2%); 0 WAL file(s) added, 4 removed, 31 recycled; write=2.077 s, sync=0.795 s, total=3.329 s; sync files=5, longest=0.621 s, average=0.159 s; distance=570122 kB, estimate=585148 kB; lsn=86/82413260, redo lsn=86/62117E10
2026-09-26 19:38:08.422 UTC [27] LOG:  checkpoints are occurring too frequently (3 seconds apart)
2026-09-26 19:38:08.422 UTC [27] HINT:  Consider increasing the configuration parameter "max_wal_size".
2026-09-26 19:38:08.422 UTC [27] LOG:  checkpoint starting: wal
2026-09-26 19:38:11.614 UTC [27] LOG:  checkpoint complete: wrote 1865 buffers (11.4%); 0 WAL file(s) added, 5 removed, 30 recycled; write=1.990 s, sync=0.776 s, total=3.193 s; sync files=6, longest=0.553 s, average=0.130 s; distance=586109 kB, estimate=586109 kB; lsn=86/A67944B8, redo lsn=86/85D77558
2026-09-26 19:38:11.614 UTC [27] LOG:  checkpoints are occurring too frequently (3 seconds apart)
2026-09-26 19:38:11.614 UTC [27] HINT:  Consider increasing the configuration parameter "max_wal_size".
2026-09-26 19:38:11.614 UTC [27] LOG:  checkpoint starting: wal
2026-09-26 19:38:14.944 UTC [27] LOG:  checkpoint complete: wrote 1947 buffers (11.9%); 0 WAL file(s) added, 5 removed, 32 recycled; write=2.686 s, sync=0.197 s, total=3.331 s; sync files=5, longest=0.100 s, average=0.040 s; distance=596347 kB, estimate=596347 kB; lsn=86/C9595840, redo lsn=86/AA3D6420
2026-09-26 19:38:14.945 UTC [27] LOG:  checkpoints are occurring too frequently (3 seconds apart)
2026-09-26 19:38:14.945 UTC [27] HINT:  Consider increasing the configuration parameter "max_wal_size".
2026-09-26 19:38:14.963 UTC [27] LOG:  checkpoint starting: wal
2026-09-26 19:38:18.275 UTC [27] LOG:  checkpoint complete: wrote 2237 buffers (13.7%); 0 WAL file(s) added, 4 removed, 31 recycled; write=2.041 s, sync=0.786 s, total=3.331 s; sync files=5, longest=0.607 s, average=0.158 s; distance=573603 kB, estimate=594073 kB; lsn=86/ED40AB10, redo lsn=86/CD3FF308
2026-09-26 19:38:18.275 UTC [27] LOG:  checkpoints are occurring too frequently (4 seconds apart)
2026-09-26 19:38:18.275 UTC [27] HINT:  Consider increasing the configuration parameter "max_wal_size".
2026-09-26 19:38:18.275 UTC [27] LOG:  checkpoint starting: wal
2026-09-26 19:38:21.772 UTC [27] LOG:  checkpoint complete: wrote 2034 buffers (12.4%); 0 WAL file(s) added, 5 removed, 31 recycled; write=2.280 s, sync=0.764 s, total=3.497 s; sync files=5, longest=0.537 s, average=0.153 s; distance=589871 kB, estimate=593653 kB; lsn=87/11401CA0, redo lsn=86/F140AF58
2026-09-26 19:38:21.772 UTC [27] LOG:  checkpoints are occurring too frequently (3 seconds apart)
2026-09-26 19:38:21.772 UTC [27] HINT:  Consider increasing the configuration parameter "max_wal_size".
2026-09-26 19:38:21.772 UTC [27] LOG:  checkpoint starting: wal
2026-09-26 19:38:25.071 UTC [27] LOG:  checkpoint complete: wrote 1924 buffers (11.7%); 0 WAL file(s) added, 5 removed, 31 recycled; write=2.109 s, sync=0.679 s, total=3.299 s; sync files=6, longest=0.510 s, average=0.114 s; distance=587676 kB, estimate=593055 kB; lsn=87/359745A8, redo lsn=87/151F2028
2026-09-26 19:38:25.071 UTC [27] LOG:  checkpoints are occurring too frequently (4 seconds apart)
2026-09-26 19:38:25.071 UTC [27] HINT:  Consider increasing the configuration parameter "max_wal_size".
2026-09-26 19:38:25.071 UTC [27] LOG:  checkpoint starting: wal
2026-09-26 19:38:31.327 UTC [27] LOG:  checkpoint complete: wrote 1763 buffers (10.8%); 0 WAL file(s) added, 5 removed, 31 recycled; write=2.037 s, sync=3.708 s, total=6.256 s; sync files=5, longest=3.504 s, average=0.742 s; distance=600041 kB, estimate=600041 kB; lsn=87/594B0C60, redo lsn=87/39BEC4D8
2026-09-26 19:38:31.327 UTC [27] LOG:  checkpoints are occurring too frequently (6 seconds apart)
2026-09-26 19:38:31.327 UTC [27] HINT:  Consider increasing the configuration parameter "max_wal_size".
2026-09-26 19:38:31.327 UTC [27] LOG:  checkpoint starting: wal
2026-09-26 19:38:34.570 UTC [27] LOG:  checkpoint complete: wrote 1654 buffers (10.1%); 0 WAL file(s) added, 6 removed, 30 recycled; write=2.104 s, sync=0.677 s, total=3.243 s; sync files=5, longest=0.493 s, average=0.136 s; distance=590209 kB, estimate=599057 kB; lsn=87/7E400788, redo lsn=87/5DC4C8F8
2026-09-26 19:38:34.570 UTC [27] LOG:  checkpoints are occurring too frequently (3 seconds apart)
2026-09-26 19:38:34.570 UTC [27] HINT:  Consider increasing the configuration parameter "max_wal_size".
2026-09-26 19:38:34.575 UTC [27] LOG:  checkpoint starting: wal
2026-09-26 19:38:37.934 UTC [27] LOG:  checkpoint complete: wrote 2089 buffers (12.8%); 0 WAL file(s) added, 6 removed, 30 recycled; write=2.223 s, sync=0.707 s, total=3.364 s; sync files=6, longest=0.527 s, average=0.118 s; distance=592516 kB, estimate=598403 kB; lsn=87/A24017F8, redo lsn=87/81EEDAF8
2026-09-26 19:38:37.935 UTC [27] LOG:  checkpoints are occurring too frequently (3 seconds apart)
2026-09-26 19:38:37.935 UTC [27] HINT:  Consider increasing the configuration parameter "max_wal_size".
2026-09-26 19:38:37.935 UTC [27] LOG:  checkpoint starting: wal
2026-09-26 19:38:41.264 UTC [27] LOG:  checkpoint complete: wrote 1775 buffers (10.8%); 0 WAL file(s) added, 5 removed, 31 recycled; write=2.132 s, sync=0.743 s, total=3.329 s; sync files=5, longest=0.545 s, average=0.149 s; distance=587072 kB, estimate=597270 kB; lsn=87/C585BCA0, redo lsn=87/A5C3DE80
2026-09-26 19:38:41.264 UTC [27] LOG:  checkpoints are occurring too frequently (4 seconds apart)
2026-09-26 19:38:41.264 UTC [27] HINT:  Consider increasing the configuration parameter "max_wal_size".
2026-09-26 19:38:41.266 UTC [27] LOG:  checkpoint starting: wal
2026-09-26 19:38:44.993 UTC [27] LOG:  checkpoint complete: wrote 1941 buffers (11.8%); 0 WAL file(s) added, 4 removed, 32 recycled; write=2.555 s, sync=0.673 s, total=3.730 s; sync files=5, longest=0.649 s, average=0.135 s; distance=581385 kB, estimate=595682 kB; lsn=87/E8085750, redo lsn=87/C94002E8
2026-09-26 19:38:44.993 UTC [27] LOG:  checkpoints are occurring too frequently (3 seconds apart)
2026-09-26 19:38:44.993 UTC [27] HINT:  Consider increasing the configuration parameter "max_wal_size".
2026-09-26 19:38:44.993 UTC [27] LOG:  checkpoint starting: wal
2026-09-26 19:39:07.921 UTC [27] LOG:  checkpoint complete: wrote 875 buffers (5.3%); 0 WAL file(s) added, 3 removed, 33 recycled; write=22.111 s, sync=0.370 s, total=22.929 s; sync files=6, longest=0.283 s, average=0.062 s; distance=593672 kB, estimate=595481 kB; lsn=88/B391D70, redo lsn=87/ED7C2530
2026-09-26 19:39:22.684 UTC [27] LOG:  checkpoint starting: wal
2026-09-26 19:39:31.662 UTC [27] LOG:  checkpoint complete: wrote 826 buffers (5.0%); 0 WAL file(s) added, 0 removed, 33 recycled; write=8.449 s, sync=0.092 s, total=8.978 s; sync files=4, longest=0.076 s, average=0.023 s; distance=532813 kB, estimate=589214 kB; lsn=88/2CD876F0, redo lsn=88/E015B78
2026-09-26 19:39:31.700 UTC [27] LOG:  checkpoints are occurring too frequently (9 seconds apart)
2026-09-26 19:39:31.700 UTC [27] HINT:  Consider increasing the configuration parameter "max_wal_size".
2026-09-26 19:39:31.700 UTC [27] LOG:  checkpoint starting: wal
2026-09-26 19:39:34.591 UTC [27] LOG:  checkpoint complete: wrote 4830 buffers (29.5%); 0 WAL file(s) added, 2 removed, 31 recycled; write=1.900 s, sync=0.565 s, total=2.891 s; sync files=8, longest=0.408 s, average=0.071 s; distance=543736 kB, estimate=584666 kB; lsn=88/4F401F80, redo lsn=88/2F313E68
2026-09-26 19:39:34.591 UTC [27] LOG:  checkpoints are occurring too frequently (3 seconds apart)
2026-09-26 19:39:34.591 UTC [27] HINT:  Consider increasing the configuration parameter "max_wal_size".
2026-09-26 19:39:34.591 UTC [27] LOG:  checkpoint starting: wal
2026-09-26 19:39:37.807 UTC [27] LOG:  checkpoint complete: wrote 1694 buffers (10.3%); 0 WAL file(s) added, 5 removed, 31 recycled; write=2.072 s, sync=0.692 s, total=3.216 s; sync files=5, longest=0.491 s, average=0.139 s; distance=592716 kB, estimate=592716 kB; lsn=88/73400EA8, redo lsn=88/535E7018
2026-09-26 19:39:37.807 UTC [27] LOG:  checkpoints are occurring too frequently (3 seconds apart)
2026-09-26 19:39:37.807 UTC [27] HINT:  Consider increasing the configuration parameter "max_wal_size".
2026-09-26 19:39:37.807 UTC [27] LOG:  checkpoint starting: wal
2026-09-26 19:39:41.123 UTC [27] LOG:  checkpoint complete: wrote 2053 buffers (12.5%); 0 WAL file(s) added, 5 removed, 30 recycled; write=2.123 s, sync=0.764 s, total=3.316 s; sync files=5, longest=0.584 s, average=0.153 s; distance=583092 kB, estimate=591753 kB; lsn=88/974023D8, redo lsn=88/76F54070
2026-09-26 19:39:41.123 UTC [27] LOG:  checkpoints are occurring too frequently (4 seconds apart)
2026-09-26 19:39:41.123 UTC [27] HINT:  Consider increasing the configuration parameter "max_wal_size".
2026-09-26 19:39:41.123 UTC [27] LOG:  checkpoint starting: wal
2026-09-26 19:39:44.466 UTC [27] LOG:  checkpoint complete: wrote 2030 buffers (12.4%); 0 WAL file(s) added, 6 removed, 30 recycled; write=2.118 s, sync=0.767 s, total=3.344 s; sync files=5, longest=0.591 s, average=0.154 s; distance=586932 kB, estimate=591271 kB; lsn=88/BB400180, redo lsn=88/9AC81388
2026-09-26 19:39:44.467 UTC [27] LOG:  checkpoints are occurring too frequently (3 seconds apart)
2026-09-26 19:39:44.467 UTC [27] HINT:  Consider increasing the configuration parameter "max_wal_size".
2026-09-26 19:39:44.467 UTC [27] LOG:  checkpoint starting: wal
2026-09-26 19:39:47.802 UTC [27] LOG:  checkpoint complete: wrote 2064 buffers (12.6%); 0 WAL file(s) added, 6 removed, 30 recycled; write=2.135 s, sync=0.758 s, total=3.335 s; sync files=5, longest=0.568 s, average=0.152 s; distance=591633 kB, estimate=591633 kB; lsn=88/DF546CB8, redo lsn=88/BEE45940
2026-09-26 19:39:47.802 UTC [27] LOG:  checkpoints are occurring too frequently (3 seconds apart)
2026-09-26 19:39:47.802 UTC [27] HINT:  Consider increasing the configuration parameter "max_wal_size".
2026-09-26 19:39:47.802 UTC [27] LOG:  checkpoint starting: wal
2026-09-26 19:39:51.094 UTC [27] LOG:  checkpoint complete: wrote 2003 buffers (12.2%); 0 WAL file(s) added, 6 removed, 30 recycled; write=2.116 s, sync=0.711 s, total=3.292 s; sync files=6, longest=0.513 s, average=0.119 s; distance=589334 kB, estimate=591403 kB; lsn=89/3401040, redo lsn=88/E2DCB170
2026-09-26 19:39:51.094 UTC [27] LOG:  checkpoints are occurring too frequently (4 seconds apart)
2026-09-26 19:39:51.094 UTC [27] HINT:  Consider increasing the configuration parameter "max_wal_size".
2026-09-26 19:39:51.094 UTC [27] LOG:  checkpoint starting: wal
2026-09-26 19:39:57.618 UTC [27] LOG:  checkpoint complete: wrote 2013 buffers (12.3%); 0 WAL file(s) added, 6 removed, 30 recycled; write=5.307 s, sync=0.785 s, total=6.524 s; sync files=5, longest=0.605 s, average=0.157 s; distance=588141 kB, estimate=591077 kB; lsn=89/27400810, redo lsn=89/6C265A8
2026-09-26 19:39:57.618 UTC [27] LOG:  checkpoints are occurring too frequently (6 seconds apart)
2026-09-26 19:39:57.618 UTC [27] HINT:  Consider increasing the configuration parameter "max_wal_size".
2026-09-26 19:39:57.618 UTC [27] LOG:  checkpoint starting: wal
2026-09-26 19:40:00.914 UTC [27] LOG:  checkpoint complete: wrote 1944 buffers (11.9%); 0 WAL file(s) added, 6 removed, 30 recycled; write=2.168 s, sync=0.701 s, total=3.297 s; sync files=5, longest=0.509 s, average=0.141 s; distance=587000 kB, estimate=590669 kB; lsn=89/4B402508, redo lsn=89/2A964998
2026-09-26 19:40:00.915 UTC [27] LOG:  checkpoints are occurring too frequently (3 seconds apart)
2026-09-26 19:40:00.915 UTC [27] HINT:  Consider increasing the configuration parameter "max_wal_size".
2026-09-26 19:40:00.915 UTC [27] LOG:  checkpoint starting: wal
2026-09-26 19:40:04.146 UTC [27] LOG:  checkpoint complete: wrote 1918 buffers (11.7%); 0 WAL file(s) added, 6 removed, 31 recycled; write=2.135 s, sync=0.657 s, total=3.232 s; sync files=5, longest=0.492 s, average=0.132 s; distance=599992 kB, estimate=599992 kB; lsn=89/6F400EC0, redo lsn=89/4F352C10
2026-09-26 19:40:04.146 UTC [27] LOG:  checkpoints are occurring too frequently (4 seconds apart)
2026-09-26 19:40:04.146 UTC [27] HINT:  Consider increasing the configuration parameter "max_wal_size".
2026-09-26 19:40:04.146 UTC [27] LOG:  checkpoint starting: wal
2026-09-26 19:40:07.424 UTC [27] LOG:  checkpoint complete: wrote 1848 buffers (11.3%); 0 WAL file(s) added, 5 removed, 30 recycled; write=2.110 s, sync=0.722 s, total=3.278 s; sync files=6, longest=0.526 s, average=0.121 s; distance=582925 kB, estimate=598285 kB; lsn=89/93401568, redo lsn=89/72C96318
2026-09-26 19:40:07.424 UTC [27] LOG:  checkpoints are occurring too frequently (3 seconds apart)
2026-09-26 19:40:07.424 UTC [27] HINT:  Consider increasing the configuration parameter "max_wal_size".
2026-09-26 19:40:07.424 UTC [27] LOG:  checkpoint starting: wal
2026-09-26 19:40:10.699 UTC [27] LOG:  checkpoint complete: wrote 2016 buffers (12.3%); 0 WAL file(s) added, 6 removed, 30 recycled; write=2.164 s, sync=0.694 s, total=3.276 s; sync files=5, longest=0.521 s, average=0.139 s; distance=589766 kB, estimate=597434 kB; lsn=89/B7403020, redo lsn=89/96C87ED8
2026-09-26 19:40:10.700 UTC [27] LOG:  checkpoints are occurring too frequently (3 seconds apart)
2026-09-26 19:40:10.700 UTC [27] HINT:  Consider increasing the configuration parameter "max_wal_size".
2026-09-26 19:40:10.700 UTC [27] LOG:  checkpoint starting: wal
2026-09-26 19:40:14.111 UTC [27] LOG:  checkpoint complete: wrote 2140 buffers (13.1%); 0 WAL file(s) added, 6 removed, 30 recycled; write=2.229 s, sync=0.761 s, total=3.412 s; sync files=5, longest=0.583 s, average=0.153 s; distance=591793 kB, estimate=596869 kB; lsn=89/DB40CCC8, redo lsn=89/BAE74320
2026-09-26 19:40:14.111 UTC [27] LOG:  checkpoints are occurring too frequently (4 seconds apart)
2026-09-26 19:40:14.111 UTC [27] HINT:  Consider increasing the configuration parameter "max_wal_size".
2026-09-26 19:40:14.111 UTC [27] LOG:  checkpoint starting: wal
2026-09-26 19:40:17.530 UTC [27] LOG:  checkpoint complete: wrote 2048 buffers (12.5%); 0 WAL file(s) added, 6 removed, 30 recycled; write=2.490 s, sync=0.513 s, total=3.419 s; sync files=5, longest=0.376 s, average=0.103 s; distance=586144 kB, estimate=595797 kB; lsn=89/FF401828, redo lsn=89/DEADC490
2026-09-26 19:40:17.530 UTC [27] LOG:  checkpoints are occurring too frequently (3 seconds apart)
2026-09-26 19:40:17.530 UTC [27] HINT:  Consider increasing the configuration parameter "max_wal_size".
2026-09-26 19:40:17.530 UTC [27] LOG:  checkpoint starting: wal
2026-09-26 19:40:20.696 UTC [27] LOG:  checkpoint complete: wrote 1949 buffers (11.9%); 0 WAL file(s) added, 6 removed, 30 recycled; write=2.088 s, sync=0.674 s, total=3.166 s; sync files=6, longest=0.496 s, average=0.113 s; distance=589706 kB, estimate=595188 kB; lsn=8A/234006D8, redo lsn=8A/2ABF008
2026-09-26 19:40:20.696 UTC [27] LOG:  checkpoints are occurring too frequently (3 seconds apart)
2026-09-26 19:40:20.696 UTC [27] HINT:  Consider increasing the configuration parameter "max_wal_size".
2026-09-26 19:40:20.696 UTC [27] LOG:  checkpoint starting: wal
2026-09-26 19:40:27.199 UTC [27] LOG:  checkpoint complete: wrote 1865 buffers (11.4%); 0 WAL file(s) added, 6 removed, 30 recycled; write=5.452 s, sync=0.653 s, total=6.503 s; sync files=5, longest=0.484 s, average=0.131 s; distance=590595 kB, estimate=594729 kB; lsn=8A/474005F0, redo lsn=8A/26B7FCF8
2026-09-26 19:40:27.199 UTC [27] LOG:  checkpoints are occurring too frequently (7 seconds apart)
2026-09-26 19:40:27.199 UTC [27] HINT:  Consider increasing the configuration parameter "max_wal_size".
2026-09-26 19:40:27.199 UTC [27] LOG:  checkpoint starting: wal
2026-09-26 19:40:30.454 UTC [27] LOG:  checkpoint complete: wrote 1899 buffers (11.6%); 0 WAL file(s) added, 6 removed, 30 recycled; write=2.129 s, sync=0.675 s, total=3.255 s; sync files=5, longest=0.475 s, average=0.135 s; distance=591110 kB, estimate=594367 kB; lsn=8A/6B402230, redo lsn=8A/4ACC1720
2026-09-26 19:40:30.454 UTC [27] LOG:  checkpoints are occurring too frequently (3 seconds apart)
2026-09-26 19:40:30.454 UTC [27] HINT:  Consider increasing the configuration parameter "max_wal_size".
2026-09-26 19:40:30.454 UTC [27] LOG:  checkpoint starting: wal
2026-09-26 19:40:33.802 UTC [27] LOG:  checkpoint complete: wrote 2079 buffers (12.7%); 0 WAL file(s) added, 6 removed, 31 recycled; write=2.108 s, sync=0.784 s, total=3.348 s; sync files=5, longest=0.547 s, average=0.157 s; distance=593819 kB, estimate=594312 kB; lsn=8A/8F400B30, redo lsn=8A/6F0A8428
2026-09-26 19:40:33.803 UTC [27] LOG:  checkpoints are occurring too frequently (3 seconds apart)
2026-09-26 19:40:33.803 UTC [27] HINT:  Consider increasing the configuration parameter "max_wal_size".
2026-09-26 19:40:33.803 UTC [27] LOG:  checkpoint starting: wal
2026-09-26 19:40:37.124 UTC [27] LOG:  checkpoint complete: wrote 1924 buffers (11.7%); 0 WAL file(s) added, 5 removed, 31 recycled; write=2.038 s, sync=0.797 s, total=3.322 s; sync files=6, longest=0.597 s, average=0.133 s; distance=592743 kB, estimate=594155 kB; lsn=8A/B34000D0, redo lsn=8A/933820B8
2026-09-26 19:40:37.125 UTC [27] LOG:  checkpoints are occurring too frequently (4 seconds apart)
2026-09-26 19:40:37.125 UTC [27] HINT:  Consider increasing the configuration parameter "max_wal_size".
2026-09-26 19:40:37.127 UTC [27] LOG:  checkpoint starting: wal
2026-09-26 19:41:34.541 UTC [27] LOG:  checkpoint complete: wrote 1948 buffers (11.9%); 0 WAL file(s) added, 3 removed, 33 recycled; write=57.238 s, sync=0.075 s, total=57.417 s; sync files=75, longest=0.019 s, average=0.001 s; distance=590332 kB, estimate=593773 kB; lsn=8A/D5D131C8, redo lsn=8A/B74012B8
2026-09-26 19:41:34.877 UTC [27] LOG:  checkpoint starting: wal
2026-09-26 19:41:36.712 UTC [27] LOG:  checkpoint complete: wrote 3619 buffers (22.1%); 0 WAL file(s) added, 2 removed, 31 recycled; write=1.449 s, sync=0.301 s, total=1.835 s; sync files=13, longest=0.241 s, average=0.024 s; distance=540251 kB, estimate=588421 kB; lsn=8A/F83FEEB0, redo lsn=8A/D8398208
2026-09-26 19:41:36.725 UTC [27] LOG:  checkpoints are occurring too frequently (2 seconds apart)
2026-09-26 19:41:36.725 UTC [27] HINT:  Consider increasing the configuration parameter "max_wal_size".
2026-09-26 19:41:36.725 UTC [27] LOG:  checkpoint starting: wal
2026-09-26 19:41:38.646 UTC [27] LOG:  checkpoint complete: wrote 1512 buffers (9.2%); 0 WAL file(s) added, 1 removed, 32 recycled; write=1.543 s, sync=0.306 s, total=1.922 s; sync files=6, longest=0.237 s, average=0.051 s; distance=541119 kB, estimate=583690 kB; lsn=8B/18DEC028, redo lsn=8A/F94080E8
2026-09-26 19:41:38.695 UTC [27] LOG:  checkpoints are occurring too frequently (2 seconds apart)
2026-09-26 19:41:38.695 UTC [27] HINT:  Consider increasing the configuration parameter "max_wal_size".
2026-09-26 19:41:38.695 UTC [27] LOG:  checkpoint starting: wal
2026-09-26 19:41:40.757 UTC [27] LOG:  checkpoint complete: wrote 1594 buffers (9.7%); 0 WAL file(s) added, 1 removed, 32 recycled; write=1.640 s, sync=0.352 s, total=2.062 s; sync files=5, longest=0.284 s, average=0.071 s; distance=540641 kB, estimate=579385 kB; lsn=8B/39D3B4B8, redo lsn=8B/1A400568
2026-09-26 19:41:40.800 UTC [27] LOG:  checkpoints are occurring too frequently (2 seconds apart)
2026-09-26 19:41:40.800 UTC [27] HINT:  Consider increasing the configuration parameter "max_wal_size".
2026-09-26 19:41:40.800 UTC [27] LOG:  checkpoint starting: wal
2026-09-26 19:41:42.741 UTC [27] LOG:  checkpoint complete: wrote 1546 buffers (9.4%); 0 WAL file(s) added, 2 removed, 31 recycled; write=1.580 s, sync=0.297 s, total=1.941 s; sync files=5, longest=0.230 s, average=0.060 s; distance=540699 kB, estimate=575517 kB; lsn=8B/5B59DD78, redo lsn=8B/3B4073F8
2026-09-26 19:41:42.749 UTC [27] LOG:  checkpoints are occurring too frequently (2 seconds apart)
2026-09-26 19:41:42.749 UTC [27] HINT:  Consider increasing the configuration parameter "max_wal_size".
2026-09-26 19:41:42.749 UTC [27] LOG:  checkpoint starting: wal
2026-09-26 19:41:44.726 UTC [27] LOG:  checkpoint complete: wrote 1586 buffers (9.7%); 0 WAL file(s) added, 3 removed, 30 recycled; write=1.555 s, sync=0.343 s, total=1.977 s; sync files=6, longest=0.272 s, average=0.058 s; distance=540648 kB, estimate=572030 kB; lsn=8B/7D0DDAB0, redo lsn=8B/5C4017E8
2026-09-26 19:41:44.726 UTC [27] LOG:  checkpoints are occurring too frequently (2 seconds apart)
2026-09-26 19:41:44.726 UTC [27] HINT:  Consider increasing the configuration parameter "max_wal_size".
2026-09-26 19:41:44.726 UTC [27] LOG:  checkpoint starting: wal
2026-09-26 19:41:47.574 UTC [27] LOG:  checkpoint complete: wrote 1610 buffers (9.8%); 0 WAL file(s) added, 3 removed, 30 recycled; write=1.798 s, sync=0.701 s, total=2.849 s; sync files=6, longest=0.489 s, average=0.117 s; distance=550023 kB, estimate=569829 kB; lsn=8B/9E4026B0, redo lsn=8B/7DD23600
2026-09-26 19:41:47.575 UTC [27] LOG:  checkpoints are occurring too frequently (3 seconds apart)
2026-09-26 19:41:47.575 UTC [27] HINT:  Consider increasing the configuration parameter "max_wal_size".
2026-09-26 19:41:47.575 UTC [27] LOG:  checkpoint starting: wal
2026-09-26 19:41:50.831 UTC [27] LOG:  checkpoint complete: wrote 2057 buffers (12.6%); 0 WAL file(s) added, 5 removed, 31 recycled; write=2.137 s, sync=0.721 s, total=3.257 s; sync files=5, longest=0.497 s, average=0.145 s; distance=585547 kB, estimate=585547 kB; lsn=8B/C1404FC8, redo lsn=8B/A18F6398
2026-09-26 19:41:50.832 UTC [27] LOG:  checkpoints are occurring too frequently (3 seconds apart)
2026-09-26 19:41:50.832 UTC [27] HINT:  Consider increasing the configuration parameter "max_wal_size".
2026-09-26 19:41:50.832 UTC [27] LOG:  checkpoint starting: wal
2026-09-26 19:41:54.085 UTC [27] LOG:  checkpoint complete: wrote 2032 buffers (12.4%); 0 WAL file(s) added, 5 removed, 30 recycled; write=2.086 s, sync=0.740 s, total=3.254 s; sync files=7, longest=0.514 s, average=0.106 s; distance=579388 kB, estimate=584931 kB; lsn=8B/E5402258, redo lsn=8B/C4EC54E8
2026-09-26 19:41:54.085 UTC [27] LOG:  checkpoints are occurring too frequently (4 seconds apart)
2026-09-26 19:41:54.085 UTC [27] HINT:  Consider increasing the configuration parameter "max_wal_size".
2026-09-26 19:41:54.085 UTC [27] LOG:  checkpoint starting: wal
2026-09-26 19:41:57.520 UTC [27] LOG:  checkpoint complete: wrote 1882 buffers (11.5%); 0 WAL file(s) added, 6 removed, 30 recycled; write=2.089 s, sync=0.903 s, total=3.435 s; sync files=13, longest=0.566 s, average=0.070 s; distance=590469 kB, estimate=590469 kB; lsn=8C/9DC78F0, redo lsn=8B/E8F66C80
2026-09-26 19:41:57.520 UTC [27] LOG:  checkpoints are occurring too frequently (3 seconds apart)
2026-09-26 19:41:57.520 UTC [27] HINT:  Consider increasing the configuration parameter "max_wal_size".
2026-09-26 19:41:57.520 UTC [27] LOG:  checkpoint starting: wal
2026-09-26 19:42:00.946 UTC [27] LOG:  checkpoint complete: wrote 1866 buffers (11.4%); 0 WAL file(s) added, 8 removed, 29 recycled; write=2.142 s, sync=0.873 s, total=3.426 s; sync files=8, longest=0.622 s, average=0.110 s; distance=604167 kB, estimate=604167 kB; lsn=8C/2F9AE138, redo lsn=8C/DD68BD8
2026-09-26 19:42:00.946 UTC [27] LOG:  checkpoints are occurring too frequently (3 seconds apart)
2026-09-26 19:42:00.946 UTC [27] HINT:  Consider increasing the configuration parameter "max_wal_size".
2026-09-26 19:42:00.946 UTC [27] LOG:  checkpoint starting: wal
2026-09-26 19:42:04.304 UTC [27] LOG:  checkpoint complete: wrote 1957 buffers (11.9%); 0 WAL file(s) added, 7 removed, 31 recycled; write=2.153 s, sync=0.732 s, total=3.359 s; sync files=6, longest=0.550 s, average=0.122 s; distance=610970 kB, estimate=610970 kB; lsn=8C/53844CF8, redo lsn=8C/3320F528
2026-09-26 19:42:04.304 UTC [27] LOG:  checkpoints are occurring too frequently (4 seconds apart)
2026-09-26 19:42:04.304 UTC [27] HINT:  Consider increasing the configuration parameter "max_wal_size".
2026-09-26 19:42:04.304 UTC [27] LOG:  checkpoint starting: wal
2026-09-26 19:42:08.350 UTC [27] LOG:  checkpoint complete: wrote 1953 buffers (11.9%); 0 WAL file(s) added, 5 removed, 31 recycled; write=2.054 s, sync=1.590 s, total=4.047 s; sync files=6, longest=1.368 s, average=0.265 s; distance=595455 kB, estimate=609418 kB; lsn=8C/77402E20, redo lsn=8C/5778F370
2026-09-26 19:42:08.351 UTC [27] LOG:  checkpoints are occurring too frequently (4 seconds apart)
2026-09-26 19:42:08.351 UTC [27] HINT:  Consider increasing the configuration parameter "max_wal_size".
2026-09-26 19:42:08.351 UTC [27] LOG:  checkpoint starting: wal
2026-09-26 19:42:11.624 UTC [27] LOG:  checkpoint complete: wrote 1706 buffers (10.4%); 0 WAL file(s) added, 5 removed, 30 recycled; write=2.107 s, sync=0.737 s, total=3.274 s; sync files=7, longest=0.504 s, average=0.106 s; distance=579873 kB, estimate=606464 kB; lsn=8C/9B6CE138, redo lsn=8C/7ADD7A78
2026-09-26 19:42:11.625 UTC [27] LOG:  checkpoints are occurring too frequently (3 seconds apart)
2026-09-26 19:42:11.625 UTC [27] HINT:  Consider increasing the configuration parameter "max_wal_size".
2026-09-26 19:42:11.625 UTC [27] LOG:  checkpoint starting: wal
2026-09-26 19:42:14.830 UTC [27] LOG:  checkpoint complete: wrote 1850 buffers (11.3%); 0 WAL file(s) added, 5 removed, 32 recycled; write=2.109 s, sync=0.714 s, total=3.206 s; sync files=6, longest=0.545 s, average=0.119 s; distance=596407 kB, estimate=605458 kB; lsn=8C/BE9B9F68, redo lsn=8C/9F445780
2026-09-26 19:42:14.831 UTC [27] LOG:  checkpoints are occurring too frequently (3 seconds apart)
2026-09-26 19:42:14.831 UTC [27] HINT:  Consider increasing the configuration parameter "max_wal_size".
2026-09-26 19:42:14.831 UTC [27] LOG:  checkpoint starting: wal
2026-09-26 19:42:18.207 UTC [27] LOG:  checkpoint complete: wrote 1972 buffers (12.0%); 0 WAL file(s) added, 3 removed, 32 recycled; write=2.414 s, sync=0.546 s, total=3.377 s; sync files=6, longest=0.508 s, average=0.091 s; distance=573404 kB, estimate=602253 kB; lsn=8C/E1E74418, redo lsn=8C/C243C8F8
2026-09-26 19:42:18.207 UTC [27] LOG:  checkpoints are occurring too frequently (4 seconds apart)
2026-09-26 19:42:18.207 UTC [27] HINT:  Consider increasing the configuration parameter "max_wal_size".
2026-09-26 19:42:18.207 UTC [27] LOG:  checkpoint starting: wal
2026-09-26 19:42:21.571 UTC [27] LOG:  checkpoint complete: wrote 1799 buffers (11.0%); 0 WAL file(s) added, 5 removed, 30 recycled; write=2.081 s, sync=0.835 s, total=3.365 s; sync files=6, longest=0.526 s, average=0.140 s; distance=582669 kB, estimate=600294 kB; lsn=8D/64BADD8, redo lsn=8C/E5D40070
2026-09-26 19:42:21.572 UTC [27] LOG:  checkpoints are occurring too frequently (3 seconds apart)
2026-09-26 19:42:21.572 UTC [27] HINT:  Consider increasing the configuration parameter "max_wal_size".
2026-09-26 19:42:21.574 UTC [27] LOG:  checkpoint starting: wal
2026-09-26 19:42:24.871 UTC [27] LOG:  checkpoint complete: wrote 1812 buffers (11.1%); 0 WAL file(s) added, 6 removed, 31 recycled; write=2.141 s, sync=0.730 s, total=3.300 s; sync files=7, longest=0.535 s, average=0.105 s; distance=596733 kB, estimate=599938 kB; lsn=8D/2AB63D50, redo lsn=8D/A3FF5A8
2026-09-26 19:42:24.871 UTC [27] LOG:  checkpoints are occurring too frequently (3 seconds apart)
2026-09-26 19:42:24.871 UTC [27] HINT:  Consider increasing the configuration parameter "max_wal_size".
2026-09-26 19:42:24.871 UTC [27] LOG:  checkpoint starting: wal
2026-09-26 19:42:28.074 UTC [27] LOG:  checkpoint complete: wrote 2003 buffers (12.2%); 0 WAL file(s) added, 6 removed, 30 recycled; write=1.966 s, sync=0.814 s, total=3.203 s; sync files=6, longest=0.569 s, average=0.136 s; distance=592685 kB, estimate=599213 kB; lsn=8D/4F402340, redo lsn=8D/2E6CAA88
2026-09-26 19:42:28.074 UTC [27] LOG:  checkpoints are occurring too frequently (4 seconds apart)
2026-09-26 19:42:28.074 UTC [27] HINT:  Consider increasing the configuration parameter "max_wal_size".
2026-09-26 19:42:28.074 UTC [27] LOG:  checkpoint starting: wal
2026-09-26 19:42:31.323 UTC [27] LOG:  checkpoint complete: wrote 1654 buffers (10.1%); 0 WAL file(s) added, 6 removed, 31 recycled; write=2.110 s, sync=0.688 s, total=3.250 s; sync files=6, longest=0.491 s, average=0.115 s; distance=599798 kB, estimate=599798 kB; lsn=8D/73F906E0, redo lsn=8D/53088440
2026-09-26 19:42:31.323 UTC [27] LOG:  checkpoints are occurring too frequently (3 seconds apart)
2026-09-26 19:42:31.323 UTC [27] HINT:  Consider increasing the configuration parameter "max_wal_size".
2026-09-26 19:42:31.323 UTC [27] LOG:  checkpoint starting: wal
2026-09-26 19:42:35.046 UTC [27] LOG:  checkpoint complete: wrote 2002 buffers (12.2%); 0 WAL file(s) added, 6 removed, 30 recycled; write=2.521 s, sync=0.752 s, total=3.723 s; sync files=7, longest=0.505 s, average=0.108 s; distance=602762 kB, estimate=602762 kB; lsn=8D/988789C8, redo lsn=8D/77D2AEC0
2026-09-26 19:42:35.046 UTC [27] LOG:  checkpoints are occurring too frequently (4 seconds apart)
2026-09-26 19:42:35.046 UTC [27] HINT:  Consider increasing the configuration parameter "max_wal_size".
2026-09-26 19:42:35.046 UTC [27] LOG:  checkpoint starting: wal
2026-09-26 19:42:58.782 UTC [27] LOG:  checkpoint complete: wrote 731 buffers (4.5%); 0 WAL file(s) added, 4 removed, 34 recycled; write=22.924 s, sync=0.337 s, total=23.737 s; sync files=11, longest=0.313 s, average=0.031 s; distance=609833 kB, estimate=609833 kB; lsn=8D/BAC9EA38, redo lsn=8D/9D0B55D0
2026-09-26 19:43:12.223 UTC [27] LOG:  checkpoint starting: wal
2026-09-26 19:43:21.416 UTC [27] LOG:  checkpoint complete: wrote 729 buffers (4.4%); 0 WAL file(s) added, 1 removed, 32 recycled; write=8.537 s, sync=0.272 s, total=9.193 s; sync files=4, longest=0.233 s, average=0.068 s; distance=540122 kB, estimate=602862 kB; lsn=8D/DD6E3898, redo lsn=8D/BE02C108
2026-09-26 19:43:21.416 UTC [27] LOG:  checkpoints are occurring too frequently (9 seconds apart)
2026-09-26 19:43:21.416 UTC [27] HINT:  Consider increasing the configuration parameter "max_wal_size".
2026-09-26 19:43:21.416 UTC [27] LOG:  checkpoint starting: wal
2026-09-26 19:43:24.338 UTC [27] LOG:  checkpoint complete: wrote 4923 buffers (30.0%); 0 WAL file(s) added, 2 removed, 31 recycled; write=1.821 s, sync=0.652 s, total=2.922 s; sync files=6, longest=0.438 s, average=0.109 s; distance=549359 kB, estimate=597512 kB; lsn=8D/FF401DE8, redo lsn=8D/DF8A7EE8
2026-09-26 19:43:24.338 UTC [27] LOG:  checkpoints are occurring too frequently (3 seconds apart)
2026-09-26 19:43:24.338 UTC [27] HINT:  Consider increasing the configuration parameter "max_wal_size".
2026-09-26 19:43:24.338 UTC [27] LOG:  checkpoint starting: wal
2026-09-26 19:43:27.663 UTC [27] LOG:  checkpoint complete: wrote 1986 buffers (12.1%); 0 WAL file(s) added, 5 removed, 31 recycled; write=2.140 s, sync=0.741 s, total=3.325 s; sync files=5, longest=0.553 s, average=0.149 s; distance=592723 kB, estimate=597033 kB; lsn=8E/23402E70, redo lsn=8E/3B7CB00
2026-09-26 19:43:27.663 UTC [27] LOG:  checkpoints are occurring too frequently (3 seconds apart)
2026-09-26 19:43:27.663 UTC [27] HINT:  Consider increasing the configuration parameter "max_wal_size".
2026-09-26 19:43:27.663 UTC [27] LOG:  checkpoint starting: wal
2026-09-26 19:43:30.952 UTC [27] LOG:  checkpoint complete: wrote 2113 buffers (12.9%); 0 WAL file(s) added, 5 removed, 31 recycled; write=2.098 s, sync=0.713 s, total=3.290 s; sync files=5, longest=0.517 s, average=0.143 s; distance=578214 kB, estimate=595151 kB; lsn=8E/47404B40, redo lsn=8E/270265D0
2026-09-26 19:43:30.952 UTC [27] LOG:  checkpoints are occurring too frequently (3 seconds apart)
2026-09-26 19:43:30.952 UTC [27] HINT:  Consider increasing the configuration parameter "max_wal_size".
2026-09-26 19:43:30.952 UTC [27] LOG:  checkpoint starting: wal
2026-09-26 19:43:37.122 UTC [27] LOG:  checkpoint complete: wrote 2065 buffers (12.6%); 0 WAL file(s) added, 5 removed, 30 recycled; write=2.052 s, sync=3.618 s, total=6.170 s; sync files=6, longest=3.400 s, average=0.604 s; distance=589312 kB, estimate=594567 kB; lsn=8E/6B403138, redo lsn=8E/4AFA6748
2026-09-26 19:43:37.122 UTC [27] LOG:  checkpoints are occurring too frequently (7 seconds apart)
2026-09-26 19:43:37.122 UTC [27] HINT:  Consider increasing the configuration parameter "max_wal_size".
2026-09-26 19:43:37.122 UTC [27] LOG:  checkpoint starting: wal
2026-09-26 19:43:40.598 UTC [27] LOG:  checkpoint complete: wrote 1975 buffers (12.1%); 0 WAL file(s) added, 7 removed, 29 recycled; write=2.230 s, sync=0.814 s, total=3.476 s; sync files=5, longest=0.614 s, average=0.163 s; distance=585214 kB, estimate=593632 kB; lsn=8E/90403D88, redo lsn=8E/6EB26228
2026-09-26 19:43:40.598 UTC [27] LOG:  checkpoints are occurring too frequently (3 seconds apart)
2026-09-26 19:43:40.598 UTC [27] HINT:  Consider increasing the configuration parameter "max_wal_size".
2026-09-26 19:43:40.598 UTC [27] LOG:  checkpoint starting: wal
2026-09-26 19:43:44.032 UTC [27] LOG:  checkpoint complete: wrote 1893 buffers (11.6%); 0 WAL file(s) added, 7 removed, 30 recycled; write=2.238 s, sync=0.741 s, total=3.435 s; sync files=5, longest=0.518 s, average=0.149 s; distance=607406 kB, estimate=607406 kB; lsn=8E/B45557D0, redo lsn=8E/93C51B10
2026-09-26 19:43:44.033 UTC [27] LOG:  checkpoints are occurring too frequently (4 seconds apart)
2026-09-26 19:43:44.033 UTC [27] HINT:  Consider increasing the configuration parameter "max_wal_size".
2026-09-26 19:43:44.033 UTC [27] LOG:  checkpoint starting: wal
2026-09-26 19:43:47.348 UTC [27] LOG:  checkpoint complete: wrote 1894 buffers (11.6%); 0 WAL file(s) added, 6 removed, 31 recycled; write=2.078 s, sync=0.755 s, total=3.316 s; sync files=5, longest=0.527 s, average=0.151 s; distance=596235 kB, estimate=606289 kB; lsn=8E/D852EF28, redo lsn=8E/B82949F8
2026-09-26 19:43:47.349 UTC [27] LOG:  checkpoints are occurring too frequently (3 seconds apart)
2026-09-26 19:43:47.349 UTC [27] HINT:  Consider increasing the configuration parameter "max_wal_size".
2026-09-26 19:43:47.355 UTC [27] LOG:  checkpoint starting: wal
2026-09-26 19:43:50.601 UTC [27] LOG:  checkpoint complete: wrote 1909 buffers (11.7%); 0 WAL file(s) added, 5 removed, 31 recycled; write=2.093 s, sync=0.732 s, total=3.252 s; sync files=6, longest=0.527 s, average=0.122 s; distance=591269 kB, estimate=604787 kB; lsn=8E/FC401528, redo lsn=8E/DC3FE070
2026-09-26 19:43:50.601 UTC [27] LOG:  checkpoints are occurring too frequently (3 seconds apart)
2026-09-26 19:43:50.601 UTC [27] HINT:  Consider increasing the configuration parameter "max_wal_size".
2026-09-26 19:43:50.601 UTC [27] LOG:  checkpoint starting: wal
2026-09-26 19:43:53.848 UTC [27] LOG:  checkpoint complete: wrote 1712 buffers (10.4%); 0 WAL file(s) added, 5 removed, 30 recycled; write=2.060 s, sync=0.762 s, total=3.248 s; sync files=5, longest=0.572 s, average=0.153 s; distance=584976 kB, estimate=602806 kB; lsn=8F/20502CF0, redo lsn=8E/FFF420E8
2026-09-26 19:43:53.849 UTC [27] LOG:  checkpoints are occurring too frequently (3 seconds apart)
2026-09-26 19:43:53.849 UTC [27] HINT:  Consider increasing the configuration parameter "max_wal_size".
2026-09-26 19:43:53.849 UTC [27] LOG:  checkpoint starting: wal
2026-09-26 19:43:57.198 UTC [27] LOG:  checkpoint complete: wrote 1935 buffers (11.8%); 0 WAL file(s) added, 7 removed, 30 recycled; write=2.053 s, sync=0.767 s, total=3.349 s; sync files=6, longest=0.529 s, average=0.128 s; distance=592644 kB, estimate=601789 kB; lsn=8F/45400178, redo lsn=8F/242033C0
2026-09-26 19:43:57.198 UTC [27] LOG:  checkpoints are occurring too frequently (4 seconds apart)
2026-09-26 19:43:57.198 UTC [27] HINT:  Consider increasing the configuration parameter "max_wal_size".
2026-09-26 19:43:57.198 UTC [27] LOG:  checkpoint starting: wal
2026-09-26 19:44:00.562 UTC [27] LOG:  checkpoint complete: wrote 1984 buffers (12.1%); 0 WAL file(s) added, 6 removed, 31 recycled; write=2.077 s, sync=0.823 s, total=3.365 s; sync files=6, longest=0.638 s, average=0.138 s; distance=609622 kB, estimate=609622 kB; lsn=8F/69404C38, redo lsn=8F/49558C38
2026-09-26 19:44:00.562 UTC [27] LOG:  checkpoints are occurring too frequently (3 seconds apart)
2026-09-26 19:44:00.562 UTC [27] HINT:  Consider increasing the configuration parameter "max_wal_size".
2026-09-26 19:44:00.565 UTC [27] LOG:  checkpoint starting: wal
2026-09-26 19:44:07.219 UTC [27] LOG:  checkpoint complete: wrote 2012 buffers (12.3%); 0 WAL file(s) added, 4 removed, 32 recycled; write=6.093 s, sync=0.092 s, total=6.657 s; sync files=7, longest=0.025 s, average=0.014 s; distance=588437 kB, estimate=607503 kB; lsn=8F/8C4000E8, redo lsn=8F/6D3FE178
2026-09-26 19:44:07.219 UTC [27] LOG:  checkpoints are occurring too frequently (7 seconds apart)
2026-09-26 19:44:07.219 UTC [27] HINT:  Consider increasing the configuration parameter "max_wal_size".
2026-09-26 19:44:07.219 UTC [27] LOG:  checkpoint starting: wal
2026-09-26 19:44:10.302 UTC [27] LOG:  checkpoint complete: wrote 1996 buffers (12.2%); 0 WAL file(s) added, 4 removed, 31 recycled; write=1.970 s, sync=0.679 s, total=3.083 s; sync files=6, longest=0.467 s, average=0.114 s; distance=573320 kB, estimate=604085 kB; lsn=8F/B0401690, redo lsn=8F/903E0188
2026-09-26 19:44:10.302 UTC [27] LOG:  checkpoints are occurring too frequently (3 seconds apart)
2026-09-26 19:44:10.302 UTC [27] HINT:  Consider increasing the configuration parameter "max_wal_size".
2026-09-26 19:44:10.302 UTC [27] LOG:  checkpoint starting: wal
2026-09-26 19:44:13.515 UTC [27] LOG:  checkpoint complete: wrote 1933 buffers (11.8%); 0 WAL file(s) added, 5 removed, 30 recycled; write=2.120 s, sync=0.706 s, total=3.214 s; sync files=7, longest=0.489 s, average=0.101 s; distance=582333 kB, estimate=601910 kB; lsn=8F/D4402988, redo lsn=8F/B3C8F630
2026-09-26 19:44:13.516 UTC [27] LOG:  checkpoints are occurring too frequently (3 seconds apart)
2026-09-26 19:44:13.516 UTC [27] HINT:  Consider increasing the configuration parameter "max_wal_size".
2026-09-26 19:44:13.516 UTC [27] LOG:  checkpoint starting: wal
2026-09-26 19:44:16.815 UTC [27] LOG:  checkpoint complete: wrote 1941 buffers (11.8%); 0 WAL file(s) added, 7 removed, 29 recycled; write=2.085 s, sync=0.809 s, total=3.300 s; sync files=6, longest=0.596 s, average=0.135 s; distance=588035 kB, estimate=600522 kB; lsn=8F/F9402618, redo lsn=8F/D7AD0318
2026-09-26 19:44:16.816 UTC [27] LOG:  checkpoints are occurring too frequently (3 seconds apart)
2026-09-26 19:44:16.816 UTC [27] HINT:  Consider increasing the configuration parameter "max_wal_size".
2026-09-26 19:44:16.816 UTC [27] LOG:  checkpoint starting: wal
2026-09-26 19:44:20.145 UTC [27] LOG:  checkpoint complete: wrote 1865 buffers (11.4%); 0 WAL file(s) added, 7 removed, 30 recycled; write=2.142 s, sync=0.747 s, total=3.330 s; sync files=7, longest=0.541 s, average=0.107 s; distance=610020 kB, estimate=610020 kB; lsn=90/1D400960, redo lsn=8F/FCE89440
2026-09-26 19:44:20.146 UTC [27] LOG:  checkpoints are occurring too frequently (4 seconds apart)
2026-09-26 19:44:20.146 UTC [27] HINT:  Consider increasing the configuration parameter "max_wal_size".
2026-09-26 19:44:20.146 UTC [27] LOG:  checkpoint starting: wal
2026-09-26 19:44:23.442 UTC [27] LOG:  checkpoint complete: wrote 1905 buffers (11.6%); 0 WAL file(s) added, 6 removed, 31 recycled; write=2.133 s, sync=0.695 s, total=3.296 s; sync files=6, longest=0.532 s, average=0.116 s; distance=592656 kB, estimate=608283 kB; lsn=90/41401CB8, redo lsn=90/2114D450
2026-09-26 19:44:23.442 UTC [27] LOG:  checkpoints are occurring too frequently (3 seconds apart)
2026-09-26 19:44:23.442 UTC [27] HINT:  Consider increasing the configuration parameter "max_wal_size".
2026-09-26 19:44:23.442 UTC [27] LOG:  checkpoint starting: wal
2026-09-26 19:44:26.826 UTC [27] LOG:  checkpoint complete: wrote 2073 buffers (12.7%); 0 WAL file(s) added, 5 removed, 30 recycled; write=2.179 s, sync=0.749 s, total=3.384 s; sync files=6, longest=0.527 s, average=0.125 s; distance=588486 kB, estimate=606304 kB; lsn=90/65403738, redo lsn=90/44FFEDD0
2026-09-26 19:44:26.826 UTC [27] LOG:  checkpoints are occurring too frequently (3 seconds apart)
2026-09-26 19:44:26.826 UTC [27] HINT:  Consider increasing the configuration parameter "max_wal_size".
2026-09-26 19:44:26.826 UTC [27] LOG:  checkpoint starting: wal
2026-09-26 19:44:30.131 UTC [27] LOG:  checkpoint complete: wrote 2053 buffers (12.5%); 0 WAL file(s) added, 7 removed, 30 recycled; write=2.077 s, sync=0.788 s, total=3.305 s; sync files=6, longest=0.557 s, average=0.132 s; distance=593425 kB, estimate=605016 kB; lsn=90/8A402898, redo lsn=90/69383340
2026-09-26 19:44:30.131 UTC [27] LOG:  checkpoints are occurring too frequently (4 seconds apart)
2026-09-26 19:44:30.131 UTC [27] HINT:  Consider increasing the configuration parameter "max_wal_size".
2026-09-26 19:44:30.131 UTC [27] LOG:  checkpoint starting: wal
2026-09-26 19:45:27.423 UTC [27] LOG:  checkpoint complete: wrote 23 buffers (0.1%); 0 WAL file(s) added, 3 removed, 31 recycled; write=56.185 s, sync=0.679 s, total=57.292 s; sync files=78, longest=0.331 s, average=0.009 s; distance=555777 kB, estimate=600092 kB; lsn=90/ABFC37A0, redo lsn=90/8B243860
2026-09-26 19:45:27.423 UTC [27] LOG:  checkpoint starting: wal
2026-09-26 19:45:30.324 UTC [27] LOG:  checkpoint complete: wrote 1815 buffers (11.1%); 0 WAL file(s) added, 6 removed, 31 recycled; write=2.225 s, sync=0.592 s, total=2.902 s; sync files=9, longest=0.518 s, average=0.066 s; distance=613979 kB, estimate=613979 kB; lsn=90/D0DDAE90, redo lsn=90/B09DA4F8
2026-09-26 19:45:30.324 UTC [27] LOG:  checkpoints are occurring too frequently (3 seconds apart)
2026-09-26 19:45:30.324 UTC [27] HINT:  Consider increasing the configuration parameter "max_wal_size".
2026-09-26 19:45:30.324 UTC [27] LOG:  checkpoint starting: wal
2026-09-26 19:45:32.352 UTC [27] LOG:  checkpoint complete: wrote 1510 buffers (9.2%); 0 WAL file(s) added, 2 removed, 31 recycled; write=1.580 s, sync=0.382 s, total=2.028 s; sync files=6, longest=0.309 s, average=0.064 s; distance=542758 kB, estimate=606857 kB; lsn=90/F1E49900, redo lsn=90/D1BE3D58
2026-09-26 19:45:32.352 UTC [27] LOG:  checkpoints are occurring too frequently (2 seconds apart)
2026-09-26 19:45:32.352 UTC [27] HINT:  Consider increasing the configuration parameter "max_wal_size".
2026-09-26 19:45:32.352 UTC [27] LOG:  checkpoint starting: wal
2026-09-26 19:45:34.221 UTC [27] LOG:  checkpoint complete: wrote 1575 buffers (9.6%); 0 WAL file(s) added, 2 removed, 31 recycled; write=1.547 s, sync=0.256 s, total=1.869 s; sync files=6, longest=0.181 s, average=0.043 s; distance=540685 kB, estimate=600239 kB; lsn=91/1256C978, redo lsn=90/F2BE72A8
2026-09-26 19:45:34.235 UTC [27] LOG:  checkpoints are occurring too frequently (2 seconds apart)
2026-09-26 19:45:34.235 UTC [27] HINT:  Consider increasing the configuration parameter "max_wal_size".
2026-09-26 19:45:34.235 UTC [27] LOG:  checkpoint starting: wal
2026-09-26 19:45:36.246 UTC [27] LOG:  checkpoint complete: wrote 1605 buffers (9.8%); 0 WAL file(s) added, 1 removed, 32 recycled; write=1.562 s, sync=0.377 s, total=2.012 s; sync files=7, longest=0.312 s, average=0.054 s; distance=532577 kB, estimate=593473 kB; lsn=91/32EEBB58, redo lsn=91/133FFAA0
2026-09-26 19:45:36.282 UTC [27] LOG:  checkpoints are occurring too frequently (2 seconds apart)
2026-09-26 19:45:36.282 UTC [27] HINT:  Consider increasing the configuration parameter "max_wal_size".
2026-09-26 19:45:36.282 UTC [27] LOG:  checkpoint starting: wal
2026-09-26 19:45:38.352 UTC [27] LOG:  checkpoint complete: wrote 1563 buffers (9.5%); 0 WAL file(s) added, 2 removed, 31 recycled; write=1.564 s, sync=0.426 s, total=2.070 s; sync files=6, longest=0.354 s, average=0.071 s; distance=540670 kB, estimate=588193 kB; lsn=91/54274D98, redo lsn=91/343FF698
2026-09-26 19:45:38.376 UTC [27] LOG:  checkpoints are occurring too frequently (2 seconds apart)
2026-09-26 19:45:38.376 UTC [27] HINT:  Consider increasing the configuration parameter "max_wal_size".
2026-09-26 19:45:38.376 UTC [27] LOG:  checkpoint starting: wal
2026-09-26 19:45:40.596 UTC [27] LOG:  checkpoint complete: wrote 1597 buffers (9.7%); 0 WAL file(s) added, 2 removed, 31 recycled; write=1.567 s, sync=0.563 s, total=2.221 s; sync files=6, longest=0.494 s, average=0.094 s; distance=540683 kB, estimate=583442 kB; lsn=91/75291290, redo lsn=91/554022F0
2026-09-26 19:45:40.621 UTC [27] LOG:  checkpoints are occurring too frequently (2 seconds apart)
2026-09-26 19:45:40.621 UTC [27] HINT:  Consider increasing the configuration parameter "max_wal_size".
2026-09-26 19:45:40.621 UTC [27] LOG:  checkpoint starting: wal
2026-09-26 19:45:43.641 UTC [27] LOG:  checkpoint complete: wrote 1595 buffers (9.7%); 0 WAL file(s) added, 2 removed, 31 recycled; write=1.951 s, sync=0.707 s, total=3.021 s; sync files=6, longest=0.488 s, average=0.118 s; distance=540684 kB, estimate=579166 kB; lsn=91/96402580, redo lsn=91/76405578
2026-09-26 19:45:43.641 UTC [27] LOG:  checkpoints are occurring too frequently (3 seconds apart)
2026-09-26 19:45:43.641 UTC [27] HINT:  Consider increasing the configuration parameter "max_wal_size".
2026-09-26 19:45:43.641 UTC [27] LOG:  checkpoint starting: wal
2026-09-26 19:45:46.979 UTC [27] LOG:  checkpoint complete: wrote 1872 buffers (11.4%); 0 WAL file(s) added, 4 removed, 31 recycled; write=2.055 s, sync=0.877 s, total=3.338 s; sync files=7, longest=0.621 s, average=0.126 s; distance=578295 kB, estimate=579079 kB; lsn=91/B9403868, redo lsn=91/998C3210
2026-09-26 19:45:46.979 UTC [27] LOG:  checkpoints are occurring too frequently (3 seconds apart)
2026-09-26 19:45:46.979 UTC [27] HINT:  Consider increasing the configuration parameter "max_wal_size".
2026-09-26 19:45:46.979 UTC [27] LOG:  checkpoint starting: wal
2026-09-26 19:45:50.228 UTC [27] LOG:  checkpoint complete: wrote 1856 buffers (11.3%); 0 WAL file(s) added, 4 removed, 32 recycled; write=2.101 s, sync=0.692 s, total=3.249 s; sync files=6, longest=0.501 s, average=0.116 s; distance=581039 kB, estimate=581039 kB; lsn=91/DCB45868, redo lsn=91/BD02F0C0
2026-09-26 19:45:50.228 UTC [27] LOG:  checkpoints are occurring too frequently (4 seconds apart)
2026-09-26 19:45:50.228 UTC [27] HINT:  Consider increasing the configuration parameter "max_wal_size".
2026-09-26 19:45:50.228 UTC [27] LOG:  checkpoint starting: wal
2026-09-26 19:45:53.940 UTC [27] LOG:  checkpoint complete: wrote 1924 buffers (11.7%); 0 WAL file(s) added, 5 removed, 30 recycled; write=2.078 s, sync=0.829 s, total=3.712 s; sync files=6, longest=0.556 s, average=0.139 s; distance=584897 kB, estimate=584897 kB; lsn=92/1402CC8, redo lsn=91/E0B5F618
2026-09-26 19:45:53.941 UTC [27] LOG:  checkpoints are occurring too frequently (3 seconds apart)
2026-09-26 19:45:53.941 UTC [27] HINT:  Consider increasing the configuration parameter "max_wal_size".
2026-09-26 19:45:53.941 UTC [27] LOG:  checkpoint starting: wal
2026-09-26 19:45:58.310 UTC [27] LOG:  checkpoint complete: wrote 2308 buffers (14.1%); 0 WAL file(s) added, 9 removed, 30 recycled; write=2.965 s, sync=0.852 s, total=4.370 s; sync files=14, longest=0.495 s, average=0.061 s; distance=639259 kB, estimate=639259 kB; lsn=92/2840F258, redo lsn=92/7BA6280
2026-09-26 19:45:58.310 UTC [27] LOG:  checkpoints are occurring too frequently (5 seconds apart)
2026-09-26 19:45:58.310 UTC [27] HINT:  Consider increasing the configuration parameter "max_wal_size".
2026-09-26 19:45:58.310 UTC [27] LOG:  checkpoint starting: wal
2026-09-26 19:46:01.597 UTC [27] LOG:  checkpoint complete: wrote 1907 buffers (11.6%); 0 WAL file(s) added, 7 removed, 30 recycled; write=2.017 s, sync=0.773 s, total=3.287 s; sync files=21, longest=0.523 s, average=0.037 s; distance=603029 kB, estimate=635636 kB; lsn=92/4D0936F8, redo lsn=92/2C88B9A8
2026-09-26 19:46:01.597 UTC [27] LOG:  checkpoints are occurring too frequently (3 seconds apart)
2026-09-26 19:46:01.597 UTC [27] HINT:  Consider increasing the configuration parameter "max_wal_size".
2026-09-26 19:46:01.597 UTC [27] LOG:  checkpoint starting: wal
2026-09-26 19:46:04.819 UTC [27] LOG:  checkpoint complete: wrote 1754 buffers (10.7%); 0 WAL file(s) added, 5 removed, 32 recycled; write=2.130 s, sync=0.634 s, total=3.223 s; sync files=7, longest=0.433 s, average=0.091 s; distance=599212 kB, estimate=631993 kB; lsn=92/70BAB330, redo lsn=92/511B6A38
2026-09-26 19:46:04.820 UTC [27] LOG:  checkpoints are occurring too frequently (3 seconds apart)
2026-09-26 19:46:04.820 UTC [27] HINT:  Consider increasing the configuration parameter "max_wal_size".
2026-09-26 19:46:04.820 UTC [27] LOG:  checkpoint starting: wal
2026-09-26 19:46:08.107 UTC [27] LOG:  checkpoint complete: wrote 2117 buffers (12.9%); 0 WAL file(s) added, 5 removed, 30 recycled; write=2.072 s, sync=0.808 s, total=3.288 s; sync files=6, longest=0.549 s, average=0.135 s; distance=581500 kB, estimate=626944 kB; lsn=92/95215960, redo lsn=92/74995B98
2026-09-26 19:46:08.107 UTC [27] LOG:  checkpoints are occurring too frequently (4 seconds apart)
2026-09-26 19:46:08.107 UTC [27] HINT:  Consider increasing the configuration parameter "max_wal_size".
2026-09-26 19:46:08.107 UTC [27] LOG:  checkpoint starting: wal
2026-09-26 19:46:11.382 UTC [27] LOG:  checkpoint complete: wrote 1822 buffers (11.1%); 0 WAL file(s) added, 6 removed, 30 recycled; write=2.100 s, sync=0.729 s, total=3.275 s; sync files=6, longest=0.495 s, average=0.122 s; distance=593301 kB, estimate=623580 kB; lsn=92/B94FEFA8, redo lsn=92/98CFB218
2026-09-26 19:46:11.383 UTC [27] LOG:  checkpoints are occurring too frequently (3 seconds apart)
2026-09-26 19:46:11.383 UTC [27] HINT:  Consider increasing the configuration parameter "max_wal_size".
2026-09-26 19:46:11.383 UTC [27] LOG:  checkpoint starting: wal
2026-09-26 19:46:14.645 UTC [27] LOG:  checkpoint complete: wrote 1970 buffers (12.0%); 0 WAL file(s) added, 6 removed, 31 recycled; write=2.069 s, sync=0.692 s, total=3.262 s; sync files=7, longest=0.470 s, average=0.099 s; distance=598297 kB, estimate=621051 kB; lsn=92/DD401AA8, redo lsn=92/BD5416E8
2026-09-26 19:46:14.645 UTC [27] LOG:  checkpoints are occurring too frequently (3 seconds apart)
2026-09-26 19:46:14.645 UTC [27] HINT:  Consider increasing the configuration parameter "max_wal_size".
2026-09-26 19:46:14.647 UTC [27] LOG:  checkpoint starting: wal
2026-09-26 19:46:20.823 UTC [27] LOG:  checkpoint complete: wrote 2131 buffers (13.0%); 0 WAL file(s) added, 5 removed, 31 recycled; write=2.001 s, sync=3.736 s, total=6.179 s; sync files=6, longest=3.498 s, average=0.623 s; distance=588542 kB, estimate=617800 kB; lsn=93/14030E8, redo lsn=92/E14010F0
2026-09-26 19:46:20.824 UTC [27] LOG:  checkpoints are occurring too frequently (6 seconds apart)
2026-09-26 19:46:20.824 UTC [27] HINT:  Consider increasing the configuration parameter "max_wal_size".
2026-09-26 19:46:20.824 UTC [27] LOG:  checkpoint starting: wal
2026-09-26 19:46:24.006 UTC [27] LOG:  checkpoint complete: wrote 1772 buffers (10.8%); 0 WAL file(s) added, 5 removed, 31 recycled; write=2.065 s, sync=0.702 s, total=3.183 s; sync files=6, longest=0.444 s, average=0.117 s; distance=587447 kB, estimate=614765 kB; lsn=93/258B9550, redo lsn=93/51AEEF8
2026-09-26 19:46:24.007 UTC [27] LOG:  checkpoints are occurring too frequently (4 seconds apart)
2026-09-26 19:46:24.007 UTC [27] HINT:  Consider increasing the configuration parameter "max_wal_size".
2026-09-26 19:46:24.007 UTC [27] LOG:  checkpoint starting: wal
2026-09-26 19:46:27.361 UTC [27] LOG:  checkpoint complete: wrote 1892 buffers (11.5%); 0 WAL file(s) added, 4 removed, 32 recycled; write=2.636 s, sync=0.187 s, total=3.355 s; sync files=7, longest=0.109 s, average=0.027 s; distance=591347 kB, estimate=612423 kB; lsn=93/487659B8, redo lsn=93/2932BE20
2026-09-26 19:46:27.362 UTC [27] LOG:  checkpoints are occurring too frequently (3 seconds apart)
2026-09-26 19:46:27.362 UTC [27] HINT:  Consider increasing the configuration parameter "max_wal_size".
2026-09-26 19:46:27.362 UTC [27] LOG:  checkpoint starting: wal
2026-09-26 19:46:31.249 UTC [27] LOG:  checkpoint complete: wrote 1855 buffers (11.3%); 0 WAL file(s) added, 6 removed, 30 recycled; write=2.503 s, sync=0.893 s, total=3.888 s; sync files=7, longest=0.433 s, average=0.128 s; distance=590331 kB, estimate=610214 kB; lsn=93/6E5FD170, redo lsn=93/4D3AACA8
2026-09-26 19:46:31.250 UTC [27] LOG:  checkpoints are occurring too frequently (4 seconds apart)
2026-09-26 19:46:31.250 UTC [27] HINT:  Consider increasing the configuration parameter "max_wal_size".
2026-09-26 19:46:31.250 UTC [27] LOG:  checkpoint starting: wal
2026-09-26 19:46:50.683 UTC [27] LOG:  checkpoint complete: wrote 877 buffers (5.4%); 0 WAL file(s) added, 3 removed, 34 recycled; write=18.788 s, sync=0.258 s, total=19.434 s; sync files=1, longest=0.258 s, average=0.258 s; distance=605067 kB, estimate=609699 kB; lsn=93/8FE17A10, redo lsn=93/7228DA38
2026-09-26 19:47:03.684 UTC [27] LOG:  checkpoint starting: wal
2026-09-26 19:47:18.187 UTC [27] LOG:  checkpoint complete: wrote 855 buffers (5.2%); 0 WAL file(s) added, 1 removed, 32 recycled; write=13.792 s, sync=0.295 s, total=14.503 s; sync files=5, longest=0.263 s, average=0.059 s; distance=538322 kB, estimate=602562 kB; lsn=93/B26E9388, redo lsn=93/93042308
2026-09-26 19:47:18.187 UTC [27] LOG:  checkpoints are occurring too frequently (15 seconds apart)
2026-09-26 19:47:18.187 UTC [27] HINT:  Consider increasing the configuration parameter "max_wal_size".
2026-09-26 19:47:18.187 UTC [27] LOG:  checkpoint starting: wal
2026-09-26 19:47:21.043 UTC [27] LOG:  checkpoint complete: wrote 5023 buffers (30.7%); 0 WAL file(s) added, 3 removed, 31 recycled; write=1.879 s, sync=0.561 s, total=2.857 s; sync files=9, longest=0.354 s, average=0.063 s; distance=560961 kB, estimate=598402 kB; lsn=93/D54006E0, redo lsn=93/B5412990
2026-09-26 19:47:21.044 UTC [27] LOG:  checkpoints are occurring too frequently (3 seconds apart)
2026-09-26 19:47:21.044 UTC [27] HINT:  Consider increasing the configuration parameter "max_wal_size".
2026-09-26 19:47:21.044 UTC [27] LOG:  checkpoint starting: wal
2026-09-26 19:47:24.553 UTC [27] LOG:  checkpoint complete: wrote 2051 buffers (12.5%); 0 WAL file(s) added, 7 removed, 29 recycled; write=2.148 s, sync=0.963 s, total=3.510 s; sync files=6, longest=0.749 s, average=0.161 s; distance=591224 kB, estimate=597684 kB; lsn=93/FB402070, redo lsn=93/D9570B70
2026-09-26 19:47:24.553 UTC [27] LOG:  checkpoints are occurring too frequently (3 seconds apart)
2026-09-26 19:47:24.553 UTC [27] HINT:  Consider increasing the configuration parameter "max_wal_size".
2026-09-26 19:47:24.553 UTC [27] LOG:  checkpoint starting: wal
2026-09-26 19:47:27.965 UTC [27] LOG:  checkpoint complete: wrote 1842 buffers (11.2%); 0 WAL file(s) added, 7 removed, 30 recycled; write=2.142 s, sync=0.842 s, total=3.412 s; sync files=6, longest=0.614 s, average=0.141 s; distance=609885 kB, estimate=609885 kB; lsn=94/1F401248, redo lsn=93/FE9080B8
2026-09-26 19:47:27.965 UTC [27] LOG:  checkpoints are occurring too frequently (3 seconds apart)
2026-09-26 19:47:27.965 UTC [27] HINT:  Consider increasing the configuration parameter "max_wal_size".
2026-09-26 19:47:27.965 UTC [27] LOG:  checkpoint starting: wal
2026-09-26 19:47:31.184 UTC [27] LOG:  checkpoint complete: wrote 1957 buffers (11.9%); 0 WAL file(s) added, 6 removed, 30 recycled; write=2.079 s, sync=0.703 s, total=3.219 s; sync files=6, longest=0.501 s, average=0.117 s; distance=595197 kB, estimate=608416 kB; lsn=94/43400408, redo lsn=94/22E476B0
2026-09-26 19:47:31.184 UTC [27] LOG:  checkpoints are occurring too frequently (4 seconds apart)
2026-09-26 19:47:31.184 UTC [27] HINT:  Consider increasing the configuration parameter "max_wal_size".
2026-09-26 19:47:31.184 UTC [27] LOG:  checkpoint starting: wal
2026-09-26 19:47:34.374 UTC [27] LOG:  checkpoint complete: wrote 1760 buffers (10.7%); 0 WAL file(s) added, 6 removed, 30 recycled; write=2.111 s, sync=0.675 s, total=3.190 s; sync files=7, longest=0.472 s, average=0.097 s; distance=591299 kB, estimate=606704 kB; lsn=94/67400E60, redo lsn=94/46FB8408
2026-09-26 19:47:34.374 UTC [27] LOG:  checkpoints are occurring too frequently (3 seconds apart)
2026-09-26 19:47:34.374 UTC [27] HINT:  Consider increasing the configuration parameter "max_wal_size".
2026-09-26 19:47:34.374 UTC [27] LOG:  checkpoint starting: wal
2026-09-26 19:47:37.696 UTC [27] LOG:  checkpoint complete: wrote 1774 buffers (10.8%); 0 WAL file(s) added, 7 removed, 30 recycled; write=2.109 s, sync=0.777 s, total=3.322 s; sync files=6, longest=0.528 s, average=0.130 s; distance=593203 kB, estimate=605354 kB; lsn=94/8C4032A8, redo lsn=94/6B3052E0
2026-09-26 19:47:37.696 UTC [27] LOG:  checkpoints are occurring too frequently (3 seconds apart)
2026-09-26 19:47:37.696 UTC [27] HINT:  Consider increasing the configuration parameter "max_wal_size".
2026-09-26 19:47:37.696 UTC [27] LOG:  checkpoint starting: wal
2026-09-26 19:47:40.907 UTC [27] LOG:  checkpoint complete: wrote 1915 buffers (11.7%); 0 WAL file(s) added, 6 removed, 30 recycled; write=2.048 s, sync=0.723 s, total=3.212 s; sync files=6, longest=0.528 s, average=0.121 s; distance=602525 kB, estimate=605071 kB; lsn=94/B0400618, redo lsn=94/8FF6CAB8
2026-09-26 19:47:40.907 UTC [27] LOG:  checkpoints are occurring too frequently (3 seconds apart)
2026-09-26 19:47:40.907 UTC [27] HINT:  Consider increasing the configuration parameter "max_wal_size".
2026-09-26 19:47:40.907 UTC [27] LOG:  checkpoint starting: wal
2026-09-26 19:47:47.232 UTC [27] LOG:  checkpoint complete: wrote 1956 buffers (11.9%); 0 WAL file(s) added, 6 removed, 30 recycled; write=5.226 s, sync=0.710 s, total=6.325 s; sync files=6, longest=0.495 s, average=0.119 s; distance=588571 kB, estimate=603421 kB; lsn=94/D44010F8, redo lsn=94/B3E337A0
2026-09-26 19:47:47.232 UTC [27] LOG:  checkpoints are occurring too frequently (7 seconds apart)
2026-09-26 19:47:47.232 UTC [27] HINT:  Consider increasing the configuration parameter "max_wal_size".
2026-09-26 19:47:47.232 UTC [27] LOG:  checkpoint starting: wal
2026-09-26 19:47:50.551 UTC [27] LOG:  checkpoint complete: wrote 1825 buffers (11.1%); 0 WAL file(s) added, 5 removed, 31 recycled; write=2.106 s, sync=0.743 s, total=3.319 s; sync files=6, longest=0.516 s, average=0.124 s; distance=584383 kB, estimate=601517 kB; lsn=94/F7402360, redo lsn=94/D78E34D0
2026-09-26 19:47:50.551 UTC [27] LOG:  checkpoints are occurring too frequently (3 seconds apart)
2026-09-26 19:47:50.551 UTC [27] HINT:  Consider increasing the configuration parameter "max_wal_size".
2026-09-26 19:47:50.552 UTC [27] LOG:  checkpoint starting: wal
2026-09-26 19:47:53.909 UTC [27] LOG:  checkpoint complete: wrote 1948 buffers (11.9%); 0 WAL file(s) added, 7 removed, 29 recycled; write=2.018 s, sync=0.899 s, total=3.359 s; sync files=7, longest=0.646 s, average=0.129 s; distance=584815 kB, estimate=599847 kB; lsn=95/1D403440, redo lsn=94/FB3FF410
2026-09-26 19:47:53.910 UTC [27] LOG:  checkpoints are occurring too frequently (3 seconds apart)
2026-09-26 19:47:53.910 UTC [27] HINT:  Consider increasing the configuration parameter "max_wal_size".
2026-09-26 19:47:53.910 UTC [27] LOG:  checkpoint starting: wal
2026-09-26 19:47:57.565 UTC [27] LOG:  checkpoint complete: wrote 1985 buffers (12.1%); 0 WAL file(s) added, 7 removed, 30 recycled; write=2.062 s, sync=0.895 s, total=3.656 s; sync files=6, longest=0.676 s, average=0.150 s; distance=618248 kB, estimate=618248 kB; lsn=95/41402FC0, redo lsn=95/20FC1548
2026-09-26 19:47:57.566 UTC [27] LOG:  checkpoints are occurring too frequently (4 seconds apart)
2026-09-26 19:47:57.566 UTC [27] HINT:  Consider increasing the configuration parameter "max_wal_size".
2026-09-26 19:47:57.566 UTC [27] LOG:  checkpoint starting: wal
2026-09-26 19:48:00.928 UTC [27] LOG:  checkpoint complete: wrote 1969 buffers (12.0%); 0 WAL file(s) added, 7 removed, 31 recycled; write=2.132 s, sync=0.726 s, total=3.363 s; sync files=6, longest=0.508 s, average=0.121 s; distance=610434 kB, estimate=617466 kB; lsn=95/66403700, redo lsn=95/463E2088
2026-09-26 19:48:00.928 UTC [27] LOG:  checkpoints are occurring too frequently (3 seconds apart)
2026-09-26 19:48:00.928 UTC [27] HINT:  Consider increasing the configuration parameter "max_wal_size".
2026-09-26 19:48:00.928 UTC [27] LOG:  checkpoint starting: wal
2026-09-26 19:48:04.193 UTC [27] LOG:  checkpoint complete: wrote 1970 buffers (12.0%); 0 WAL file(s) added, 5 removed, 31 recycled; write=2.053 s, sync=0.795 s, total=3.265 s; sync files=6, longest=0.585 s, average=0.133 s; distance=591869 kB, estimate=614907 kB; lsn=95/8A401C18, redo lsn=95/6A5E1528
2026-09-26 19:48:04.193 UTC [27] LOG:  checkpoints are occurring too frequently (4 seconds apart)
2026-09-26 19:48:04.193 UTC [27] HINT:  Consider increasing the configuration parameter "max_wal_size".
2026-09-26 19:48:04.193 UTC [27] LOG:  checkpoint starting: wal
2026-09-26 19:48:07.503 UTC [27] LOG:  checkpoint complete: wrote 1944 buffers (11.9%); 0 WAL file(s) added, 5 removed, 31 recycled; write=2.123 s, sync=0.715 s, total=3.310 s; sync files=7, longest=0.490 s, average=0.103 s; distance=586489 kB, estimate=612065 kB; lsn=95/AE403648, redo lsn=95/8E29FCE8
2026-09-26 19:48:07.503 UTC [27] LOG:  checkpoints are occurring too frequently (3 seconds apart)
2026-09-26 19:48:07.503 UTC [27] HINT:  Consider increasing the configuration parameter "max_wal_size".
2026-09-26 19:48:07.511 UTC [27] LOG:  checkpoint starting: wal
2026-09-26 19:48:14.218 UTC [27] LOG:  checkpoint complete: wrote 2018 buffers (12.3%); 0 WAL file(s) added, 5 removed, 31 recycled; write=2.027 s, sync=4.194 s, total=6.715 s; sync files=6, longest=3.953 s, average=0.699 s; distance=591242 kB, estimate=609983 kB; lsn=95/D2403290, redo lsn=95/B2402628
2026-09-26 19:48:14.219 UTC [27] LOG:  checkpoints are occurring too frequently (7 seconds apart)
2026-09-26 19:48:14.219 UTC [27] HINT:  Consider increasing the configuration parameter "max_wal_size".
2026-09-26 19:48:14.219 UTC [27] LOG:  checkpoint starting: wal
2026-09-26 19:48:17.359 UTC [27] LOG:  checkpoint complete: wrote 1862 buffers (11.4%); 0 WAL file(s) added, 6 removed, 30 recycled; write=2.000 s, sync=0.736 s, total=3.140 s; sync files=6, longest=0.510 s, average=0.123 s; distance=594471 kB, estimate=608431 kB; lsn=95/F7402370, redo lsn=95/D688C238
2026-09-26 19:48:17.359 UTC [27] LOG:  checkpoints are occurring too frequently (3 seconds apart)
2026-09-26 19:48:17.359 UTC [27] HINT:  Consider increasing the configuration parameter "max_wal_size".
2026-09-26 19:48:17.359 UTC [27] LOG:  checkpoint starting: wal
2026-09-26 19:48:20.678 UTC [27] LOG:  checkpoint complete: wrote 2021 buffers (12.3%); 0 WAL file(s) added, 6 removed, 30 recycled; write=2.133 s, sync=0.750 s, total=3.320 s; sync files=6, longest=0.530 s, average=0.125 s; distance=595332 kB, estimate=607121 kB; lsn=96/1B403890, redo lsn=95/FADED2F8
2026-09-26 19:48:20.679 UTC [27] LOG:  checkpoints are occurring too frequently (3 seconds apart)
2026-09-26 19:48:20.679 UTC [27] HINT:  Consider increasing the configuration parameter "max_wal_size".
2026-09-26 19:48:20.679 UTC [27] LOG:  checkpoint starting: wal
2026-09-26 19:48:24.038 UTC [27] LOG:  checkpoint complete: wrote 1827 buffers (11.2%); 0 WAL file(s) added, 6 removed, 30 recycled; write=2.125 s, sync=0.766 s, total=3.359 s; sync files=7, longest=0.500 s, average=0.110 s; distance=588965 kB, estimate=605306 kB; lsn=96/3F4009C8, redo lsn=96/1ED168E0
2026-09-26 19:48:24.038 UTC [27] LOG:  checkpoints are occurring too frequently (4 seconds apart)
2026-09-26 19:48:24.038 UTC [27] HINT:  Consider increasing the configuration parameter "max_wal_size".
2026-09-26 19:48:24.038 UTC [27] LOG:  checkpoint starting: wal
2026-09-26 19:48:27.384 UTC [27] LOG:  checkpoint complete: wrote 2015 buffers (12.3%); 0 WAL file(s) added, 6 removed, 31 recycled; write=2.069 s, sync=0.874 s, total=3.347 s; sync files=6, longest=0.652 s, average=0.146 s; distance=596939 kB, estimate=604469 kB; lsn=96/63474110, redo lsn=96/434097F0
2026-09-26 19:48:27.384 UTC [27] LOG:  checkpoints are occurring too frequently (3 seconds apart)
2026-09-26 19:48:27.384 UTC [27] HINT:  Consider increasing the configuration parameter "max_wal_size".
2026-09-26 19:48:27.384 UTC [27] LOG:  checkpoint starting: wal
2026-09-26 19:49:25.745 UTC [27] LOG:  checkpoint complete: wrote 1824 buffers (11.1%); 0 WAL file(s) added, 6 removed, 29 recycled; write=57.507 s, sync=0.372 s, total=58.361 s; sync files=81, longest=0.088 s, average=0.005 s; distance=584856 kB, estimate=602508 kB; lsn=96/88597970, redo lsn=96/66F2F870
2026-09-26 19:49:25.745 UTC [27] LOG:  checkpoint starting: wal
2026-09-26 19:49:28.707 UTC [27] LOG:  checkpoint complete: wrote 2052 buffers (12.5%); 0 WAL file(s) added, 10 removed, 31 recycled; write=2.260 s, sync=0.565 s, total=2.962 s; sync files=9, longest=0.484 s, average=0.063 s; distance=658712 kB, estimate=658712 kB; lsn=96/AF400800, redo lsn=96/8F275938
2026-09-26 19:49:28.707 UTC [27] LOG:  checkpoints are occurring too frequently (3 seconds apart)
2026-09-26 19:49:28.707 UTC [27] HINT:  Consider increasing the configuration parameter "max_wal_size".
2026-09-26 19:49:28.707 UTC [27] LOG:  checkpoint starting: wal
2026-09-26 19:49:30.698 UTC [27] LOG:  checkpoint complete: wrote 1554 buffers (9.5%); 0 WAL file(s) added, 2 removed, 31 recycled; write=1.563 s, sync=0.347 s, total=1.991 s; sync files=6, longest=0.271 s, average=0.058 s; distance=542428 kB, estimate=647083 kB; lsn=96/D0400ED0, redo lsn=96/B042C998
2026-09-26 19:49:30.709 UTC [27] LOG:  checkpoints are occurring too frequently (2 seconds apart)
2026-09-26 19:49:30.709 UTC [27] HINT:  Consider increasing the configuration parameter "max_wal_size".
2026-09-26 19:49:30.709 UTC [27] LOG:  checkpoint starting: wal
2026-09-26 19:49:32.641 UTC [27] LOG:  checkpoint complete: wrote 1547 buffers (9.4%); 0 WAL file(s) added, 2 removed, 31 recycled; write=1.571 s, sync=0.274 s, total=1.932 s; sync files=7, longest=0.205 s, average=0.040 s; distance=540506 kB, estimate=636426 kB; lsn=96/F12DF760, redo lsn=96/D1403520
2026-09-26 19:49:32.658 UTC [27] LOG:  checkpoints are occurring too frequently (2 seconds apart)
2026-09-26 19:49:32.658 UTC [27] HINT:  Consider increasing the configuration parameter "max_wal_size".
2026-09-26 19:49:32.658 UTC [27] LOG:  checkpoint starting: wal
2026-09-26 19:49:34.549 UTC [27] LOG:  checkpoint complete: wrote 1497 buffers (9.1%); 0 WAL file(s) added, 2 removed, 31 recycled; write=1.544 s, sync=0.272 s, total=1.891 s; sync files=6, longest=0.194 s, average=0.046 s; distance=540669 kB, estimate=626850 kB; lsn=97/124012B8, redo lsn=96/F2402BD8
2026-09-26 19:49:34.561 UTC [27] LOG:  checkpoints are occurring too frequently (2 seconds apart)
2026-09-26 19:49:34.561 UTC [27] HINT:  Consider increasing the configuration parameter "max_wal_size".
2026-09-26 19:49:34.561 UTC [27] LOG:  checkpoint starting: wal
2026-09-26 19:49:36.646 UTC [27] LOG:  checkpoint complete: wrote 1561 buffers (9.5%); 0 WAL file(s) added, 2 removed, 31 recycled; write=1.559 s, sync=0.444 s, total=2.086 s; sync files=6, longest=0.375 s, average=0.074 s; distance=540674 kB, estimate=618232 kB; lsn=97/333330F8, redo lsn=97/134033D8
2026-09-26 19:49:36.673 UTC [27] LOG:  checkpoints are occurring too frequently (2 seconds apart)
2026-09-26 19:49:36.673 UTC [27] HINT:  Consider increasing the configuration parameter "max_wal_size".
2026-09-26 19:49:36.673 UTC [27] LOG:  checkpoint starting: wal
2026-09-26 19:49:39.444 UTC [27] LOG:  checkpoint complete: wrote 1553 buffers (9.5%); 0 WAL file(s) added, 4 removed, 29 recycled; write=1.647 s, sync=0.701 s, total=2.771 s; sync files=6, longest=0.445 s, average=0.117 s; distance=540670 kB, estimate=610476 kB; lsn=97/56402600, redo lsn=97/34402D40
2026-09-26 19:49:39.444 UTC [27] LOG:  checkpoints are occurring too frequently (3 seconds apart)
2026-09-26 19:49:39.444 UTC [27] HINT:  Consider increasing the configuration parameter "max_wal_size".
2026-09-26 19:49:39.444 UTC [27] LOG:  checkpoint starting: wal
2026-09-26 19:49:42.883 UTC [27] LOG:  checkpoint complete: wrote 2061 buffers (12.6%); 0 WAL file(s) added, 7 removed, 31 recycled; write=2.162 s, sync=0.774 s, total=3.439 s; sync files=7, longest=0.544 s, average=0.111 s; distance=618750 kB, estimate=618750 kB; lsn=97/7A40D120, redo lsn=97/5A0425C0
2026-09-26 19:49:42.883 UTC [27] LOG:  checkpoints are occurring too frequently (3 seconds apart)
2026-09-26 19:49:42.883 UTC [27] HINT:  Consider increasing the configuration parameter "max_wal_size".
2026-09-26 19:49:42.883 UTC [27] LOG:  checkpoint starting: wal
2026-09-26 19:49:46.126 UTC [27] LOG:  checkpoint complete: wrote 1961 buffers (12.0%); 0 WAL file(s) added, 5 removed, 31 recycled; write=2.059 s, sync=0.760 s, total=3.244 s; sync files=6, longest=0.528 s, average=0.127 s; distance=595231 kB, estimate=616398 kB; lsn=97/9E6236C8, redo lsn=97/7E58A4D8
2026-09-26 19:49:46.127 UTC [27] LOG:  checkpoints are occurring too frequently (4 seconds apart)
2026-09-26 19:49:46.127 UTC [27] HINT:  Consider increasing the configuration parameter "max_wal_size".
2026-09-26 19:49:46.127 UTC [27] LOG:  checkpoint starting: wal
2026-09-26 19:49:49.519 UTC [27] LOG:  checkpoint complete: wrote 1831 buffers (11.2%); 0 WAL file(s) added, 5 removed, 31 recycled; write=2.106 s, sync=0.845 s, total=3.393 s; sync files=6, longest=0.582 s, average=0.141 s; distance=588292 kB, estimate=613587 kB; lsn=97/C2404C88, redo lsn=97/A240B500
2026-09-26 19:49:49.519 UTC [27] LOG:  checkpoints are occurring too frequently (3 seconds apart)
2026-09-26 19:49:49.519 UTC [27] HINT:  Consider increasing the configuration parameter "max_wal_size".
2026-09-26 19:49:49.519 UTC [27] LOG:  checkpoint starting: wal
2026-09-26 19:49:52.810 UTC [27] LOG:  checkpoint complete: wrote 1728 buffers (10.5%); 0 WAL file(s) added, 5 removed, 31 recycled; write=2.033 s, sync=0.766 s, total=3.291 s; sync files=6, longest=0.529 s, average=0.128 s; distance=589519 kB, estimate=611180 kB; lsn=97/E6401B20, redo lsn=97/C63BF118
2026-09-26 19:49:52.811 UTC [27] LOG:  checkpoints are occurring too frequently (3 seconds apart)
2026-09-26 19:49:52.811 UTC [27] HINT:  Consider increasing the configuration parameter "max_wal_size".
2026-09-26 19:49:52.811 UTC [27] LOG:  checkpoint starting: wal
2026-09-26 19:49:57.011 UTC [27] LOG:  checkpoint complete: wrote 1840 buffers (11.2%); 0 WAL file(s) added, 5 removed, 31 recycled; write=2.962 s, sync=0.808 s, total=4.201 s; sync files=15, longest=0.573 s, average=0.054 s; distance=592318 kB, estimate=609294 kB; lsn=98/A97F9F0, redo lsn=97/EA62EA40
2026-09-26 19:49:57.011 UTC [27] LOG:  checkpoints are occurring too frequently (5 seconds apart)
2026-09-26 19:49:57.011 UTC [27] HINT:  Consider increasing the configuration parameter "max_wal_size".
2026-09-26 19:49:57.011 UTC [27] LOG:  checkpoint starting: wal
2026-09-26 19:50:00.284 UTC [27] LOG:  checkpoint complete: wrote 1869 buffers (11.4%); 0 WAL file(s) added, 4 removed, 32 recycled; write=2.698 s, sync=0.092 s, total=3.273 s; sync files=7, longest=0.032 s, average=0.014 s; distance=591616 kB, estimate=607526 kB; lsn=98/2D400090, redo lsn=98/E7EEDE8
2026-09-26 19:50:00.284 UTC [27] LOG:  checkpoints are occurring too frequently (3 seconds apart)
2026-09-26 19:50:00.284 UTC [27] HINT:  Consider increasing the configuration parameter "max_wal_size".
2026-09-26 19:50:00.284 UTC [27] LOG:  checkpoint starting: wal
2026-09-26 19:50:03.493 UTC [27] LOG:  checkpoint complete: wrote 1910 buffers (11.7%); 0 WAL file(s) added, 4 removed, 31 recycled; write=2.056 s, sync=0.719 s, total=3.210 s; sync files=6, longest=0.479 s, average=0.120 s; distance=572814 kB, estimate=604055 kB; lsn=98/5140BCE8, redo lsn=98/317529A8
2026-09-26 19:50:03.494 UTC [27] LOG:  checkpoints are occurring too frequently (3 seconds apart)
2026-09-26 19:50:03.494 UTC [27] HINT:  Consider increasing the configuration parameter "max_wal_size".
2026-09-26 19:50:03.494 UTC [27] LOG:  checkpoint starting: wal
2026-09-26 19:50:06.747 UTC [27] LOG:  checkpoint complete: wrote 1946 buffers (11.9%); 0 WAL file(s) added, 5 removed, 31 recycled; write=2.036 s, sync=0.746 s, total=3.254 s; sync files=6, longest=0.524 s, average=0.125 s; distance=586360 kB, estimate=602286 kB; lsn=98/754C0020, redo lsn=98/553F0A58
2026-09-26 19:50:06.747 UTC [27] LOG:  checkpoints are occurring too frequently (3 seconds apart)
2026-09-26 19:50:06.747 UTC [27] HINT:  Consider increasing the configuration parameter "max_wal_size".
2026-09-26 19:50:06.747 UTC [27] LOG:  checkpoint starting: wal
2026-09-26 19:50:09.969 UTC [27] LOG:  checkpoint complete: wrote 2061 buffers (12.6%); 0 WAL file(s) added, 5 removed, 31 recycled; write=2.037 s, sync=0.759 s, total=3.222 s; sync files=7, longest=0.483 s, average=0.109 s; distance=587404 kB, estimate=600797 kB; lsn=98/9940DF90, redo lsn=98/79193B98
2026-09-26 19:50:09.970 UTC [27] LOG:  checkpoints are occurring too frequently (3 seconds apart)
2026-09-26 19:50:09.970 UTC [27] HINT:  Consider increasing the configuration parameter "max_wal_size".
2026-09-26 19:50:09.971 UTC [27] LOG:  checkpoint starting: wal
2026-09-26 19:50:13.215 UTC [27] LOG:  checkpoint complete: wrote 2014 buffers (12.3%); 0 WAL file(s) added, 5 removed, 31 recycled; write=2.032 s, sync=0.750 s, total=3.246 s; sync files=6, longest=0.545 s, average=0.125 s; distance=592299 kB, estimate=599948 kB; lsn=98/BDA14040, redo lsn=98/9D3FEAA8
2026-09-26 19:50:13.215 UTC [27] LOG:  checkpoints are occurring too frequently (4 seconds apart)
2026-09-26 19:50:13.215 UTC [27] HINT:  Consider increasing the configuration parameter "max_wal_size".
2026-09-26 19:50:13.215 UTC [27] LOG:  checkpoint starting: wal
2026-09-26 19:50:16.443 UTC [27] LOG:  checkpoint complete: wrote 2055 buffers (12.5%); 0 WAL file(s) added, 5 removed, 31 recycled; write=1.962 s, sync=0.804 s, total=3.228 s; sync files=6, longest=0.571 s, average=0.134 s; distance=594519 kB, estimate=599405 kB; lsn=98/E155B5E8, redo lsn=98/C1894A70
2026-09-26 19:50:16.443 UTC [27] LOG:  checkpoints are occurring too frequently (3 seconds apart)
2026-09-26 19:50:16.443 UTC [27] HINT:  Consider increasing the configuration parameter "max_wal_size".
2026-09-26 19:50:16.443 UTC [27] LOG:  checkpoint starting: wal
2026-09-26 19:50:19.749 UTC [27] LOG:  checkpoint complete: wrote 1866 buffers (11.4%); 0 WAL file(s) added, 5 removed, 31 recycled; write=1.961 s, sync=0.846 s, total=3.306 s; sync files=7, longest=0.549 s, average=0.121 s; distance=590006 kB, estimate=598465 kB; lsn=99/57AC7A8, redo lsn=98/E58C2278
2026-09-26 19:50:19.749 UTC [27] LOG:  checkpoints are occurring too frequently (3 seconds apart)
2026-09-26 19:50:19.749 UTC [27] HINT:  Consider increasing the configuration parameter "max_wal_size".
2026-09-26 19:50:19.749 UTC [27] LOG:  checkpoint starting: wal
2026-09-26 19:50:23.051 UTC [27] LOG:  checkpoint complete: wrote 1968 buffers (12.0%); 0 WAL file(s) added, 6 removed, 30 recycled; write=2.122 s, sync=0.756 s, total=3.303 s; sync files=6, longest=0.519 s, average=0.126 s; distance=594772 kB, estimate=598096 kB; lsn=99/2A401920, redo lsn=99/9D974F8
2026-09-26 19:50:23.051 UTC [27] LOG:  checkpoints are occurring too frequently (4 seconds apart)
2026-09-26 19:50:23.051 UTC [27] HINT:  Consider increasing the configuration parameter "max_wal_size".
2026-09-26 19:50:23.051 UTC [27] LOG:  checkpoint starting: wal
2026-09-26 19:50:29.289 UTC [27] LOG:  checkpoint complete: wrote 2020 buffers (12.3%); 0 WAL file(s) added, 6 removed, 31 recycled; write=2.050 s, sync=3.658 s, total=6.238 s; sync files=6, longest=3.402 s, average=0.610 s; distance=594001 kB, estimate=597686 kB; lsn=99/4E402620, redo lsn=99/2E1ABB00
2026-09-26 19:50:29.289 UTC [27] LOG:  checkpoints are occurring too frequently (6 seconds apart)
2026-09-26 19:50:29.289 UTC [27] HINT:  Consider increasing the configuration parameter "max_wal_size".
2026-09-26 19:50:29.289 UTC [27] LOG:  checkpoint starting: wal
2026-09-26 19:50:33.657 UTC [27] LOG:  checkpoint complete: wrote 1780 buffers (10.9%); 0 WAL file(s) added, 4 removed, 32 recycled; write=3.388 s, sync=0.528 s, total=4.368 s; sync files=7, longest=0.288 s, average=0.076 s; distance=598423 kB, estimate=598423 kB; lsn=99/71211CE8, redo lsn=99/52A118C0
2026-09-26 19:50:34.376 UTC [27] LOG:  checkpoints are occurring too frequently (5 seconds apart)
2026-09-26 19:50:34.376 UTC [27] HINT:  Consider increasing the configuration parameter "max_wal_size".
2026-09-26 19:50:34.376 UTC [27] LOG:  checkpoint starting: wal
2026-09-26 19:50:51.812 UTC [27] LOG:  checkpoint complete: wrote 939 buffers (5.7%); 0 WAL file(s) added, 0 removed, 33 recycled; write=16.771 s, sync=0.326 s, total=17.437 s; sync files=1, longest=0.325 s, average=0.325 s; distance=531590 kB, estimate=591740 kB; lsn=99/90CE08C8, redo lsn=99/73133298
2026-09-26 19:51:05.023 UTC [27] LOG:  checkpoint starting: wal
2026-09-26 19:51:15.893 UTC [27] LOG:  checkpoint complete: wrote 911 buffers (5.6%); 0 WAL file(s) added, 1 removed, 32 recycled; write=10.105 s, sync=0.338 s, total=10.870 s; sync files=4, longest=0.310 s, average=0.085 s; distance=539505 kB, estimate=586516 kB; lsn=99/B3400108, redo lsn=99/9400F778
2026-09-26 19:51:15.893 UTC [27] LOG:  checkpoints are occurring too frequently (10 seconds apart)
2026-09-26 19:51:15.893 UTC [27] HINT:  Consider increasing the configuration parameter "max_wal_size".
2026-09-26 19:51:15.894 UTC [27] LOG:  checkpoint starting: wal
2026-09-26 19:51:18.843 UTC [27] LOG:  checkpoint complete: wrote 5036 buffers (30.7%); 0 WAL file(s) added, 3 removed, 31 recycled; write=1.907 s, sync=0.618 s, total=2.950 s; sync files=7, longest=0.391 s, average=0.089 s; distance=565388 kB, estimate=584403 kB; lsn=99/D6402518, redo lsn=99/B6832838
2026-09-26 19:51:18.844 UTC [27] LOG:  checkpoints are occurring too frequently (3 seconds apart)
2026-09-26 19:51:18.844 UTC [27] HINT:  Consider increasing the configuration parameter "max_wal_size".
2026-09-26 19:51:18.844 UTC [27] LOG:  checkpoint starting: wal
2026-09-26 19:51:25.411 UTC [27] LOG:  checkpoint complete: wrote 1895 buffers (11.6%); 0 WAL file(s) added, 8 removed, 28 recycled; write=2.107 s, sync=3.955 s, total=6.568 s; sync files=6, longest=3.634 s, average=0.660 s; distance=592859 kB, estimate=592859 kB; lsn=99/FD403770, redo lsn=99/DAB29518
2026-09-26 19:51:25.411 UTC [27] LOG:  checkpoints are occurring too frequently (7 seconds apart)
2026-09-26 19:51:25.411 UTC [27] HINT:  Consider increasing the configuration parameter "max_wal_size".
2026-09-26 19:51:25.411 UTC [27] LOG:  checkpoint starting: wal
2026-09-26 19:51:28.799 UTC [27] LOG:  checkpoint complete: wrote 1864 buffers (11.4%); 0 WAL file(s) added, 9 removed, 30 recycled; write=2.116 s, sync=0.749 s, total=3.388 s; sync files=7, longest=0.501 s, average=0.107 s; distance=629496 kB, estimate=629496 kB; lsn=9A/22401180, redo lsn=9A/11E75E0
2026-09-26 19:51:28.799 UTC [27] LOG:  checkpoints are occurring too frequently (3 seconds apart)
2026-09-26 19:51:28.799 UTC [27] HINT:  Consider increasing the configuration parameter "max_wal_size".
2026-09-26 19:51:28.799 UTC [27] LOG:  checkpoint starting: wal
2026-09-26 19:51:32.091 UTC [27] LOG:  checkpoint complete: wrote 1966 buffers (12.0%); 0 WAL file(s) added, 7 removed, 30 recycled; write=2.134 s, sync=0.718 s, total=3.292 s; sync files=6, longest=0.499 s, average=0.120 s; distance=610348 kB, estimate=627581 kB; lsn=9A/470FF240, redo lsn=9A/265F2658
2026-09-26 19:51:32.091 UTC [27] LOG:  checkpoints are occurring too frequently (4 seconds apart)
2026-09-26 19:51:32.091 UTC [27] HINT:  Consider increasing the configuration parameter "max_wal_size".
2026-09-26 19:51:32.091 UTC [27] LOG:  checkpoint starting: wal
2026-09-26 19:51:35.651 UTC [27] LOG:  checkpoint complete: wrote 2045 buffers (12.5%); 0 WAL file(s) added, 6 removed, 30 recycled; write=2.168 s, sync=0.877 s, total=3.561 s; sync files=6, longest=0.630 s, average=0.147 s; distance=597702 kB, estimate=624593 kB; lsn=9A/6B4021B0, redo lsn=9A/4ADA3F78
2026-09-26 19:51:35.652 UTC [27] LOG:  checkpoints are occurring too frequently (3 seconds apart)
2026-09-26 19:51:35.652 UTC [27] HINT:  Consider increasing the configuration parameter "max_wal_size".
2026-09-26 19:51:35.652 UTC [27] LOG:  checkpoint starting: wal
2026-09-26 19:51:38.749 UTC [27] LOG:  checkpoint complete: wrote 1905 buffers (11.6%); 0 WAL file(s) added, 6 removed, 31 recycled; write=2.041 s, sync=0.638 s, total=3.098 s; sync files=6, longest=0.422 s, average=0.107 s; distance=598414 kB, estimate=621975 kB; lsn=9A/8F402388, redo lsn=9A/6F607838
2026-09-26 19:51:38.749 UTC [27] LOG:  checkpoints are occurring too frequently (3 seconds apart)
2026-09-26 19:51:38.749 UTC [27] HINT:  Consider increasing the configuration parameter "max_wal_size".
2026-09-26 19:51:38.749 UTC [27] LOG:  checkpoint starting: wal
2026-09-26 19:51:42.087 UTC [27] LOG:  checkpoint complete: wrote 1905 buffers (11.6%); 0 WAL file(s) added, 5 removed, 31 recycled; write=2.111 s, sync=0.793 s, total=3.339 s; sync files=7, longest=0.551 s, average=0.114 s; distance=585976 kB, estimate=618375 kB; lsn=9A/B3402BA0, redo lsn=9A/93245AC0
2026-09-26 19:51:42.088 UTC [27] LOG:  checkpoints are occurring too frequently (4 seconds apart)
2026-09-26 19:51:42.088 UTC [27] HINT:  Consider increasing the configuration parameter "max_wal_size".
2026-09-26 19:51:42.089 UTC [27] LOG:  checkpoint starting: wal
2026-09-26 19:51:45.371 UTC [27] LOG:  checkpoint complete: wrote 1986 buffers (12.1%); 0 WAL file(s) added, 5 removed, 31 recycled; write=2.014 s, sync=0.787 s, total=3.283 s; sync files=6, longest=0.559 s, average=0.132 s; distance=591591 kB, estimate=615697 kB; lsn=9A/D74033E8, redo lsn=9A/B73FF968
2026-09-26 19:51:45.371 UTC [27] LOG:  checkpoints are occurring too frequently (3 seconds apart)
2026-09-26 19:51:45.371 UTC [27] HINT:  Consider increasing the configuration parameter "max_wal_size".
2026-09-26 19:51:45.371 UTC [27] LOG:  checkpoint starting: wal
2026-09-26 19:51:48.903 UTC [27] LOG:  checkpoint complete: wrote 2064 buffers (12.6%); 0 WAL file(s) added, 5 removed, 31 recycled; write=2.511 s, sync=0.617 s, total=3.533 s; sync files=6, longest=0.426 s, average=0.103 s; distance=591602 kB, estimate=613287 kB; lsn=9A/FB402288, redo lsn=9A/DB5BC230
2026-09-26 19:51:48.903 UTC [27] LOG:  checkpoints are occurring too frequently (3 seconds apart)
2026-09-26 19:51:48.903 UTC [27] HINT:  Consider increasing the configuration parameter "max_wal_size".
2026-09-26 19:51:48.903 UTC [27] LOG:  checkpoint starting: wal
2026-09-26 19:51:55.201 UTC [27] LOG:  checkpoint complete: wrote 1815 buffers (11.1%); 0 WAL file(s) added, 5 removed, 30 recycled; write=5.213 s, sync=0.674 s, total=6.298 s; sync files=6, longest=0.470 s, average=0.113 s; distance=580014 kB, estimate=609960 kB; lsn=9B/1F4017C8, redo lsn=9A/FEC27E00
2026-09-26 19:51:55.201 UTC [27] LOG:  checkpoints are occurring too frequently (7 seconds apart)
2026-09-26 19:51:55.201 UTC [27] HINT:  Consider increasing the configuration parameter "max_wal_size".
2026-09-26 19:51:55.201 UTC [27] LOG:  checkpoint starting: wal
2026-09-26 19:51:58.609 UTC [27] LOG:  checkpoint complete: wrote 2042 buffers (12.5%); 0 WAL file(s) added, 6 removed, 30 recycled; write=2.090 s, sync=0.824 s, total=3.408 s; sync files=7, longest=0.549 s, average=0.118 s; distance=588724 kB, estimate=607836 kB; lsn=9B/43402370, redo lsn=9B/22B14EA8
2026-09-26 19:51:58.609 UTC [27] LOG:  checkpoints are occurring too frequently (3 seconds apart)
2026-09-26 19:51:58.609 UTC [27] HINT:  Consider increasing the configuration parameter "max_wal_size".
2026-09-26 19:51:58.616 UTC [27] LOG:  checkpoint starting: wal
2026-09-26 19:52:01.901 UTC [27] LOG:  checkpoint complete: wrote 1984 buffers (12.1%); 0 WAL file(s) added, 6 removed, 31 recycled; write=2.081 s, sync=0.792 s, total=3.292 s; sync files=6, longest=0.575 s, average=0.132 s; distance=598957 kB, estimate=606948 kB; lsn=9B/674013A8, redo lsn=9B/474005F8
2026-09-26 19:52:01.902 UTC [27] LOG:  checkpoints are occurring too frequently (3 seconds apart)
2026-09-26 19:52:01.902 UTC [27] HINT:  Consider increasing the configuration parameter "max_wal_size".
2026-09-26 19:52:01.902 UTC [27] LOG:  checkpoint starting: wal
2026-09-26 19:52:05.132 UTC [27] LOG:  checkpoint complete: wrote 2071 buffers (12.6%); 0 WAL file(s) added, 5 removed, 31 recycled; write=2.075 s, sync=0.719 s, total=3.231 s; sync files=6, longest=0.477 s, average=0.120 s; distance=586675 kB, estimate=604921 kB; lsn=9B/8B4028B8, redo lsn=9B/6B0ED4A0
2026-09-26 19:52:05.132 UTC [27] LOG:  checkpoints are occurring too frequently (4 seconds apart)
2026-09-26 19:52:05.132 UTC [27] HINT:  Consider increasing the configuration parameter "max_wal_size".
2026-09-26 19:52:05.132 UTC [27] LOG:  checkpoint starting: wal
2026-09-26 19:52:08.404 UTC [27] LOG:  checkpoint complete: wrote 1844 buffers (11.3%); 0 WAL file(s) added, 5 removed, 31 recycled; write=2.052 s, sync=0.738 s, total=3.272 s; sync files=6, longest=0.484 s, average=0.123 s; distance=592301 kB, estimate=603659 kB; lsn=9B/AF402C70, redo lsn=9B/8F358AF0
2026-09-26 19:52:08.404 UTC [27] LOG:  checkpoints are occurring too frequently (3 seconds apart)
2026-09-26 19:52:08.404 UTC [27] HINT:  Consider increasing the configuration parameter "max_wal_size".
2026-09-26 19:52:08.405 UTC [27] LOG:  checkpoint starting: wal
2026-09-26 19:52:11.588 UTC [27] LOG:  checkpoint complete: wrote 2019 buffers (12.3%); 0 WAL file(s) added, 5 removed, 31 recycled; write=2.046 s, sync=0.669 s, total=3.185 s; sync files=7, longest=0.440 s, average=0.096 s; distance=590487 kB, estimate=602342 kB; lsn=9B/D33C49C8, redo lsn=9B/B33FE9C0
2026-09-26 19:52:11.588 UTC [27] LOG:  checkpoints are occurring too frequently (3 seconds apart)
2026-09-26 19:52:11.588 UTC [27] HINT:  Consider increasing the configuration parameter "max_wal_size".
2026-09-26 19:52:11.588 UTC [27] LOG:  checkpoint starting: wal
2026-09-26 19:52:14.760 UTC [27] LOG:  checkpoint complete: wrote 1938 buffers (11.8%); 0 WAL file(s) added, 5 removed, 31 recycled; write=2.010 s, sync=0.732 s, total=3.172 s; sync files=6, longest=0.505 s, average=0.122 s; distance=590770 kB, estimate=601185 kB; lsn=9B/F7403900, redo lsn=9B/D74EB268
2026-09-26 19:52:14.760 UTC [27] LOG:  checkpoints are occurring too frequently (3 seconds apart)
2026-09-26 19:52:14.760 UTC [27] HINT:  Consider increasing the configuration parameter "max_wal_size".
2026-09-26 19:52:14.780 UTC [27] LOG:  checkpoint starting: wal
2026-09-26 19:52:21.204 UTC [27] LOG:  checkpoint complete: wrote 1905 buffers (11.6%); 0 WAL file(s) added, 4 removed, 32 recycled; write=5.890 s, sync=0.049 s, total=6.444 s; sync files=6, longest=0.024 s, average=0.009 s; distance=588882 kB, estimate=599954 kB; lsn=9C/1A039A60, redo lsn=9B/FB3FFE48
2026-09-26 19:52:21.204 UTC [27] LOG:  checkpoints are occurring too frequently (7 seconds apart)
2026-09-26 19:52:21.204 UTC [27] HINT:  Consider increasing the configuration parameter "max_wal_size".
2026-09-26 19:52:21.204 UTC [27] LOG:  checkpoint starting: wal
2026-09-26 19:52:24.395 UTC [27] LOG:  checkpoint complete: wrote 1864 buffers (11.4%); 0 WAL file(s) added, 4 removed, 31 recycled; write=2.028 s, sync=0.714 s, total=3.191 s; sync files=6, longest=0.506 s, average=0.119 s; distance=572842 kB, estimate=597243 kB; lsn=9C/3E400D90, redo lsn=9C/1E36A710
2026-09-26 19:52:24.395 UTC [27] LOG:  checkpoints are occurring too frequently (3 seconds apart)
2026-09-26 19:52:24.395 UTC [27] HINT:  Consider increasing the configuration parameter "max_wal_size".
2026-09-26 19:52:24.395 UTC [27] LOG:  checkpoint starting: wal
2026-09-26 19:52:27.628 UTC [27] LOG:  checkpoint complete: wrote 1836 buffers (11.2%); 0 WAL file(s) added, 5 removed, 30 recycled; write=2.012 s, sync=0.821 s, total=3.233 s; sync files=6, longest=0.568 s, average=0.137 s; distance=584456 kB, estimate=595964 kB; lsn=9C/624027F0, redo lsn=9C/41E2C7A0
2026-09-26 19:52:27.628 UTC [27] LOG:  checkpoints are occurring too frequently (3 seconds apart)
2026-09-26 19:52:27.628 UTC [27] HINT:  Consider increasing the configuration parameter "max_wal_size".
2026-09-26 19:52:27.628 UTC [27] LOG:  checkpoint starting: wal
2026-09-26 19:52:30.832 UTC [27] LOG:  checkpoint complete: wrote 1905 buffers (11.6%); 0 WAL file(s) added, 6 removed, 30 recycled; write=2.082 s, sync=0.747 s, total=3.204 s; sync files=7, longest=0.504 s, average=0.107 s; distance=590860 kB, estimate=595454 kB; lsn=9C/86402F40, redo lsn=9C/65F2F7A8
2026-09-26 19:52:30.833 UTC [27] LOG:  checkpoints are occurring too frequently (3 seconds apart)
2026-09-26 19:52:30.833 UTC [27] HINT:  Consider increasing the configuration parameter "max_wal_size".
2026-09-26 19:52:30.833 UTC [27] LOG:  checkpoint starting: wal
